time_seconds,abdominal_ecg
0.0,0.06758041738670179
0.002,-0.07745010322919768
0.004,-0.02756912073828016
0.006,0.033129445657543055
0.008,0.00461798766893548
0.01,-0.011685474243871459
0.012,0.03270341608382841
0.014,-0.06626808226650292
0.016,-0.045950809979135504
0.018000000000000002,0.006469518240455973
0.02,0.007355689604410107
0.022,0.0122067660544215
0.024,-0.011737798089521415
0.026000000000000002,0.0027588358889429447
0.028,-0.028229371669262263
0.03,0.0947535330350186
0.032,0.008328535231927453
0.034,-0.09364552147344042
0.036000000000000004,-0.020041107970021302
0.038,-0.029926458797828584
0.04,-0.07626000979188254
0.042,0.04516197783230586
0.044,0.06353688288350437
0.046,-0.005951742307764792
0.048,0.020179352300696424
0.05,-0.0549885165246596
0.052000000000000005,-0.02493762194089362
0.054,-0.00845504302461376
0.056,-0.032259216284117424
0.058,-0.036792644943869066
0.06,0.009660995521538727
0.062,-0.019974950533697085
0.064,-0.003718615947168418
0.066,-0.0524003191479499
0.068,0.024542410535340602
0.07,0.0048703176491306545
0.07200000000000001,-0.051765405171015744
0.074,-0.03880791250850673
0.076,0.0026944767251054266
0.078,0.033955589202184035
0.08,-0.045390698247259074
0.082,-0.015306035599138353
0.084,0.027703066628459637
0.08600000000000001,0.0759959957235416
0.088,-0.02972130477296718
0.09,0.04178179754046733
0.092,0.09485104047547917
0.094,0.011731723527275464
0.096,-0.043168767180660414
0.098,-0.07883029327886275
0.1,0.09689273088826136
0.10200000000000001,0.04114650775489464
0.10400000000000001,0.052767680062054956
0.106,-0.018962981583994502
0.108,0.11220811592418166
0.11,0.054105155080261876
0.112,0.05502595843518877
0.114,-0.06740693851819889
0.116,-0.041234127393276546
0.11800000000000001,0.06288936160368591
0.12,0.05989341616045332
0.122,-0.013289269379544368
0.124,0.0382172804474789
0.126,0.027067491889061802
0.128,0.024342205935751045
0.13,-0.03179529405300826
0.132,0.013471818788310035
0.134,0.05391560380855488
0.136,0.050193619439795875
0.138,0.02793907795091212
0.14,-0.061664655294279655
0.14200000000000002,0.01997238814080718
0.14400000000000002,-0.004960847649105149
0.146,0.1485655706173484
0.148,0.008834167073387422
0.15,-0.002104995194513567
0.152,0.025077595277567123
0.154,0.04254058039959921
0.156,0.03675418924939047
0.158,0.0815545299594783
0.16,0.05467572778763055
0.162,0.05840974963565673
0.164,0.10927304461035527
0.166,0.0456871629024304
0.168,0.02715742732932942
0.17,0.06735918209329536
0.17200000000000001,-0.08651630697510423
0.17400000000000002,-0.047371640116053965
0.176,0.016327761274336727
0.178,0.05650481665125662
0.18,-0.023912033552132943
0.182,0.07196609766854405
0.184,0.07111345666092589
0.186,-0.01632159216649757
0.188,-0.0682743479957019
0.19,0.008325832615044826
0.192,-0.031513563089703385
0.194,-0.005504057969944694
0.196,0.05682094510306774
0.198,0.08758194985242491
0.2,0.0026246136156540326
0.202,0.11261566411120824
0.20400000000000001,0.015773845637689576
0.20600000000000002,0.07435157989240242
0.20800000000000002,0.019735651041621893
0.21,0.04276113359543271
0.212,0.05762194421071476
0.214,-0.029141969245449935
0.216,0.0037078527644169683
0.218,-0.0022652471095361976
0.22,0.07209621728886967
0.222,0.10199701262845844
0.224,0.04374784878796649
0.226,0.04503820859246586
0.228,0.10433636364073312
0.23,0.04041292353415625
0.232,0.029748006803114218
0.234,-0.00724681085734262
0.23600000000000002,-0.0072345157598788165
0.23800000000000002,0.0029351475405031517
0.24,0.04050174394944353
0.242,0.07160163460798487
0.244,0.13266312568214134
0.246,0.03694714032019132
0.248,0.04642542773618843
0.25,0.013161477269504732
0.252,0.050685053475740004
0.254,0.03896605253573346
0.256,-0.029448761505217563
0.258,-0.006578909947676702
0.26,0.15969218644785652
0.262,0.020613139774439647
0.264,0.06696223141235838
0.266,0.019541627970171206
0.268,0.040070838525700106
0.27,0.024343400212437916
0.272,0.039180095520337126
0.274,-0.0017769463886604282
0.276,-0.01048944162260615
0.278,0.05775631334199281
0.28,0.06412371524709104
0.28200000000000003,0.0449110469759034
0.28400000000000003,0.04441986136844148
0.28600000000000003,0.04030515408120668
0.28800000000000003,0.04243748102225753
0.29,0.07251153326264939
0.292,-0.027759538302948764
0.294,0.05768878496063939
0.296,0.04068359949216264
0.298,-0.01724257059998982
0.3,-0.024563194661000133
0.302,0.11298036884703738
0.304,0.032425337575449055
0.306,0.12604874151562434
0.308,0.05591985923607118
0.31,0.03147314968897881
0.312,0.07907326411954904
0.314,0.10134693793996229
0.316,0.03429268655442344
0.318,0.10470154235876225
0.32,-0.0036711340459755215
0.322,0.12652459777404576
0.324,0.05788246570439245
0.326,0.017916027110413076
0.328,0.04437656935447996
0.33,-0.013855141817922398
0.332,0.011414970612051892
0.334,0.05726802769946385
0.336,0.05032316548075008
0.338,-0.039297604375364135
0.34,0.041092058955003924
0.342,0.06275325177747383
0.34400000000000003,0.01842741653492678
0.34600000000000003,0.06132187639269494
0.34800000000000003,0.07616712018482366
0.35000000000000003,0.0006826182494958921
0.352,0.008012349112415072
0.354,0.0028869230398257603
0.356,-0.001392845076482574
0.358,0.0872470731309598
0.36,0.05989304434589233
0.362,0.13468320272752576
0.364,0.18046538591093403
0.366,0.009553828463448502
0.368,0.04291724478076589
0.37,-0.003627346843953397
0.372,0.057400540454320824
0.374,0.032758243204143334
0.376,0.10482786643189891
0.378,0.10809590722216159
0.38,0.1327509314445384
0.382,0.13630412666554825
0.384,0.10254872153599892
0.386,0.11422463966704305
0.388,0.04237472710775138
0.39,0.0559345660917028
0.392,0.018404679986989022
0.394,0.07922054673800635
0.396,-0.03237896684496676
0.398,0.08597818219297802
0.4,0.02390935189927518
0.402,-0.030729937594240087
0.404,0.053295538004022425
0.406,0.07952151144858281
0.40800000000000003,0.05875143678982152
0.41000000000000003,-0.02141705467369833
0.41200000000000003,0.08193126755311407
0.41400000000000003,-0.01535897877393333
0.41600000000000004,0.08810352954150255
0.418,0.13131685288648887
0.42,0.19783952307680938
0.422,0.12313620741512263
0.424,0.1999194922423378
0.426,0.2194012224035651
0.428,0.24086447979787268
0.43,0.2499406943321974
0.432,0.20902602041381385
0.434,0.27152595797816265
0.436,0.19333672363411714
0.438,0.07522503843666631
0.44,0.16467146407202515
0.442,0.173603480511169
0.444,0.10669639724993314
0.446,0.021347892093493206
0.448,0.04871240910956415
0.45,0.0846953072108676
0.452,0.04957107611871552
0.454,0.027570774581329047
0.456,0.020153827324983196
0.458,0.03670274259136402
0.46,0.015094424187380932
0.462,0.00603995509221783
0.464,0.05139947913685959
0.466,0.12971955294336768
0.468,0.08081829236996635
0.47000000000000003,0.04974412151013203
0.47200000000000003,0.08791098421768476
0.47400000000000003,0.051965621245701546
0.47600000000000003,0.13860355011109624
0.47800000000000004,0.07244667192227502
0.48,0.05786358569091369
0.482,0.11263757168109717
0.484,0.1888397340888724
0.486,0.08446826691628732
0.488,0.12194462231016581
0.49,0.07718892748092179
0.492,0.08717651956438485
0.494,-0.02329542380732523
0.496,0.0698977284993617
0.498,-0.027841592443687252
0.5,0.08135467529500764
0.502,0.10008363215094385
0.504,0.04928712370524964
0.506,0.19253214110486655
0.508,0.0923957162801625
0.51,0.06596277505902166
0.512,0.06906789390921503
0.514,0.07696851502595219
0.516,0.05878258871736179
0.518,0.03194376420588502
0.52,0.1399295821254004
0.522,0.08440539255007327
0.524,0.08628027954291127
0.526,-0.004741654506750348
0.528,0.1146096567057931
0.53,0.11652212920069173
0.532,0.07422962711774436
0.534,0.0015706834326894292
0.536,0.0742511255880149
0.538,0.07393250206981279
0.54,0.09144654286318692
0.542,0.08005824306022213
0.544,0.1646182012643769
0.546,0.0550125005208609
0.548,0.1352331930533761
0.55,0.045739444670555955
0.552,0.0702447926387362
0.554,0.06899768018935748
0.556,0.08161501033121711
0.558,0.09647667825752096
0.56,0.12196506935226963
0.562,0.038018987257394124
0.5640000000000001,0.16026976498396184
0.5660000000000001,0.11164659182983586
0.5680000000000001,0.10196131997980598
0.5700000000000001,0.00325939509097517
0.5720000000000001,0.0741272244856119
0.5740000000000001,0.09345142100280979
0.5760000000000001,0.03486554610273453
0.578,0.05071854012939116
0.58,0.16799379774162743
0.582,0.1158747407218353
0.584,0.07545591472283168
0.586,0.20030717035060347
0.588,0.007875965012579311
0.59,0.11223021265173017
0.592,0.11619338784273324
0.594,0.03890833886669698
0.596,0.1112397806226818
0.598,0.07371234910538997
0.6,0.1113298219246791
0.602,0.11028635623816546
0.604,0.12514312851946346
0.606,-0.01641481044930823
0.608,0.17259476350461922
0.61,0.16288784395004957
0.612,0.1483444096550119
0.614,0.06438632005555367
0.616,0.13881075695954623
0.618,0.06986728573602705
0.62,0.21278489288070424
0.622,0.23191642182044456
0.624,0.1846112319898827
0.626,0.13706006804936177
0.628,0.1193654706266376
0.63,0.14551622156137048
0.632,-0.02034917035331535
0.634,0.04469490061832084
0.636,0.19161151088793082
0.638,0.1018185233644334
0.64,0.07123341956617371
0.642,0.05274010744449652
0.644,0.0839527799690798
0.646,0.07913652377191342
0.648,0.13041181643416916
0.65,0.15815909638507192
0.652,0.1819419688693607
0.654,0.03424467705626279
0.656,0.1143773177760404
0.658,0.119009646961106
0.66,0.08723224194819283
0.662,0.18876823977215462
0.664,0.07307228878292907
0.666,0.1585846130738632
0.668,0.09501616746593264
0.67,0.17141099053521952
0.672,0.14693703694364646
0.674,0.24647151551765825
0.676,0.24631862430647725
0.678,0.3366617143547054
0.68,0.38034880571522933
0.682,0.6100342379893516
0.684,0.5812543324483664
0.686,0.7720024911286667
0.6880000000000001,0.8300078879728581
0.6900000000000001,0.8117402333919674
0.6920000000000001,0.9691477055208232
0.6940000000000001,1.014052445936067
0.6960000000000001,1.0269568944947975
0.6980000000000001,0.9861582529191104
0.7000000000000001,1.2111516481600426
0.7020000000000001,1.1176281182338361
0.704,0.9817942425498198
0.706,1.089615236963918
0.708,0.9967580966184304
0.71,0.9542193296337341
0.712,0.8084307243056728
0.714,0.6905180163409053
0.716,0.567389309901244
0.718,0.5106838717655998
0.72,0.45046576025936
0.722,0.3902091235892928
0.724,0.20570766822970496
0.726,0.15488984134498635
0.728,0.1487649883783667
0.73,0.0758958237289607
0.732,0.013139880998140927
0.734,-0.11897102909334642
0.736,-0.13111574044751992
0.738,-0.02859605847823015
0.74,-0.02497109452915347
0.742,-0.025053758042013347
0.744,-0.03673117822019024
0.746,0.035713374327935886
0.748,-0.024540653200682876
0.75,-0.08312132408299941
0.752,0.029712789496659817
0.754,0.07900107752540804
0.756,-0.0026557129499964124
0.758,0.03301363201872662
0.76,0.06587852520115149
0.762,0.12004581866345648
0.764,0.06670907465790454
0.766,0.11698359049359647
0.768,0.19216485526181354
0.77,0.09562401812932611
0.772,0.11732326086948776
0.774,0.1525800274871194
0.776,0.05717489400618461
0.778,0.08584523384140107
0.78,0.08214572116167482
0.782,0.14394394847501635
0.784,0.11620981063646317
0.786,0.16993414025808715
0.788,0.09733171311448942
0.79,0.12647199723556712
0.792,0.13876123526961345
0.794,0.15434204478212246
0.796,0.13232487376015742
0.798,0.20985150234376315
0.8,0.12844631945099097
0.802,0.22099475702127286
0.804,0.21773138448691043
0.806,0.1666610388490178
0.808,0.14043812950633625
0.81,0.17991417105590063
0.812,0.14262871028217924
0.8140000000000001,0.12119880951543036
0.8160000000000001,0.11139281689015014
0.8180000000000001,0.1727926426339566
0.8200000000000001,0.24397367122073554
0.8220000000000001,0.14463626584318864
0.8240000000000001,0.23635197202020053
0.8260000000000001,0.2759333719047252
0.8280000000000001,0.18270420761089748
0.8300000000000001,0.1937567354837479
0.8320000000000001,0.2820492511539609
0.834,0.3320108785903991
0.836,0.35523834381603725
0.838,0.3328604971464343
0.84,0.42224399601851625
0.842,0.4524153899099653
0.844,0.38969555131177563
0.846,0.3533796270352784
0.848,0.35992784383521376
0.85,0.39287613645506564
0.852,0.3048636395528904
0.854,0.34143804896129143
0.856,0.2679534493073332
0.858,0.2479795431379621
0.86,0.3170599037212499
0.862,0.31139942609678883
0.864,0.29185932325607783
0.866,0.24790442729929296
0.868,0.32040022303877064
0.87,0.2114996692023725
0.872,0.24165735788964024
0.874,0.24345376233667712
0.876,0.2800788395233496
0.878,0.16314717354793662
0.88,0.23262904076837737
0.882,0.21223049952440678
0.884,0.30038806855953826
0.886,0.3378463041351814
0.888,0.2683375954832276
0.89,0.2727103110949304
0.892,0.31012900374395846
0.894,0.31070710032613497
0.896,0.2537806493589263
0.898,0.2957973396153032
0.9,0.39073092309646984
0.902,0.389115867154326
0.904,0.1905874478122643
0.906,0.34826186104014234
0.908,0.3401157058590766
0.91,0.33551595467971596
0.912,0.22787114394693048
0.914,0.2358141912470118
0.916,0.31430833280766685
0.918,0.2601948897796716
0.92,0.33467713755898865
0.922,0.24498183260432677
0.924,0.2685618914188049
0.926,0.3953073899747257
0.928,0.3243834415366388
0.93,0.256102627228901
0.932,0.3362874150633019
0.934,0.24043736623998005
0.936,0.27163905887763595
0.9380000000000001,0.2513692933417434
0.9400000000000001,0.35003489411283956
0.9420000000000001,0.3713647302486425
0.9440000000000001,0.3046100382660145
0.9460000000000001,0.2854864311715931
0.9480000000000001,0.12971915510480564
0.9500000000000001,0.2804833669068518
0.9520000000000001,0.20639756435991496
0.9540000000000001,0.3183251525456269
0.9560000000000001,0.21810445057818495
0.9580000000000001,0.24141885950798112
0.96,0.23744832285781658
0.962,0.1474416714844855
0.964,0.23257851409217722
0.966,0.20111915067276948
0.968,0.17084317027233403
0.97,0.20940053993541288
0.972,0.24388960446381797
0.974,0.15908022367445487
0.976,0.04390726120376712
0.978,0.25132599367843295
0.98,0.12529856048947513
0.982,0.14216020292479184
0.984,0.19659566861905547
0.986,0.19136786981840095
0.988,0.23010892104186775
0.99,0.2263613430213158
0.992,0.14956558797110786
0.994,0.07130077574910593
0.996,0.18198959780755175
0.998,0.12556904345101688
1.0,0.26433433814482066
1.002,0.21790799792699253
1.004,0.08486165182958368
1.006,0.13350365135713857
1.008,0.15429187809147543
1.01,0.23726671457022824
1.012,0.1817178609848262
1.014,0.22755223698727847
1.016,0.11159782901662266
1.018,0.13378967306320874
1.02,0.15190437601681495
1.022,0.1061132387463074
1.024,0.09487754865715267
1.026,0.1609662432954473
1.028,0.17532641407342633
1.03,0.17607907044310891
1.032,0.047448994843938344
1.034,0.16864356373791348
1.036,0.15769853863893724
1.038,0.1458867662080854
1.04,0.2442700075845276
1.042,0.27767506480401377
1.044,0.16059559917777644
1.046,0.11389820025159436
1.048,0.09190545881837342
1.05,0.1256682376867081
1.052,0.16257469950488426
1.054,0.1332051284113669
1.056,0.13552046316959443
1.058,0.08814420597304376
1.06,0.12391480487159304
1.062,0.08939965543418649
1.064,0.1588483341612286
1.066,0.056834708894208594
1.068,0.15980836414186772
1.07,0.11965954236650424
1.072,0.1901390446118673
1.074,0.14916021328219015
1.076,0.05793572438981775
1.078,0.19811578978001643
1.08,0.12207216397697139
1.082,0.10683397024250427
1.084,0.08043320673874552
1.086,0.17251345439875718
1.088,0.13366148640426773
1.09,0.041012388469083574
1.092,0.1640537453785865
1.094,0.12845114542774194
1.096,0.10747602479148714
1.098,0.12246346699720233
1.1,0.09772256673636005
1.102,0.16941976709605203
1.104,0.17953699090252406
1.106,0.2163079160340917
1.108,0.20727230683673137
1.11,0.09976912199404452
1.112,0.09966324323073535
1.114,0.14133846668910463
1.116,0.14340400653188973
1.118,0.14741767345387125
1.12,0.1096785389435089
1.122,0.08749248561440581
1.124,0.15069094779173509
1.1260000000000001,0.1370884725277539
1.1280000000000001,0.06626266151679916
1.1300000000000001,0.1559465478239361
1.1320000000000001,0.09138492621200922
1.1340000000000001,0.10248776820243158
1.1360000000000001,0.09599997211630497
1.1380000000000001,0.09619848322727226
1.1400000000000001,0.13015674684577566
1.1420000000000001,0.13663243100015318
1.1440000000000001,0.24334222012099999
1.1460000000000001,0.138533029044856
1.1480000000000001,0.1646599592845128
1.1500000000000001,0.14843912539306234
1.1520000000000001,0.10622512435879392
1.154,0.13196993646116256
1.156,0.1416884608743339
1.158,0.09857770127032504
1.16,-0.02237716485421734
1.162,0.12267740940955252
1.164,0.07481692637529624
1.166,0.05626404663988922
1.168,0.09463272427766256
1.17,0.13624991634223488
1.172,0.06820842880858724
1.174,-0.02496814183271384
1.176,0.1464031524360474
1.178,0.13113294246799637
1.18,0.0834361123504502
1.182,0.09733086185420098
1.184,0.1263349631197066
1.186,0.08141440249925402
1.188,0.21953194028384707
1.19,0.08185033279156165
1.192,0.08989383481006996
1.194,0.10949390520411605
1.196,0.04231261752292321
1.198,0.053012117081173475
1.2,0.12487472544578809
1.202,0.07715019641972815
1.204,0.1569402835559415
1.206,0.1576887916135369
1.208,0.21411781335283764
1.21,0.09977548659780969
1.212,0.06262190451763361
1.214,0.04870090613461307
1.216,0.09099854553671365
1.218,0.11682644210329786
1.22,0.17234319034592413
1.222,0.09262094497087318
1.224,0.13301736374381976
1.226,0.05029484375180171
1.228,0.18666845825817602
1.23,0.12662586359884193
1.232,0.09769128583148892
1.234,0.1032249138572103
1.236,0.0030340289823833078
1.238,0.15334401485886934
1.24,0.11352280875978843
1.242,0.19870235071832545
1.244,0.13748054744273702
1.246,0.27034564499801106
1.248,0.2695102582685389
1.25,0.23006932800518767
1.252,0.1885396967744658
1.254,0.3211304407034289
1.256,0.3003372765491537
1.258,0.26299776746284037
1.26,0.3045657320226842
1.262,0.18765513220403326
1.264,0.14873686697616761
1.266,0.1779812957125454
1.268,0.1658485576726245
1.27,0.14506309535862244
1.272,0.10642492466543776
1.274,0.10631243033728788
1.276,0.10323478885743888
1.278,0.147340398769725
1.28,0.08571299639697771
1.282,0.06298551715595731
1.284,0.0816845946618231
1.286,0.07850834381173334
1.288,0.12654685864774792
1.29,0.021666121176381108
1.292,0.08050447293500615
1.294,0.01638433080706632
1.296,0.11485757443347311
1.298,-0.013675280436728166
1.3,0.1182191295826758
1.302,0.22580504213386465
1.304,0.10440993672083855
1.306,0.11888384010255505
1.308,0.09196691667282156
1.31,0.13450887678616114
1.312,0.12288591147416868
1.314,0.014360810591148104
1.316,0.12991681665877383
1.318,0.16163232733765012
1.32,0.12119973181053573
1.322,0.19875381655701974
1.324,0.2199124444482322
1.326,0.20071933843685408
1.328,0.17893447817821806
1.33,0.13310716433030617
1.332,0.10533854326227554
1.334,0.02310610048471573
1.336,0.04356363017095341
1.338,0.13853660077799654
1.34,0.06340551041309966
1.342,0.12088813194613593
1.344,0.20909663911584367
1.346,0.17819392836675893
1.348,0.04840806880649
1.35,0.10973598361650681
1.352,0.10101310907784676
1.354,0.006399378407356424
1.356,0.12051081117398059
1.358,0.041067942723828944
1.36,0.24395660358792953
1.362,0.13778328052673705
1.364,0.12675858709753002
1.366,0.16346342117305648
1.368,0.10652632436834006
1.37,0.13324480699195657
1.372,0.10919570296184658
1.374,0.121743188054856
1.3760000000000001,0.11744752018829949
1.3780000000000001,0.10339945506919258
1.3800000000000001,0.08196060379525166
1.3820000000000001,0.1085556444806877
1.3840000000000001,0.08389027725392245
1.3860000000000001,0.13179210534374403
1.3880000000000001,0.15464810518348623
1.3900000000000001,0.10890248415791334
1.3920000000000001,0.019752035701620332
1.3940000000000001,0.14581341907933792
1.3960000000000001,0.1642047722052818
1.3980000000000001,0.13573747055806457
1.4000000000000001,0.11973194782634271
1.4020000000000001,0.16809689883949647
1.4040000000000001,0.16582101406111574
1.4060000000000001,0.08062697561645639
1.408,0.14354662874034696
1.41,0.020319336936655816
1.412,0.15289128168424282
1.414,0.0470415346867732
1.416,0.11506889748566261
1.418,0.08398412537792325
1.42,0.20465211507970082
1.422,0.18331220323663883
1.424,0.1019066677676404
1.426,0.0788566668789452
1.428,0.1250406574364912
1.43,0.03472740587421093
1.432,0.1715030768148313
1.434,0.13936478812044464
1.436,0.1508744869650343
1.438,0.13710721788792554
1.44,0.09515158647864662
1.442,0.14614149111171515
1.444,0.20134684383331508
1.446,0.1436925940261913
1.448,0.20411931337260952
1.45,0.17151490775772152
1.452,0.2087507987065209
1.454,0.21991512831135795
1.456,0.3564873041622991
1.458,0.2911076473815866
1.46,0.5556087387069583
1.462,0.5684159370103801
1.464,0.680070680877958
1.466,0.8739748063476952
1.468,0.8568445179075095
1.47,0.95728042675272
1.472,0.9683766180267432
1.474,1.0223422687515968
1.476,1.1340814699738333
1.478,1.1073934187405567
1.48,1.1448076870320285
1.482,1.1909644530351187
1.484,1.1284901207368105
1.486,1.0535566979163076
1.488,1.0041081962816896
1.49,0.8691532641274946
1.492,0.8389333237545631
1.494,0.7204184617744375
1.496,0.6549023556248809
1.498,0.44401313925306696
1.5,0.42704732846904503
1.502,0.3631090658306402
1.504,0.27671117800192224
1.506,0.13909412676384364
1.508,0.10944579648615291
1.51,0.0077913077850362
1.512,0.04568999454218824
1.514,-0.09697620195757868
1.516,-0.0896747964724409
1.518,0.011110600487965305
1.52,-0.0614586201449809
1.522,-0.03825833189915763
1.524,0.009434804080488576
1.526,-0.01633624923776441
1.528,0.05577206825896965
1.53,-0.022787159309292256
1.532,0.05688310042286593
1.534,0.07567085680151237
1.536,0.006818377304037532
1.538,0.10120960661119063
1.54,0.08110083844270449
1.542,0.21182370499893355
1.544,0.2014849469779514
1.546,0.12684465854627075
1.548,0.033530052469168195
1.55,0.10363396084442633
1.552,0.1553778683432906
1.554,0.0519280977411298
1.556,0.14762746288038783
1.558,0.08597650953378905
1.56,0.08186687748465353
1.562,0.12035797452794708
1.564,0.2513490969070825
1.566,0.13071218115498368
1.568,0.10291817171307557
1.57,0.1146223122785908
1.572,0.16310356716229477
1.574,0.024517628429501864
1.576,0.19806997280814537
1.578,0.09044825128397678
1.58,0.19590030158665728
1.582,0.14936612858958281
1.584,0.08799995067269692
1.586,0.14875453917648476
1.588,0.1501727481469876
1.59,0.10901647443014281
1.592,0.18768012201420448
1.594,0.15669231684023266
1.596,0.1467781691358014
1.598,0.1266512011500964
1.6,0.1755300058329215
1.602,0.13878874596984198
1.604,0.1686236115048019
1.606,0.14441893267882505
1.608,0.2015406244953211
1.61,0.08137797709792711
1.612,0.168427556901314
1.614,0.14892067048768376
1.616,0.2799042858252688
1.618,0.2301557694922814
1.62,0.17754157569431872
1.622,0.12528603685206396
1.624,0.2291563650124157
1.6260000000000001,0.26662262699510064
1.6280000000000001,0.27426279876802123
1.6300000000000001,0.1252829150664969
1.6320000000000001,0.2191476384564162
1.6340000000000001,0.2688678833296713
1.6360000000000001,0.24774235799442518
1.6380000000000001,0.1977953165511961
1.6400000000000001,0.290020202842756
1.6420000000000001,0.32748623101141655
1.6440000000000001,0.32523344798159304
1.6460000000000001,0.26277891898727856
1.6480000000000001,0.20017363704394744
1.6500000000000001,0.3055417869192985
1.6520000000000001,0.2886334872749779
1.6540000000000001,0.36423683752596087
1.6560000000000001,0.3678559904522797
1.6580000000000001,0.305375480465573
1.6600000000000001,0.4668480090843954
1.6620000000000001,0.4631345073727551
1.6640000000000001,0.4860602230117288
1.666,0.41065974133139105
1.668,0.42298457225785563
1.67,0.39594691971581203
1.672,0.376544193698
1.674,0.4119124446300415
1.676,0.3560781985240483
1.678,0.3613858655885999
1.68,0.3120554360249668
1.682,0.28422887357357024
1.684,0.28298314931318214
1.686,0.370909446381416
1.688,0.26708911951332803
1.69,0.295495233262211
1.692,0.2837720606183127
1.694,0.2837370605176279
1.696,0.24814847204111085
1.698,0.17290472433357681
1.7,0.20256799128928532
1.702,0.2152012336856444
1.704,0.3073870877785319
1.706,0.25162817696300116
1.708,0.19919769957915304
1.71,0.18820460697160452
1.712,0.21880175622189685
1.714,0.22651772342221824
1.716,0.28138897851010825
1.718,0.29556070491857567
1.72,0.32399190358636487
1.722,0.22426518687322183
1.724,0.2657727947101395
1.726,0.26954467534069554
1.728,0.24536492916580185
1.73,0.2352691333511577
1.732,0.14933894663744202
1.734,0.2072541768076153
1.736,0.17196397107156053
1.738,0.23317813278113708
1.74,0.13976898605398702
1.742,0.16000174180689045
1.744,0.21265642857903147
1.746,0.16998398781766091
1.748,0.21746614893277247
1.75,0.2172847988716213
1.752,0.140144507375406
1.754,0.07680127614484458
1.756,0.11926255138028555
1.758,0.1218399379142411
1.76,0.19471045120396357
1.762,0.17810117823801985
1.764,0.1374576613803821
1.766,0.2043174891706362
1.768,0.17762886981022002
1.77,0.06855615308760238
1.772,0.16643857175986893
1.774,0.12711945404953978
1.776,0.09993516294632628
1.778,0.16261458249272095
1.78,0.1296945551785013
1.782,0.1344884407415367
1.784,0.16072970405024004
1.786,0.08014995577665525
1.788,0.18644319835420303
1.79,0.06279123435076395
1.792,0.10887048792181643
1.794,0.06043418914397912
1.796,0.05256523335294116
1.798,0.06649444552568369
1.8,0.1512654176669971
1.802,0.11867190029265376
1.804,0.13860502747833453
1.806,0.11043873445391712
1.808,0.08819349001297241
1.81,0.07769885758250723
1.812,0.0089272601306256
1.814,0.008183494292554869
1.816,-0.04320284435784526
1.818,0.13641221618218458
1.82,0.09664935412936716
1.822,0.12023772247529017
1.824,0.11858464800140685
1.826,0.11076819517568831
1.828,0.08169453891288972
1.83,0.07785235116538347
1.832,0.04170666584363395
1.834,0.1099132326644826
1.836,0.11170596235335327
1.838,0.1174709138763106
1.84,0.025543310263067928
1.842,0.11384805039173512
1.844,0.12056923108923909
1.846,0.10709827068677061
1.848,0.17776338839360684
1.85,0.10244061910761774
1.852,0.15654285867202392
1.854,0.13223797501741552
1.856,0.05238646091636823
1.858,0.056576421710528624
1.86,0.10210560606086486
1.862,0.16216094758883443
1.864,0.21926852181910483
1.866,0.11808159751645543
1.868,0.17364602710757968
1.87,0.07686529940859482
1.872,0.15783753852094362
1.874,0.08784563519583116
1.8760000000000001,0.03894274733634261
1.8780000000000001,0.12981940935468855
1.8800000000000001,0.08520397998903761
1.8820000000000001,0.10260454031703384
1.8840000000000001,0.08286274629924154
1.8860000000000001,0.14549729757849203
1.8880000000000001,0.10457298529242176
1.8900000000000001,-0.005234656779355501
1.8920000000000001,0.060117182734033325
1.8940000000000001,0.08057553251206712
1.8960000000000001,0.11050682349108497
1.8980000000000001,0.11545305079991434
1.9000000000000001,0.05946597187024368
1.9020000000000001,0.013103586906271655
1.9040000000000001,0.10931849393637624
1.9060000000000001,0.17718588442975725
1.9080000000000001,0.057863307086827916
1.9100000000000001,0.06571723495665734
1.9120000000000001,0.050314671356816235
1.9140000000000001,0.0718026283752123
1.9160000000000001,0.016432886564046803
1.9180000000000001,0.06299908704151792
1.92,0.1674161155143341
1.922,0.10857059609079178
1.924,0.02386768607056914
1.926,0.10809146050177304
1.928,0.1163035687004842
1.93,0.025244991147399067
1.932,-0.005334586779193712
1.934,0.09270824503827327
1.936,0.007267029903597698
1.938,0.13254141540872377
1.94,0.04833282106839566
1.942,0.07622973831096223
1.944,0.1526501485665362
1.946,0.05640872451417052
1.948,0.04484023040500472
1.95,0.05070606571705376
1.952,0.10206410799121803
1.954,0.03436639856815385
1.956,0.0804819133812882
1.958,0.012902056709880205
1.96,0.029632887850965874
1.962,0.09999520040658608
1.964,0.12274772667201247
1.966,0.07409711238075317
1.968,0.13755806310162094
1.97,0.05632215793805756
1.972,0.09405299265317359
1.974,0.017440988747417306
1.976,0.016544117526704597
1.978,-0.03977541324187367
1.98,-0.036064583214818
1.982,0.08636246592222899
1.984,0.024795068709872345
1.986,0.07406165917675032
1.988,0.0863480560979577
1.99,0.06523123506362277
1.992,0.003383167582006165
1.994,0.03017317560937184
1.996,0.04324056854192487
1.998,0.0901386153849078
2.0,0.058479564157771086
2.0020000000000002,0.09162774841194088
2.004,0.08463035505678973
2.0060000000000002,0.004243810075206987
2.008,0.07153354998385855
2.0100000000000002,0.027055790284096225
2.012,0.06249957450299174
2.0140000000000002,0.013174057531512084
2.016,0.04738604404655522
2.0180000000000002,0.06312608914437569
2.02,-0.002937793009641261
2.0220000000000002,0.11996002487374934
2.024,0.05779700186071551
2.0260000000000002,0.10984640099278545
2.028,0.10214273120552111
2.0300000000000002,0.05604479534454871
2.032,0.09719840762120312
2.0340000000000003,0.04615111415074687
2.036,0.00849976448174123
2.0380000000000003,0.08013632287645175
2.04,0.04056187173245761
2.0420000000000003,0.013007467816311138
2.044,0.03537611016219698
2.0460000000000003,0.008189497756169777
2.048,0.02146639073253954
2.05,0.0734998769629037
2.052,-0.10459350633164029
2.054,0.024445530745462303
2.056,0.05129001773548554
2.058,0.011871037214998366
2.06,-0.018035805902650526
2.062,0.020472054182839296
2.064,0.06667117787379014
2.066,0.06700574622058034
2.068,0.15187250868861218
2.07,0.045927313110242146
2.072,0.18630073757033294
2.074,0.1779199029312055
2.076,0.12437771294437935
2.078,0.16752821051752012
2.08,0.17471959969685041
2.082,0.24672521944579115
2.084,0.25185552647022136
2.086,0.1454860530867503
2.088,0.21715142370515725
2.09,0.11538725709510997
2.092,0.14404969736676826
2.094,-0.023032104191926236
2.096,0.05058339360541014
2.098,0.08206497545662955
2.1,0.11544685392978757
2.102,0.0646163927772044
2.104,0.08522273783734116
2.106,0.06164074855163701
2.108,0.004324596767011808
2.11,0.04922018722747442
2.112,0.06476463539011802
2.114,-0.06578221648359478
2.116,-0.025641814684244438
2.118,-0.018167822062562587
2.12,-0.035540893276895
2.122,0.04183375257661355
2.124,0.05907204523167877
2.126,0.03230070769291558
2.128,0.034006114518253173
2.13,0.04313166426070497
2.132,0.042076838876857946
2.134,0.0624932096544596
2.136,0.00654514024657627
2.138,-0.06277950227495094
2.14,0.03642289666075408
2.142,0.04918137098419511
2.144,0.008884300025466599
2.146,0.05627437835478866
2.148,0.04555945847621184
2.15,0.12074041191106696
2.152,0.04372359026481258
2.154,0.06339724405147912
2.156,0.003681636812350013
2.158,0.013080082998108906
2.16,0.02794515153215467
2.162,0.09314783943869093
2.164,0.10011057453422172
2.166,0.04902421615117743
2.168,0.05438680577043491
2.17,-0.04763283749312302
2.172,-0.04200356167391863
2.174,-0.013284813703467513
2.176,-0.0059152605345100095
2.178,-0.032537143376002595
2.18,0.10568188989268491
2.182,0.033603753060274966
2.184,0.03225001179966731
2.186,0.021017197818305813
2.188,0.04712221775182861
2.19,0.0771167857210153
2.192,0.03684624503062593
2.194,0.05373315968047841
2.196,0.03788033285258153
2.198,-0.023246058567773748
2.2,0.12643700280160186
2.202,0.01947686606494714
2.204,0.0335049260295762
2.206,0.07728520575154155
2.208,0.08537623784800874
2.21,0.12632302331202183
2.212,0.02643707190589885
2.214,0.07621512659019015
2.216,-0.013429121424314391
2.218,0.025268889133770865
2.22,0.06418865465101327
2.222,0.03301622517909806
2.224,0.03024234472395589
2.226,0.04324839694306466
2.228,0.12598979880480124
2.23,0.040138044262878085
2.232,0.15407027962360606
2.234,0.24378342452395607
2.236,0.2675206053205445
2.238,0.3258181161700373
2.24,0.34870955834807027
2.242,0.4408903602799214
2.244,0.6254950961051077
2.246,0.7616719170984027
2.248,0.8072285693536355
2.25,0.8554649607278887
2.2520000000000002,0.9238178875730169
2.254,0.9879023443818863
2.2560000000000002,1.0376685827127952
2.258,1.0246335400510616
2.2600000000000002,1.0636884573534708
2.262,0.9959804549034542
2.2640000000000002,0.9950780354866144
2.266,0.8904609622655196
2.2680000000000002,0.8054351448029421
2.27,0.8102776325663739
2.2720000000000002,0.7117120513460832
2.274,0.5827744569365405
2.2760000000000002,0.501224723681228
2.278,0.44933482207111547
2.2800000000000002,0.2985010899114608
2.282,0.22436969376556182
2.2840000000000003,0.09164110262610119
2.286,0.03361059751879732
2.2880000000000003,0.049400302916003405
2.29,-0.06868707701043945
2.2920000000000003,-0.13918063171440243
2.294,-0.16296796421054174
2.2960000000000003,-0.23008303381328515
2.298,-0.17817791721402507
2.3000000000000003,-0.07472673617340353
2.302,-0.06058727342961203
2.3040000000000003,0.016970196053667605
2.306,-0.0906558885511547
2.308,-0.0184531487573073
2.31,-0.03540383763917015
2.312,-0.08620585953292767
2.314,-0.07267569818405469
2.316,-0.02771995145172024
2.318,0.08301504127093907
2.32,0.05371735756043974
2.322,0.04889636715099693
2.324,0.126993047584623
2.326,0.024082728772724646
2.328,-0.004375461524671734
2.33,0.02957912644495651
2.332,0.052054237774646586
2.334,0.05289451316329141
2.336,-0.0179563400222154
2.338,0.07515701295728053
2.34,0.06694369003416378
2.342,0.10897578229430349
2.344,0.1009079064265159
2.346,0.0674042122260115
2.348,-9.450914569941044e-05
2.35,0.0822189151875631
2.352,0.0018244829786402822
2.354,0.09837009124331886
2.356,-0.05016762288763052
2.358,0.039689607840767346
2.36,-0.004220365926543075
2.362,-0.03058996187605556
2.364,0.14644907672855484
2.366,0.05862310186880808
2.368,0.05563365140878577
2.37,0.07830950050686394
2.372,0.027988271361860897
2.374,0.03680442477478291
2.376,0.041539201835296836
2.378,0.11999792630275141
2.38,0.13395566591315333
2.382,0.07880593074911517
2.384,0.053174419262000706
2.386,0.1454901152043021
2.388,0.1602778170561398
2.39,0.0692416601008698
2.392,0.10630862272893134
2.394,0.09549152258163773
2.396,0.20090974029766545
2.398,0.061402599583328166
2.4,0.09782197423978943
2.402,0.05399975510066603
2.404,0.15585486172408883
2.406,0.17888454876794901
2.408,0.1237478616644499
2.41,0.15490108533957914
2.412,0.1409549195292351
2.414,0.1924514479886913
2.416,0.10062140012731495
2.418,0.1315898964957704
2.42,0.14420019206355744
2.422,0.15687466349794169
2.424,0.2047606337842683
2.426,0.15104626951254368
2.428,0.18237505059488307
2.43,0.20762215821724733
2.432,0.1793100395681722
2.434,0.18444573456867422
2.436,0.19939335320926543
2.438,0.11196419460470328
2.44,0.1081663932027789
2.442,0.2539457532535712
2.444,0.22305525813746913
2.446,0.26104995204251213
2.448,0.19218982363785017
2.45,0.1776913924292396
2.452,0.18381166426099516
2.454,0.21308441422382013
2.456,0.15264501919646498
2.458,0.23398519912833243
2.46,0.17941564216759878
2.462,0.24704974357982573
2.464,0.2388015781039174
2.466,0.278943025922556
2.468,0.2919157394419717
2.47,0.08102565140058963
2.472,0.1939013320451106
2.474,0.09361295876906171
2.476,0.15189026155100363
2.478,0.1461769280505269
2.48,0.08438775533706376
2.482,0.20470203458975747
2.484,0.11400114199970852
2.486,0.12646254265871998
2.488,0.21759361580469372
2.49,0.1301053092183181
2.492,0.057617064307598595
2.494,0.05053680725633478
2.496,0.1880657171899984
2.498,0.1156163238190534
2.5,0.14775143011795197
2.5020000000000002,0.15144093554719976
2.504,0.21990823984357014
2.5060000000000002,0.23804214242792668
2.508,0.2383682288367299
2.5100000000000002,0.24215611353376537
2.512,0.26163813463838903
2.5140000000000002,0.2615254358819505
2.516,0.2649695724963662
2.5180000000000002,0.2452548880919
2.52,0.21745950569057118
2.5220000000000002,0.1796597873945067
2.524,0.32567890490305973
2.5260000000000002,0.2224798114970152
2.528,0.10376614616847557
2.5300000000000002,0.13513646656659262
2.532,0.06089760110985046
2.5340000000000003,0.09184176578459807
2.536,0.013219942633414146
2.5380000000000003,0.03489724269492152
2.54,0.062389078712413074
2.5420000000000003,0.0636023472721462
2.544,0.028241484919695362
2.5460000000000003,0.0004324292739258176
2.548,0.015359230431259837
2.5500000000000003,-0.0034353491926160493
2.552,-0.02363709839950512
2.5540000000000003,-0.05428316569271996
2.556,0.0026087296956703795
2.5580000000000003,-0.032149356940519076
2.56,-0.011182821464915062
2.562,-0.036319648003640424
2.564,-0.03689189573448588
2.566,0.009217557414736666
2.568,0.04009898102168899
2.57,-0.022282718284655972
2.572,-0.0021909285800472264
2.574,-0.009841549071451437
2.576,0.004305092061619466
2.578,-0.11562766941330027
2.58,0.005013022921288307
2.582,-0.010111998581959193
2.584,0.07237901195388136
2.586,0.02621039096112245
2.588,-0.05530363053395769
2.59,0.01943887387998565
2.592,0.034447864379979765
2.594,-0.03764710234665866
2.596,-0.005050133023154574
2.598,-0.017718122545210227
2.6,0.028035031454588275
2.602,-0.020372401018056936
2.604,0.042886268056205754
2.606,-0.01760184301112684
2.608,-0.027427899292143863
2.61,-0.046760241069697006
2.612,-0.02178676603231443
2.614,0.028752929588742288
2.616,0.04019052764443265
2.618,-0.031744536342140875
2.62,-0.11587539323199607
2.622,-0.048990726247585825
2.624,-0.10867212369291045
2.626,0.06260140170333282
2.628,-0.007486942745147674
2.63,-0.002800812315946439
2.632,0.018104930868499694
2.634,-0.1255860018201188
2.636,-0.04486210168066888
2.638,-0.020640219572260136
2.64,-0.04865240700271212
2.642,0.01665548620985937
2.644,0.012529931419762868
2.646,-0.016549088880019863
2.648,-0.09345758920658576
2.65,-0.030580420269065905
2.652,-0.0787661235154727
2.654,-0.02691993798566941
2.656,-0.04532482312703799
2.658,0.057425432781994135
2.66,-0.04726951047368831
2.662,0.004565369914974148
2.664,0.0015266851193195992
2.666,0.01737069348590795
2.668,-0.042812640033976244
2.67,-0.03477922145130185
2.672,-0.0013780719693246013
2.674,-0.08415143660779054
2.676,-0.010748279878456786
2.678,-0.02274439507391955
2.68,0.01719508105722295
2.682,-0.0340082300398051
2.684,-0.07551651656992144
2.686,-0.020073202383713157
2.688,0.007415642857552992
2.69,-0.05583668766723672
2.692,0.0798616520812893
2.694,0.09131304482351973
2.696,0.0770491203333924
2.698,-0.13833289675942098
2.7,0.0502256905312566
2.702,-0.046445578417764644
2.704,0.04350840244653356
2.706,0.08829003222976006
2.708,0.011185770171389869
2.71,-0.01683308986085164
2.712,0.0036135887217922484
2.714,-0.04392917902566142
2.716,-0.02860559930115491
2.718,0.03035570943085543
2.72,0.05010739293115178
2.722,0.02618449035306361
2.724,0.010242974772688708
2.726,0.0038068691582943473
2.728,-0.07533193946924183
2.73,0.00612890191468643
2.732,0.005929247816757129
2.734,-0.0619530571592183
2.736,-0.004275710577889575
2.738,-0.09812437684328121
2.74,0.03853108570506521
2.742,-0.06228591250132027
2.744,0.03044105738100278
2.746,0.0752508635654954
2.748,0.001704412876447181
2.75,0.01888667617969077
2.7520000000000002,-0.0041551620155702365
2.754,-0.018174031775825918
2.7560000000000002,-0.026005110993641077
2.758,-0.03640237380269593
2.7600000000000002,-0.1007458803184195
2.762,-0.007862583696396898
2.7640000000000002,-0.010966897332718328
2.766,0.0015298227100236511
2.7680000000000002,-0.05381521665033241
2.77,-0.07275830263651192
2.7720000000000002,-0.03901153491591006
2.774,-0.08126621540104909
2.7760000000000002,0.024884521020999535
2.778,-0.07563347442147962
2.7800000000000002,-0.017360974352519435
2.782,-0.05678905142026547
2.7840000000000003,-0.05590138057627868
2.786,-0.039877311469927346
2.7880000000000003,-0.037274846828304516
2.79,0.018592129909550115
2.7920000000000003,-0.047434327109454756
2.794,-0.08246726002532304
2.7960000000000003,-0.01246315912962511
2.798,-0.044903136100922045
2.8000000000000003,-0.004992894463503976
2.802,-0.04743331736434911
2.8040000000000003,0.04343405632746435
2.806,-0.02551943648169091
2.8080000000000003,-0.051559419635462726
2.81,-0.11484516776377238
2.8120000000000003,-0.0954321841393782
2.814,0.00434596988195296
2.816,-0.0025082519807528153
2.818,-0.04053398862287051
2.82,-0.011252831414380729
2.822,-0.019030297396498575
2.824,-0.06450555645311053
2.826,0.005106922401950195
2.828,-0.037510351535437435
2.83,-0.10679359737122862
2.832,-0.08425850276150765
2.834,-0.03947133734623794
2.836,-0.104508005080225
2.838,-0.1000185458952913
2.84,-0.03595983150769175
2.842,0.01018787174433667
2.844,-0.031600732771449966
2.846,-0.04056153411552991
2.848,0.025754615287563412
2.85,-0.0850690393180325
2.852,-0.04023130368235704
2.854,-0.0037238688090006633
2.856,-0.04110577731202507
2.858,-0.09360704245164307
2.86,-0.06525571735357337
2.862,-0.007638766130754322
2.864,-0.05945202801787111
2.866,-0.0346861459813691
2.868,-0.1046276770182284
2.87,-0.0012239438422890214
2.872,-0.03305132636238088
2.874,-0.09691147343532121
2.876,-0.10261026176233787
2.878,-0.09972704930235875
2.88,-0.026555035964878237
2.882,-0.025445423069378255
2.884,-0.09347930164352639
2.886,-0.02720311180249939
2.888,-0.026455385846042262
2.89,0.013570937150569451
2.892,-0.13078898318651988
2.894,-0.13673891489740578
2.896,-0.08311740840699067
2.898,-0.1296451045575212
2.9,-0.10226911360250299
2.902,-0.07794183212873158
2.904,-0.08434397453551516
2.906,-0.038630507398220465
2.908,-0.12184374581902646
2.91,-0.0685995836261085
2.912,-0.06350850437251458
2.914,-0.00587100172896924
2.916,0.008299917679654309
2.918,-0.02727612254891818
2.92,-0.002117073034540843
2.922,0.008633331333941376
2.924,0.04015044829730434
2.926,0.1275901270554232
2.928,0.13037040888752918
2.93,0.10875962042144663
2.932,-4.960789524163789e-05
2.934,0.12571435689273178
2.936,0.07025693123502477
2.938,0.12182999909946363
2.94,0.055051462585328254
2.942,0.028028783746348675
2.944,0.09151644363488737
2.946,0.06388800942766423
2.948,-0.07075117393351674
2.95,-0.1382021861019576
2.952,-0.11917596648844572
2.954,-0.10171789612018953
2.956,-0.1325338011828155
2.958,-0.14763455484153765
2.96,-0.10809866860735634
2.962,0.023673630445434524
2.964,-0.06132448720718135
2.966,-0.034037720120030326
2.968,-0.09582639657004136
2.97,-0.13327219775570298
2.972,-0.05492624860085509
2.974,-0.08578126576941618
2.976,-0.08210223863585452
2.978,-0.04854369852905721
2.98,-0.022785424758269487
2.982,-0.10005385064498451
2.984,0.009068892464460653
2.986,-0.05342781113851971
2.988,-0.046486682561949
2.99,-0.057698232001841765
2.992,-0.125818153479475
2.994,0.013162546376792802
2.996,-0.06903166438592842
2.998,0.0026166542337644205
3.0,-0.05352592413376915
3.0020000000000002,-0.0089408055053352
3.004,-0.054951192298836625
3.0060000000000002,-0.03307930203438622
3.008,-0.002785601406300008
3.0100000000000002,0.06014660822742318
3.012,-0.0546337711363587
3.0140000000000002,0.03588713090736894
3.016,0.23663745066735126
3.0180000000000002,0.18133979123676455
3.02,0.3712120290544922
3.0220000000000002,0.466836504041896
3.024,0.4856008419979432
3.0260000000000002,0.6589895943123081
3.028,0.7751153905919853
3.0300000000000002,0.8248984058008716
3.032,0.8447161282651159
3.0340000000000003,0.8735401590264431
3.036,0.932120418328778
3.0380000000000003,0.8692885895500462
3.04,0.9166495271320435
3.0420000000000003,0.9434250824446752
3.044,0.9239471033967295
3.0460000000000003,0.8094474676716266
3.048,0.596441535645135
3.0500000000000003,0.6115208830056046
3.052,0.6479325764482191
3.0540000000000003,0.3988499369984261
3.056,0.386838545658549
3.0580000000000003,0.3719563417124997
3.06,0.21100807125784002
3.0620000000000003,0.02475742528224642
3.064,0.08845934311509737
3.0660000000000003,-0.10105227965530192
3.068,-0.1062451639273976
3.0700000000000003,-0.19926285894884205
3.072,-0.20514559489704534
3.074,-0.24886279587361582
3.076,-0.2579117400383548
3.078,-0.1952581930803972
3.08,-0.1763338363292533
3.082,-0.11454447676767669
3.084,-0.10738491346509786
3.086,-0.1590934365473953
3.088,-0.1490687248325555
3.09,-0.17319225536086572
3.092,-0.061445839272805794
3.094,-0.12217323395075358
3.096,-0.07309793341185036
3.098,-0.19519412691870544
3.1,-0.0033853001239237956
3.102,-0.12577521055467467
3.104,-0.06628028825488214
3.106,0.0402303830516675
3.108,-0.002867683324123132
3.11,0.017490535787669514
3.112,0.036803841637336215
3.114,-0.00282122517707193
3.116,-0.08512113460087885
3.118,-0.0033003757293372377
3.12,-0.05237724246625312
3.122,0.05925007970252025
3.124,-0.013990705953691226
3.126,0.059241375791759185
3.128,0.0018848777096708968
3.13,0.06586031081249323
3.132,-0.051896069164639534
3.134,-0.06289100881796449
3.136,0.07538591017451117
3.138,-0.017678848088844575
3.14,0.0019953538276407147
3.142,0.022289392506556996
3.144,0.02643425957534837
3.146,0.029395966105655
3.148,0.00718275650850915
3.15,0.08203046132882688
3.152,0.05082571511797958
3.154,0.010101373668627463
3.156,-0.01738194457588501
3.158,-0.043734248539339673
3.16,0.052910853362827436
3.162,0.02488739916376156
3.164,0.07376030275172675
3.166,0.04824012181519529
3.168,0.07516799927189613
3.17,0.07031739027345067
3.172,-4.586757328169794e-05
3.174,0.08661437803582414
3.176,0.08970587485417106
3.178,0.048952739640533996
3.18,-0.015135856353453256
3.182,0.06828259472167426
3.184,0.20312575644857328
3.186,0.07610373964755733
3.188,0.10448701388056532
3.19,0.18725020640459472
3.192,0.1084032852820471
3.194,0.0550219992796816
3.196,0.08666092638601001
3.198,0.11415429137633584
3.2,0.09296510484505874
3.202,0.07056160933502817
3.204,0.10392824374166308
3.206,0.09478585999100922
3.208,0.10059608418221203
3.21,0.11163595599643061
3.212,0.10964476006242553
3.214,0.1412704812956017
3.216,0.13039490334950993
3.218,0.12784608907201203
3.22,0.15475472287094086
3.222,0.07761832838935906
3.224,0.22098155391042995
3.226,0.18789355358570284
3.228,0.19944857577585676
3.23,0.10614021840975599
3.232,0.050257005148796594
3.234,0.13130356252334865
3.236,0.14749167629968907
3.238,0.16624087653574424
3.24,0.19553004244302036
3.242,0.13641967295673577
3.244,0.13146516933928193
3.246,0.12584403181224704
3.248,0.18097649304689833
3.25,0.044257697828343295
3.2520000000000002,0.10295758688691672
3.254,0.12727682028913526
3.2560000000000002,0.12407313193638728
3.258,0.04309693817376903
3.2600000000000002,0.07868448867725827
3.262,0.0848493389041718
3.2640000000000002,0.13923641528448572
3.266,0.1979673531133255
3.2680000000000002,0.23569791583876226
3.27,0.07841365201406009
3.2720000000000002,0.11884021849650975
3.274,0.0763393298206367
3.2760000000000002,0.06593274072680808
3.278,0.006176851848125373
3.2800000000000002,0.09798031563930357
3.282,0.12579474369789603
3.2840000000000003,0.07535208785366251
3.286,0.0634839818635991
3.2880000000000003,0.18818557579208817
3.29,0.08560690768913212
3.2920000000000003,0.0729268330434342
3.294,0.06842449026787877
3.2960000000000003,0.01403277275753139
3.298,0.0064394751758997115
3.3000000000000003,0.11574375629428496
3.302,0.008562469277742665
3.3040000000000003,0.032237838167890484
3.306,0.034132805930505064
3.3080000000000003,0.03452052677270848
3.31,0.008429371854031566
3.3120000000000003,0.036301711218344995
3.314,0.07490039866461776
3.3160000000000003,0.01770581861815227
3.318,-0.003219361083555897
3.3200000000000003,0.003395835051500263
3.322,-0.05107707254125344
3.3240000000000003,0.04646158043342771
3.326,0.019695781824868735
3.3280000000000003,0.04825129346267857
3.33,-0.0403646509744482
3.332,0.06796868256164834
3.334,0.018831451712808277
3.336,0.05513632846587124
3.338,0.02013606941049153
3.34,0.12452677865511277
3.342,0.08083672004898582
3.344,0.16315920052920127
3.346,0.10960704101031832
3.348,0.1813668332757047
3.35,0.10789706058618641
3.352,0.0466813812046209
3.354,0.07983586296825074
3.356,0.14016132396068254
3.358,0.08089168066523311
3.36,0.028214898692241294
3.362,0.1317451667677841
3.364,0.004407007359799386
3.366,0.07061933502748197
3.368,-0.03319581287002039
3.37,0.00973093459551009
3.372,-0.15400308999061144
3.374,-0.11658566607200133
3.376,-0.050450714973445845
3.378,-0.07324494620120178
3.38,-0.08131906637751486
3.382,-0.05512342525160749
3.384,-0.02921824673240179
3.386,-0.053196668743860004
3.388,-0.1263829366696286
3.39,-0.15494289615550424
3.392,-0.07559756023743232
3.394,-0.045653565553915344
3.396,-0.1444946517359146
3.398,-0.012773021679794667
3.4,-0.05215107063975992
3.402,-0.0625924531781288
3.404,-0.035965705233202215
3.406,-0.052439864579377646
3.408,-0.029329544303659257
3.41,-0.17503582641442963
3.412,-0.09499112945588993
3.414,-0.09169004805109085
3.416,-0.15524899266306974
3.418,-0.0675239614145822
3.42,-0.08449297851693069
3.422,-0.05452910885492924
3.424,-0.07615169470435172
3.426,-0.05017735319654061
3.428,-0.03768316638845103
3.43,0.015953084027020552
3.432,-0.027590200560957047
3.434,-0.044038860837122606
3.436,-0.051322265340128126
3.438,-0.08483012183098591
3.44,-0.16187559643322
3.442,-0.10388315274667544
3.444,-0.0591855604376817
3.446,-0.07218487945824865
3.448,-0.03341944786718956
3.45,-0.0717535390144492
3.452,-0.07159102326470673
3.454,-0.15197930176415703
3.456,-0.11244953644773985
3.458,-0.04311879613306693
3.46,0.029207288781701153
3.462,-0.055612912717987885
3.464,0.041069745167874455
3.466,-0.09832891241498609
3.468,-0.022208377423496777
3.47,-0.06698909735171685
3.472,-0.08060048900042735
3.474,-0.03997027447455671
3.476,-0.09511646749119211
3.478,-0.017943255727683967
3.48,-0.04705150804222984
3.482,-0.02434074484964999
3.484,0.013296281027737111
3.486,-0.06032022654673211
3.488,-0.00444087933086363
3.49,-0.05895538302285884
3.492,-0.1694419639745412
3.494,-0.07506228706520303
3.496,-0.09663840171490641
3.498,-0.07176587739562972
3.5,-0.005254173876510608
3.5020000000000002,-0.09502008920997407
3.504,-0.01674669287091913
3.5060000000000002,-0.08121261975120792
3.508,-0.05564513127510868
3.5100000000000002,-0.11532865236615608
3.512,-0.0887608106112897
3.5140000000000002,-0.04305111895378989
3.516,-0.05770568453773213
3.5180000000000002,-0.09156142265175247
3.52,-0.02244398019518573
3.5220000000000002,-0.016463382198785226
3.524,0.012931330611741364
3.5260000000000002,-0.06070350047832192
3.528,-0.07422215825252894
3.5300000000000002,-0.0328841822400662
3.532,-0.12248511627624303
3.5340000000000003,-0.07064498600424614
3.536,-0.043147389684809585
3.5380000000000003,-0.048828404137619415
3.54,-0.03153900341694549
3.5420000000000003,-0.06536311166545733
3.544,0.003511681205029416
3.5460000000000003,0.005780498633741129
3.548,-0.020758351202916022
3.5500000000000003,0.03207619539785477
3.552,0.0043412237028293485
3.5540000000000003,-0.005676662348392966
3.556,-0.09314640863785563
3.5580000000000003,-0.022288285547039523
3.56,-0.07088416987326099
3.5620000000000003,-0.08754628220425026
3.564,-0.04721541231351964
3.5660000000000003,0.03681723319257507
3.568,0.015661843348703693
3.5700000000000003,-0.041296166834191406
3.572,-0.06886227954661939
3.5740000000000003,-0.043222699082169524
3.576,-0.055361982665044274
3.5780000000000003,-0.03620549746019337
3.58,0.007824393480574551
3.5820000000000003,-0.07208033312652651
3.584,0.00010372770961847994
3.586,-0.0009307764667916656
3.588,-0.02296680316566873
3.59,-0.048276655846426764
3.592,-0.009996717730954889
3.594,-0.08080602133361027
3.596,-0.08911993179572363
3.598,-0.010507601297912714
3.6,-0.07098471144308009
3.602,-0.07185403829378026
3.604,-0.1703746819202333
3.606,-0.0384689930476306
3.608,-0.03839902052404945
3.61,-0.033949620798943494
3.612,-0.008818937101408152
3.614,-0.05504690544180777
3.616,-0.02634686959104921
3.618,-0.010701673820363022
3.62,-0.0826183802901882
3.622,-0.0023887571097576804
3.624,-0.061687685542225715
3.626,-0.01610604787432461
3.628,-0.019289598560230395
3.63,0.01692017205214212
3.632,-0.050701834977391655
3.634,-0.03138767746214437
3.636,-0.08034016348581413
3.638,-0.0754794905985127
3.64,-0.04243366222156254
3.642,-0.0005569609072814119
3.644,-0.062124851497273856
3.646,-0.03835073834827355
3.648,-0.05771463550361196
3.65,-0.07875538089636006
3.652,-0.07343846113487268
3.654,-0.17385880035910725
3.656,-0.056964232011631165
3.658,-0.05121871210138121
3.66,0.003070462312142641
3.662,-0.09337342305976037
3.664,-0.03985921281639206
3.666,0.07227885906969819
3.668,-0.0434287975610042
3.67,-0.06702269317682778
3.672,-0.12159213340106687
3.674,-0.09767447911492222
3.676,-0.02402592845180493
3.678,-0.04114669509372427
3.68,-0.02892745942933405
3.682,-0.08165537711384638
3.684,-0.030791877616942565
3.686,-0.07818541733363922
3.688,-0.09267976090208896
3.69,-0.05885703560959331
3.692,-0.06164904160066554
3.694,-0.017008697563282285
3.696,-0.07490932704313925
3.698,-0.07093836980511159
3.7,-0.045376620159126545
3.702,-0.08359586097222907
3.704,-0.07083012579835077
3.706,-0.023833606011460097
3.708,-0.1610289958239535
3.71,-0.06772789353773004
3.712,-0.06354681686067763
3.714,-0.0022548046512875022
3.716,-0.05638595106554738
3.718,-0.09025683264192011
3.72,-0.017384673452285622
3.722,-0.032899080341736386
3.724,-0.05647883610177214
3.726,0.01440514287654427
3.728,-0.0615180680348542
3.73,-0.034657353551414076
3.732,-0.05184041410231112
3.734,-0.03396062422913912
3.736,-0.042694901794123455
3.738,-0.10573975025646848
3.74,-0.010729969614009321
3.742,-0.08906152752431185
3.744,-0.06122792883713107
3.746,-0.10315843984463467
3.748,-0.08297378779390593
3.75,-0.04842916839847593
3.7520000000000002,-0.12182263185644082
3.754,0.011080499949300535
3.7560000000000002,-0.019400251580783883
3.758,-0.021258684153781536
3.7600000000000002,0.013191011945473044
3.762,-0.019060245290979903
3.7640000000000002,0.010182559166845809
3.766,-0.043696413241953405
3.7680000000000002,0.06358596251059426
3.77,0.10181025708521774
3.7720000000000002,0.16757252347370016
3.774,0.13013477432585963
3.7760000000000002,0.10886602341085722
3.778,0.0996053504725039
3.7800000000000002,0.15700283810332513
3.782,-0.025536580746899643
3.7840000000000003,0.09950208901511427
3.786,0.14978415503385423
3.7880000000000003,0.09874506013482992
3.79,0.08356630409217523
3.7920000000000003,0.09605455493267157
3.794,0.19180670948760958
3.7960000000000003,0.22903628763508802
3.798,0.3214358060978716
3.8000000000000003,0.4163074366973838
3.802,0.575626084263468
3.8040000000000003,0.5683808483065882
3.806,0.6463279690356678
3.8080000000000003,0.7573228756172192
3.81,0.8274929941338868
3.8120000000000003,0.9145016093326375
3.814,0.825374541864162
3.8160000000000003,0.8693208299483993
3.818,0.9021956439609293
3.8200000000000003,0.895662559012326
3.822,0.915336259934123
3.8240000000000003,0.8937025794682727
3.826,0.7976503037060182
3.8280000000000003,0.7102468220144392
3.83,0.5885558207046259
3.8320000000000003,0.5388013871958622
3.834,0.41219302405818836
3.8360000000000003,0.36684378355277647
3.838,0.2757484805584033
3.84,0.23565301070589112
3.842,0.08042111055278242
3.844,0.031843745382472914
3.846,-0.025276868647217732
3.848,-0.053439272029337716
3.85,-0.23082787878097216
3.852,-0.18676960152968436
3.854,-0.19093324604427667
3.856,-0.21825948533368492
3.858,-0.2712185896864778
3.86,-0.20473373763415204
3.862,-0.13312443256286188
3.864,-0.16232175900743603
3.866,-0.17947590558519713
3.868,-0.08026519150000566
3.87,-0.15414019667135168
3.872,-0.09397762078537812
3.874,-0.13905008020240772
3.876,-0.10647858836664095
3.878,-0.09929301590212244
3.88,-0.031249557020693493
3.882,0.049413290414270394
3.884,0.054769539145949134
3.886,0.03094448118309431
3.888,0.052502760676461376
3.89,0.05851445767458313
3.892,0.04055379719343358
3.894,0.0028726791534630716
3.896,-0.042881948759164436
3.898,0.0517373952874089
3.9,0.05764120682206264
3.902,0.018195099044448174
3.904,0.02179462004796066
3.906,0.048757204956927605
3.908,0.11137796591332165
3.91,0.0009036656383918998
3.912,-0.015378251924590067
3.914,0.01971109073310239
3.916,0.004396126783309608
3.918,0.13518261309495502
3.92,-0.03610837870771677
3.922,0.05480717722283375
3.924,0.04606597909699299
3.926,0.07878190661998685
3.928,0.06711124963503769
3.93,0.04737288450743465
3.932,0.1407651426643416
3.934,0.08783447376543814
3.936,-0.002969014887015356
3.938,0.06728061456338122
3.94,0.09950566231221004
3.942,0.058919514791263186
3.944,0.14675406783029515
3.946,0.08429207448845026
3.948,0.07092096715977755
3.95,0.1255203675255669
3.952,0.07300174166266452
3.954,0.07658088389596504
3.956,0.131925179298769
3.958,0.1503229647825497
3.96,0.11009113871081955
3.962,0.10493377455826171
3.964,0.19472044940484587
3.966,0.22543277845058962
3.968,0.10689782253715432
3.97,0.15172450859165657
3.972,0.11023136341366441
3.974,0.12443494735820773
3.976,0.15010288422148024
3.978,0.17808243964493708
3.98,0.1419087475669082
3.982,0.18348141414932567
3.984,0.19065277247864942
3.986,0.22038861745595978
3.988,0.18669654168905264
3.99,0.1927495428953868
3.992,0.23127088134372986
3.994,0.10707844521033404
3.996,0.2557088685073762
3.998,0.18873444326230787
4.0,0.20440168880377643
4.002,0.248656925771854
4.0040000000000004,0.20066275025074123
4.006,0.1720771561681752
4.008,0.21295948960060937
4.01,0.24755462664138797
4.0120000000000005,0.181709847480734
4.014,0.14785079446351249
4.016,0.20380269676909002
4.018,0.15802449932972704
4.0200000000000005,0.18612851487708784
4.022,0.2324660519373423
4.024,0.1663030085401756
4.026,0.20075197026879946
4.0280000000000005,0.25055980124584626
4.03,0.1365642017663264
4.032,0.12094565679440371
4.034,0.21224218240751247
4.0360000000000005,0.1559243666833178
4.038,0.20994857653118495
4.04,0.23321372558881512
4.042,0.12479815511537574
4.0440000000000005,0.18318661768418504
4.046,0.23927765940980988
4.048,0.1429260943280924
4.05,0.15125948682414567
4.0520000000000005,0.18600651776278584
4.054,0.130786174120638
4.056,0.11790407870909869
4.058,0.1563946844332966
4.0600000000000005,0.182022785551401
4.062,0.10497799984500727
4.064,0.14954059405278905
4.066,0.1383996216248683
4.0680000000000005,0.16690573204408335
4.07,0.12339769362860624
4.072,0.061846716864798715
4.074,0.16028678560058007
4.0760000000000005,0.10139525560654106
4.078,0.13273332481665526
4.08,0.12362486837407702
4.082,0.10742897199599591
4.0840000000000005,0.18700213846018832
4.086,0.061618658392871936
4.088,0.11345535980277899
4.09,0.07398330436755693
4.0920000000000005,0.11755711176902614
4.094,0.08926072039164262
4.096,0.04507184154144783
4.098,0.11010289928488202
4.1,0.04085291256000292
4.102,0.06389180749818507
4.104,0.135269118213664
4.106,0.12238074100370322
4.108,0.04676276406496854
4.11,0.11577593542165886
4.112,0.09672143138989238
4.114,0.0032750419150670007
4.116,-0.019501749482963036
4.118,-0.02301957946427379
4.12,-0.00992762157097133
4.122,0.05227829305128914
4.124,0.06325616481277178
4.126,0.0452659461133363
4.128,0.038586904270619116
4.13,0.06808704875841498
4.132,0.06012461450068901
4.134,-0.03637018858233486
4.136,-0.009738936489446352
4.138,-0.007332037342059276
4.14,0.06926920025396055
4.142,0.07609968596224044
4.144,-0.00658708822290905
4.146,0.04378158600695926
4.148,0.0582526355770402
4.15,0.08833715056399999
4.152,-0.0047778269672083575
4.154,0.008081031153179178
4.156,0.01710744163515055
4.158,0.08435934947293544
4.16,0.0426843212720157
4.162,0.00974175322590935
4.164,-0.01618347268411491
4.166,-0.03227059581672914
4.168,0.020469380916797775
4.17,0.01726996176516674
4.172,-0.08223726662319487
4.174,0.011684066162595921
4.176,0.00633361862627917
4.178,-0.016342066757390538
4.18,0.05791334154695953
4.182,0.1006794930793436
4.184,0.04038161474776119
4.186,0.19670151831400326
4.188,0.10203296984036034
4.19,0.13650861461290792
4.192,0.23071836523545813
4.194,0.156080117093515
4.196,0.17110376858341705
4.198,0.14372228618193564
4.2,0.1719215861836333
4.202,0.2293565681959065
4.204,0.14519355899566985
4.206,0.12478865067322446
4.208,0.12369853432818156
4.21,0.0929673880849677
4.212,0.05268125837255606
4.214,0.01681196649633688
4.216,0.04710495941956745
4.218,0.09788994036198442
4.22,-0.01247650008473283
4.222,-0.004102400052015884
4.224,0.004241887561873537
4.226,-0.01250348968026424
4.228,-0.027182343293891038
4.23,-0.05302998741961562
4.232,-0.04620225172068945
4.234,-0.08055593809038544
4.236,-0.017756033945430932
4.238,-0.005378319372279288
4.24,0.009039723629765215
4.242,0.10328777422254692
4.244,0.005176007555907913
4.246,0.0708364636712778
4.248,0.016932252084933076
4.25,0.038292925099988565
4.252,-0.022000690927136215
4.2540000000000004,0.028231029433105514
4.256,0.02322151078879088
4.258,-0.015284781657128925
4.26,0.048990650362857206
4.2620000000000005,0.03053144042996499
4.264,0.07472369664776014
4.266,0.10359145357290012
4.268,0.08415075977814496
4.2700000000000005,-0.024899837721303816
4.272,-0.05240298416214202
4.274,0.007103266050499335
4.276,0.03964665616652548
4.2780000000000005,-0.06490234968533405
4.28,0.041841964975331804
4.282,0.011615850774091937
4.284,0.09809795937676977
4.2860000000000005,0.04640631403383891
4.288,0.04857361276455734
4.29,0.049686259570867954
4.292,0.016903029417154596
4.2940000000000005,0.10614916044891758
4.296,0.03796633056143853
4.298,0.026767626471428857
4.3,-0.03536669517231539
4.3020000000000005,0.14704869788208852
4.304,0.08966395743428561
4.306,0.025077800234279708
4.308,0.03182595363477214
4.3100000000000005,-0.0500010154322352
4.312,0.0691875556841793
4.314,-0.04102653715627135
4.316,-0.03006566166997142
4.3180000000000005,0.08475940186180443
4.32,-0.012526322707772958
4.322,0.07065760338973465
4.324,0.008862202858943381
4.3260000000000005,-0.018799446951297594
4.328,0.11954020563861864
4.33,-0.029405777765616592
4.332,0.005716867667133307
4.3340000000000005,-0.057463538422401546
4.336,-0.054031259064303325
4.338,0.10754436159156702
4.34,0.15506458791259423
4.3420000000000005,0.004226659762866673
4.344,0.08586386652845987
4.346,0.028839941240523824
4.348,0.09038258600410348
4.3500000000000005,-0.023998783080447242
4.352,-0.08730351300517403
4.354,0.09037866945690087
4.356,0.004898840796497387
4.358,0.03804790806323697
4.36,0.0844716223371163
4.362,0.042202482618347914
4.364,0.022046541768812267
4.366,0.12633761413195913
4.368,0.06046791003275847
4.37,0.11915173346121838
4.372,0.04676012385028463
4.374,0.09060545937282102
4.376,0.05735804723831447
4.378,0.08232815344282678
4.38,0.026970713838242108
4.382,4.884512947259112e-05
4.384,0.10155328694177075
4.386,0.10238948192351159
4.388,0.05080939986442011
4.39,0.013910391009598844
4.392,0.07007128500520483
4.394,0.13667329044340848
4.396,0.05667099381279076
4.398,0.012746001271931984
4.4,0.1011094174801746
4.402,0.06657301514657658
4.404,0.1098333710800158
4.406,0.11518569985142725
4.408,0.027846229942256877
4.41,0.12347181835427543
4.412,0.049806039723120754
4.414,0.026086538882864125
4.416,-0.01459499124722391
4.418,0.04129973855062172
4.42,0.0003993410406430975
4.422,0.13689628401251974
4.424,0.037446357004827936
4.426,0.12614020656319608
4.428,0.07614948476537797
4.43,0.06712548148382265
4.432,-0.053508233493091466
4.434,0.025833997568410885
4.436,-0.04920284124326445
4.438,-0.00804609687443715
4.44,0.11669809353904491
4.442,0.1539311889044011
4.444,0.11995818842875454
4.446,0.09730388922137784
4.448,0.0884076484809031
4.45,0.11197137206038946
4.452,0.07550042015747457
4.454,0.06957978526318787
4.456,-0.013368081076227563
4.458,0.058348615902717366
4.46,0.13473181023084274
4.462,0.0760255110011736
4.464,0.05447782346970238
4.466,0.097918778097498
4.468,0.009454048451937265
4.47,0.0718582291873468
4.472,0.08954773824791354
4.474,0.00019057277818006896
4.476,0.029524201909279603
4.478,0.04345844213117806
4.48,0.08769163657032034
4.482,0.032722404341895946
4.484,0.09213288242944966
4.486,0.11905938682062747
4.488,0.10757025789822797
4.49,0.0596983218372667
4.492,0.004229652814650028
4.494,0.021140916043574112
4.496,0.058033702051608044
4.498,0.06916900483262314
4.5,0.13044939910802714
4.502,0.003655180175039005
4.5040000000000004,0.14127520430922913
4.506,0.028982565559337668
4.508,0.10082440508566833
4.51,0.027550352479188186
4.5120000000000005,0.053041850643123535
4.514,0.1126196011491283
4.516,0.10739592511684302
4.518,0.11677800849788392
4.5200000000000005,0.11942568726870173
4.522,0.08424487993938211
4.524,0.07008952353877872
4.526,0.12593921068349595
4.5280000000000005,-0.02212998574987088
4.53,0.09815067736084307
4.532,0.0020033175874121026
4.534,0.0783029467658509
4.5360000000000005,0.06687800212624748
4.538,0.026469013841142867
4.54,0.056420023309731136
4.542,0.09702104311157642
4.5440000000000005,0.036699851980940355
4.546,-0.029394211537457943
4.548,0.06541341058310754
4.55,0.09709218053764691
4.5520000000000005,0.010391770698380272
4.554,0.06830855725964823
4.556,0.04109178653155475
4.558,0.027858148857595057
4.5600000000000005,0.09379818656324573
4.562,0.1151813846697587
4.564,0.13405708765829843
4.566,0.10766396245400671
4.5680000000000005,0.17210668293541492
4.57,0.16894719920031592
4.572,0.15636450969781118
4.574,0.19233990697810552
4.5760000000000005,0.3665853342056516
4.578,0.5007836236836967
4.58,0.6062229313475237
4.582,0.7934102441882137
4.5840000000000005,0.8504212572467161
4.586,0.9711985271104949
4.588,1.057963807450559
4.59,1.2382056068094254
4.5920000000000005,1.2019313272918246
4.594,1.2033529430430747
4.596,1.191971472497874
4.598,1.1538775969526773
4.6000000000000005,1.185128212908751
4.602,1.1359098104404999
4.604,1.0846580457474875
4.606,1.058280797926659
4.6080000000000005,0.8763667804044585
4.61,0.7860721247890774
4.612,0.6253095222866046
4.614,0.48056394188338164
4.616,0.36551613624803353
4.618,0.3854660070724067
4.62,0.2977188601545509
4.622,0.18819565855866993
4.624,0.06341815114029248
4.626,0.08908481838153239
4.628,-0.0939963300943526
4.63,-0.052993366955611666
4.632,-0.15749089288241053
4.634,-0.17717363118180998
4.636,-0.12419500034472938
4.638,-0.04627912917322172
4.64,-0.06183624069326377
4.642,-0.07904143100694846
4.644,-0.023484398416916717
4.646,0.03453452818202318
4.648,0.022428711498804862
4.65,0.122596350525746
4.652,0.05553184854254686
4.654,0.0812371983480818
4.656,0.04034755958634896
4.658,0.012243758353064571
4.66,0.07173267775639997
4.662,0.11582820977213937
4.664,0.14193661277194314
4.666,0.19938339610080158
4.668,0.10239740212419401
4.67,0.08438968806116917
4.672,0.1525971371562803
4.674,0.05331579484904228
4.676,0.056114447676405214
4.678,0.05401712350281312
4.68,0.10397605392605191
4.682,0.1393788378102588
4.684,0.026918861427270846
4.686,0.11641112804905718
4.688,0.07318769691022911
4.69,0.11006657133535407
4.692,0.03958661076499985
4.694,0.12998308559656455
4.696,0.07548807588302353
4.698,0.1362334838293797
4.7,0.15531103119317047
4.702,0.09149136025842951
4.704,0.1432034350320853
4.706,0.11769392227324627
4.708,0.16159107172157705
4.71,0.13714225739419122
4.712,0.18658694239120904
4.714,0.11138531496154778
4.716,0.1484400280817244
4.718,0.07821298315237243
4.72,0.13598297653888547
4.722,0.2071250765163488
4.724,0.3000198715459129
4.726,0.25887443612893263
4.728,0.13333026349146077
4.73,0.17927081961776775
4.732,0.161656024505978
4.734,0.08497837591264105
4.736,0.08978674268928451
4.738,0.21265189241665214
4.74,0.16981374077502476
4.742,0.2287434993890297
4.744,0.3031158092648158
4.746,0.17081093497702038
4.748,0.21606594372630084
4.75,0.23566911420716116
4.752,0.34233651370910184
4.7540000000000004,0.2895545256758719
4.756,0.17342730643848886
4.758,0.2540216730493163
4.76,0.31476732475548097
4.7620000000000005,0.2780985624643466
4.764,0.2853314943520485
4.766,0.2989777716481636
4.768,0.31438196334984225
4.7700000000000005,0.24266538499107462
4.772,0.2452449338915322
4.774,0.3132504059945932
4.776,0.3316169029383849
4.7780000000000005,0.26803469121059165
4.78,0.28200831671959437
4.782,0.319935372046715
4.784,0.35081982545347834
4.7860000000000005,0.3915300329863888
4.788,0.3077855227361744
4.79,0.3198922113083957
4.792,0.32629021696854854
4.7940000000000005,0.33594495980024064
4.796,0.26491877783617374
4.798,0.3357221947170957
4.8,0.41160014322665484
4.8020000000000005,0.3664046872814968
4.804,0.36503556273237114
4.806,0.3006199409686831
4.808,0.360413067344197
4.8100000000000005,0.36741443539402374
4.812,0.3622528306983209
4.814,0.26894671234296
4.816,0.3319500485868901
4.8180000000000005,0.3095967132996212
4.82,0.33124160117168583
4.822,0.2392261755242603
4.824,0.24137123357612983
4.8260000000000005,0.28160834440862387
4.828,0.3183007136327191
4.83,0.2897420455086658
4.832,0.33315336544906043
4.8340000000000005,0.2652657351648758
4.836,0.30866408346643825
4.838,0.19916545346795145
4.84,0.2115839101357862
4.8420000000000005,0.27747065569698187
4.844,0.31003776468647126
4.846,0.21461368357863614
4.848,0.28380186941543145
4.8500000000000005,0.21826311296056763
4.852,0.23193067678573498
4.854,0.1600902834735768
4.856,0.1703623614293107
4.8580000000000005,0.12768960594054138
4.86,0.2048884089521748
4.862,0.1700921622324682
4.864,0.22412335493972307
4.866,0.2328670292031192
4.868,0.1991797572704588
4.87,0.22283266096601273
4.872,0.11387809496069472
4.874,0.21542675573232556
4.876,0.07474993051323045
4.878,0.20499840688075582
4.88,0.20130752736612584
4.882,0.2600370991707157
4.884,0.2034634630311746
4.886,0.13492076352561114
4.888,0.24097478372995731
4.89,0.13073027044433644
4.892,0.20674863652151373
4.894,0.17842267507172685
4.896,0.13742662346146803
4.898,0.1097122846774749
4.9,0.11551555812143646
4.902,0.10977503358128568
4.904,0.2472988264632795
4.906,0.13955365188906219
4.908,0.18786176157642245
4.91,0.1552158609992345
4.912,0.022272005253648544
4.914,0.13628746380606815
4.916,0.13784106502076016
4.918,0.1599037309338051
4.92,0.16560548264513275
4.922,0.16299520116108296
4.924,0.1417383582275507
4.926,0.16477356944265084
4.928,0.1264363826899772
4.93,0.20579538548191803
4.932,0.12843974654480667
4.934,0.10756947138218617
4.936,0.10543647243122728
4.938,0.07450862830013613
4.94,0.15328758340634405
4.942,0.05899157113496366
4.944,0.10527166730585344
4.946,0.17012057268229505
4.948,0.18175000230306176
4.95,0.1818200762474611
4.952,0.11050691694875708
4.954,0.05805569946489812
4.956,0.12581248183994176
4.958,0.05158769548781528
4.96,0.1367289451607119
4.962,0.11082462624677145
4.964,0.11576438942205561
4.966,0.14678635707143461
4.968,0.12023394025042082
4.97,0.08556012394704228
4.972,0.07252790030205769
4.974,0.02265470150662756
4.976,0.028621126769374075
4.978,0.15663489288795904
4.98,0.04735711331457618
4.982,0.14847893926196776
4.984,0.10092186940093295
4.986,0.1423183617377257
4.988,0.15174194792454107
4.99,0.03737767396904157
4.992,0.13113274349341666
4.994,0.055864042967383766
4.996,0.08269781137307154
4.998,0.1251089825642657
5.0,0.11011993600689325
5.002,0.17240784634202672
5.0040000000000004,0.11459935045574168
5.006,0.1570037334606466
5.008,0.11970970603936848
5.01,0.09706918801382479
5.0120000000000005,0.09606091474621689
5.014,0.06169192731625747
5.016,0.13539421882482028
5.018,0.07067690883883286
5.0200000000000005,0.03516122106898185
5.022,0.07266830500199305
5.024,0.1262236712222628
5.026,0.12980202921794945
5.0280000000000005,0.0742985613777717
5.03,0.214912594158267
5.032,0.1589880322561523
5.034,0.12422044154081825
5.0360000000000005,0.2560116076597952
5.038,0.2903513387569625
5.04,0.2969190538171892
5.042,0.3606790906300326
5.0440000000000005,0.22988369148594773
5.046,0.22785049204463914
5.048,0.19310405549744075
5.05,0.18989273289513098
5.0520000000000005,0.18979038719941993
5.054,0.25492564099912723
5.056,0.1345836204404682
5.058,0.18389472683459485
5.0600000000000005,0.07776487684875591
5.062,0.09021208080378257
5.064,0.17772632572913866
5.066,0.12421306058291653
5.0680000000000005,0.15679164521026345
5.07,0.11282892568294123
5.072,0.13229802300171717
5.074,0.01961414836630642
5.0760000000000005,0.11274690912592308
5.078,0.08351828822088547
5.08,0.09634904464775375
5.082,0.12290573289165886
5.0840000000000005,0.16623493112438875
5.086,0.09485284538414622
5.088,0.15411127678488767
5.09,0.09017209039276707
5.0920000000000005,0.12131420761700025
5.094,0.0819279239069824
5.096,0.2201051570889902
5.098,0.10285114555224094
5.1000000000000005,0.21533392221465253
5.102,0.1940593272257191
5.104,0.1151379659228656
5.106,0.16512442568556177
5.1080000000000005,0.09897453787364963
5.11,0.13347973041647726
5.112,0.09521629665487533
5.114,0.14396207698454977
5.1160000000000005,0.10044019785958287
5.118,0.18206385088714325
5.12,0.16976775348982343
5.122,0.12383014394118895
5.124,0.10747738487882477
5.126,0.15700007552672504
5.128,0.14548456635967508
5.13,0.1395242894898217
5.132,0.08358837752334713
5.134,0.058946513530601284
5.136,0.11275012152357745
5.138,0.1153625897439596
5.14,0.12190370008382598
5.142,0.13558984224730317
5.144,0.18546284788102116
5.146,0.1774536941008532
5.148,0.13669767354507514
5.15,0.11763736495970674
5.152,0.0871185902951204
5.154,0.14919028938326334
5.156,0.06356807455277882
5.158,0.10957062264304192
5.16,0.23501708502410792
5.162,0.13091687917888636
5.164,0.1894636969073219
5.166,0.12149088040283752
5.168,0.08932478465895761
5.17,0.05686889163312983
5.172,0.0761770577231257
5.174,0.17085098274939298
5.176,0.04009685179193309
5.178,0.11651830350183327
5.18,0.24572543321856286
5.182,0.10506338138467977
5.184,0.047563376162424134
5.186,0.14732456213528014
5.188,0.09478318923826644
5.19,0.17861766902205078
5.192,0.09489508479545328
5.194,0.1513772321595317
5.196,0.17715172225391707
5.198,0.09949874722681443
5.2,0.04458195279775766
5.202,0.1131670469659431
5.204,0.1353032714180562
5.206,0.1285782971084664
5.208,0.14083113529015895
5.21,0.08249543624830989
5.212,0.14823778838615856
5.214,0.10352618234524981
5.216,0.1267183106112495
5.218,0.11140396888328667
5.22,0.14032880518911908
5.222,0.1463146170382081
5.224,0.13007323567448326
5.226,0.1711333132018991
5.228,0.22410479920074483
5.23,0.09191520036844779
5.232,0.164522045579269
5.234,0.11218099853196403
5.236,0.09549537895632844
5.238,0.21761824716702574
5.24,0.17330027606987133
5.242,0.17945644363160396
5.244,0.20821350916156497
5.246,0.1274410138339699
5.248,0.2415149198964706
5.25,0.18653705410275276
5.252,0.13661045076025324
5.2540000000000004,0.10980134658314428
5.256,0.205055124525518
5.258,0.1367959658292196
5.26,0.15004852083270237
5.2620000000000005,0.13088258596342905
5.264,0.1697882766013817
5.266,0.15961605335607615
5.268,0.12112679189979836
5.2700000000000005,0.15994535899514706
5.272,0.241819470976673
5.274,0.12926437858134573
5.276,0.11930990243372622
5.2780000000000005,0.21445761769051414
5.28,0.07374987949810294
5.282,0.16862387698425937
5.284,0.12732236987306747
5.2860000000000005,0.19236889320898723
5.288,0.18279583723209147
5.29,0.18125188558651809
5.292,0.10568947673433007
5.2940000000000005,0.12820347727894246
5.296,0.10784691414744751
5.298,0.24078460445118102
5.3,0.10458000938314449
5.3020000000000005,0.24770150917534767
5.304,0.08666222440371671
5.306,0.0966106400803774
5.308,0.10155319960963674
5.3100000000000005,0.07241210769175105
5.312,0.1302221520323638
5.314,0.14214636599769903
5.316,0.21611252847062426
5.3180000000000005,0.20481948417027168
5.32,0.07543140740411483
5.322,0.19234968198162028
5.324,0.19074522827096657
5.3260000000000005,0.1755135497073114
5.328,0.13632225764209677
5.33,0.14807169171958032
5.332,0.15140722036007404
5.3340000000000005,0.18176889008837832
5.336,0.104251469416417
5.338,0.16704903005990165
5.34,0.13994236941191548
5.3420000000000005,0.11070639784996464
5.344,0.11349869903449056
5.346,0.22710157275615186
5.348,0.22503341000587282
5.3500000000000005,0.30286023255425765
5.352,0.21378548366056127
5.354,0.3736016697670879
5.356,0.4023893546582866
5.3580000000000005,0.5648481316434415
5.36,0.657544881412477
5.362,0.8039110838816207
5.364,0.9470011743102813
5.3660000000000005,0.9507357981065436
5.368,1.032130021584481
5.37,1.0321620695465075
5.372,1.1132639793444055
5.3740000000000006,1.0723742865161903
5.376,1.127172197004254
5.378,1.1008716600146196
5.38,1.032559393046243
5.382,1.0461461078214278
5.384,1.0446711419863532
5.386,0.799971863905799
5.388,0.8256684458379157
5.39,0.6891908576099133
5.392,0.6213932839602306
5.394,0.5329437313183586
5.396,0.4534667535686281
5.398,0.4175990280996099
5.4,0.2592630060861538
5.402,0.21794585727724422
5.404,0.18545343342967102
5.406,0.07938582099238442
5.408,-0.026973669297482267
5.41,-0.037383268052962465
5.412,-0.018761160696232536
5.414,-0.010594503177290479
5.416,-0.08164118988763258
5.418,-0.0500562209088562
5.42,-0.02430865195183285
5.422,0.12249063854998896
5.424,0.20007159633276322
5.426,0.1948192194817927
5.428,0.24191596392734943
5.43,0.21976970186144054
5.432,0.32579468290573854
5.434,0.22464633871493775
5.436,0.23308090558630912
5.438,0.2573478469758207
5.44,0.21864620702543558
5.442,0.2553768937032935
5.444,0.23646035003660418
5.446,0.27856435298214155
5.448,0.19298962246966037
5.45,0.14205334079255755
5.452,0.21535776750807645
5.454,0.18014517018544934
5.456,0.17771063794221187
5.458,0.23979163030938788
5.46,0.152915967136477
5.462,0.1600189252607316
5.464,0.18058500586995854
5.466,0.2401023854699288
5.468,0.1088362027764464
5.47,0.161982246433386
5.472,0.1431255235130596
5.474,0.15731931008008593
5.476,0.07067729804781271
5.478,0.18025068522651483
5.48,0.2983899781696489
5.482,0.1962072857866088
5.484,0.2515663357231455
5.486,0.26010093680656093
5.488,0.15712709629570654
5.49,0.25296800254921575
5.492,0.29917813603136306
5.494,0.17098875051387663
5.496,0.24865771785688878
5.498,0.20875701886132325
5.5,0.22818333021141396
5.502,0.24178441357552183
5.5040000000000004,0.21431442859440938
5.506,0.3530276475933411
5.508,0.1463617511311764
5.51,0.18742414219277076
5.5120000000000005,0.2564364839702356
5.514,0.20806221900732358
5.516,0.15148864571296614
5.518,0.30022022578565016
5.5200000000000005,0.28732385807785393
5.522,0.2539696034085894
5.524,0.2883094683022736
5.526,0.2533342789718458
5.5280000000000005,0.34186956883481445
5.53,0.25000185457545976
5.532,0.3410890459500483
5.534,0.255583348536726
5.5360000000000005,0.2531379400827108
5.538,0.17876599974018575
5.54,0.3011789989258542
5.542,0.3073118232003845
5.5440000000000005,0.2637679516057191
5.546,0.32202753695047664
5.548,0.3019292107860443
5.55,0.2714815217472568
5.5520000000000005,0.2642099172986256
5.554,0.30311645689391903
5.556,0.32211949960588626
5.558,0.276717228253298
5.5600000000000005,0.3475593260391429
5.562,0.37700636132818066
5.564,0.3625421573927463
5.566,0.3568114768981331
5.5680000000000005,0.39643479868025944
5.57,0.31796100458044485
5.572,0.22983344268400646
5.574,0.2831426558100168
5.5760000000000005,0.2274381031579969
5.578,0.35740712665810653
5.58,0.35511325974402086
5.582,0.3487948339565394
5.5840000000000005,0.37655087583651703
5.586,0.21879125597924973
5.588,0.26212313269284865
5.59,0.23554727696793418
5.5920000000000005,0.3702523709560142
5.594,0.35082893583183467
5.596,0.31459774089275827
5.598,0.3387246230963396
5.6000000000000005,0.251490734332575
5.602,0.3647485196808298
5.604,0.27385722785965283
5.606,0.410517471537316
5.6080000000000005,0.2734776356324408
5.61,0.24208147076605244
5.612,0.2703984901630897
5.614,0.2565722420844655
5.6160000000000005,0.2857586439609235
5.618,0.3158281148499087
5.62,0.34285385687943676
5.622,0.28994845904671623
5.6240000000000006,0.2906374419689636
5.626,0.2492641308937683
5.628,0.2862621249997876
5.63,0.30908068981619075
5.632,0.3611327790710253
5.634,0.2502553828878723
5.636,0.3099180487240665
5.638,0.25855421253421185
5.64,0.3403282157836857
5.642,0.2695707381351465
5.644,0.32395406015814643
5.646,0.2607364777908336
5.648,0.28149951566063386
5.65,0.3102358904084821
5.652,0.20318263346964094
5.654,0.18090508189926086
5.656,0.22706684473909491
5.658,0.2282177399756406
5.66,0.1320726876539311
5.662,0.2508176592102251
5.664,0.2756330295633609
5.666,0.18555823195487609
5.668,0.21075810938140238
5.67,0.15360341713057712
5.672,0.21107565032454598
5.674,0.2239035681350646
5.676,0.11778595452496565
5.678,0.18490003540824954
5.68,0.20220521202169345
5.682,0.1534180698805947
5.684,0.070741415043628
5.686,0.15644228961239845
5.688,0.2285967641805902
5.69,0.08345203557700165
5.692,0.1517481958901432
5.694,0.06307344570948194
5.696,0.09925339178199136
5.698,0.09709465089749755
5.7,0.13014558493107692
5.702,0.11717026339648118
5.704,0.17635527071354645
5.706,0.11599787094586306
5.708,0.1774934423861103
5.71,0.1912910111830431
5.712,0.13035017734244117
5.714,0.09205256733589301
5.716,0.07680050504729892
5.718,0.21869313533846768
5.72,0.08431268120998202
5.722,0.12989437935941758
5.724,0.21201796549243285
5.726,0.12357993962768266
5.728,0.21850360861703497
5.73,0.12905310735582867
5.732,0.11168026237409007
5.734,0.05676538145064328
5.736,0.1335334610587245
5.738,0.13482970563567626
5.74,0.07568202399986079
5.742,0.12618982320948136
5.744,0.13078557484430967
5.746,0.18764765920950593
5.748,0.07828070269337764
5.75,0.1019441385837172
5.752,0.1892431137009698
5.7540000000000004,0.08954812408734544
5.756,0.15397546708682128
5.758,0.09540416520441564
5.76,0.22214727290680414
5.7620000000000005,0.19741727954699584
5.764,0.14445561378027905
5.766,0.1356938166264172
5.768,0.20135869961354508
5.7700000000000005,0.16810271353380138
5.772,0.10406766401848673
5.774,0.07473184567004419
5.776,0.10972459008343173
5.7780000000000005,0.1334424830551019
5.78,0.12308002748627932
5.782,0.018936316694797325
5.784,0.13116354515810583
5.7860000000000005,0.06509502806887472
5.788,0.16633228675253262
5.79,0.08569933090208301
5.792,0.021221528010652885
5.7940000000000005,0.14439512770264867
5.796,0.12210388186854718
5.798,0.08024132896594191
5.8,0.10476987042190367
5.8020000000000005,0.121324094983006
5.804,0.12212136676265395
5.806,0.1536341488298587
5.808,0.17239471518056812
5.8100000000000005,0.12076275018930661
5.812,0.10849796213313563
5.814,0.07147096776798846
5.816,0.11807646835672307
5.8180000000000005,0.11373714019849307
5.82,0.11717675021126407
5.822,0.11808836274638645
5.824,0.10390267246658635
5.8260000000000005,0.09184504045485992
5.828,0.15763020192903324
5.83,0.17301340671171278
5.832,0.038292546940559585
5.8340000000000005,0.0933932743147213
5.836,0.14729444216919615
5.838,0.017290258023710967
5.84,0.059820634111910395
5.8420000000000005,0.13887591410676806
5.844,0.2116500091664232
5.846,0.13195353602173077
5.848,0.14403446296443492
5.8500000000000005,0.10186348215489718
5.852,0.11078747560446528
5.854,0.09022145626949825
5.856,0.14834597625280146
5.8580000000000005,0.09718734871997892
5.86,0.16841755334046382
5.862,0.14421117152213733
5.864,0.14550769748857142
5.8660000000000005,0.06276414250117668
5.868,0.08707475225102018
5.87,0.11006989554059476
5.872,0.013448939463906101
5.8740000000000006,0.11015179785822767
5.876,0.07324886111551253
5.878,0.14656687155328724
5.88,0.22523124584208995
5.882000000000001,0.2515677499713336
5.884,0.23042967298671757
5.886,0.21272017331779836
5.888,0.2890706552841748
5.89,0.25036464600033437
5.892,0.22343003837396774
5.894,0.18306755490633608
5.896,0.29724505522188865
5.898,0.24655134856772498
5.9,0.24722725257113817
5.902,0.21889899220964035
5.904,0.1419673547563149
5.906,0.1462715848080906
5.908,0.13714740773280282
5.91,0.16729898655087877
5.912,0.12599685462425675
5.914,0.06641328185722323
5.916,0.0976231547108441
5.918,0.09416779945723948
5.92,0.06228882628727085
5.922,0.13401797552086875
5.924,0.08677740417906249
5.926,0.018201438499747008
5.928,0.10069451030374504
5.93,0.08744653145042805
5.932,0.053309402959642274
5.934,0.019984095872112716
5.936,0.05571634023495188
5.938,0.02230568128960491
5.94,0.1743657068879168
5.942,0.10096415816715469
5.944,0.07638763692912208
5.946,0.07741267325044576
5.948,0.15533061690668393
5.95,0.07385253120651097
5.952,0.1299474113074443
5.954,0.058603643726841945
5.956,0.04608912785561565
5.958,0.0957928609396723
5.96,0.08630200613095203
5.962,0.17017591620289693
5.964,0.14885167337708913
5.966,0.14318361234802532
5.968,0.13382717318793608
5.97,0.124198373326294
5.972,0.05204193592787727
5.974,0.060558798525389396
5.976,0.07518589208949102
5.978,0.013101355954828156
5.98,0.19847475088576327
5.982,0.048731571623467654
5.984,0.060821769317077876
5.986,0.12373655451962912
5.988,0.044593995778753504
5.99,0.08261196108515916
5.992,0.04767176526459607
5.994,0.03851420901551541
5.996,0.12063886450823039
5.998,-0.02906617686211803
6.0,0.0866956159337883
6.002,0.16276412254436304
6.0040000000000004,0.06560069524492912
6.006,0.047602313806451774
6.008,0.2230867228778142
6.01,0.07004648279073826
6.0120000000000005,0.12237077540917246
6.014,0.05617634208751612
6.016,0.10867332640894026
6.018,0.0648788826926585
6.0200000000000005,0.08219123444609905
6.022,0.19133746681164832
6.024,0.1133403112188376
6.026,0.03718699510434974
6.0280000000000005,0.12645210216894093
6.03,0.09794152317996611
6.032,0.0987751982140201
6.034,0.05767175160382922
6.0360000000000005,0.04815156149731186
6.038,0.1231205560223448
6.04,0.18048935309854217
6.042,0.12179161357442089
6.0440000000000005,0.21305351227850206
6.046,0.0969487712593156
6.048,0.038526693312033775
6.05,0.0014176954752654625
6.0520000000000005,0.11661290699279638
6.054,0.0786862554426592
6.056,0.10060080353782458
6.058,0.15148324864691137
6.0600000000000005,0.0596632159471002
6.062,0.12313692338889438
6.064,0.11027912677752696
6.066,0.12262958927875775
6.0680000000000005,0.18459641896176152
6.07,0.10078110346164319
6.072,0.10677288190520012
6.074,0.15199853435293073
6.0760000000000005,0.09775333488944009
6.078,0.012331358520105418
6.08,0.12984085880144733
6.082,0.10903242168605809
6.0840000000000005,0.08951709718715528
6.086,0.03571854083318314
6.088,0.20982412752991902
6.09,0.09446765906470239
6.0920000000000005,0.11394163142220712
6.094,0.17351271667290646
6.096,0.13248811782456937
6.098,0.09918233035268524
6.1000000000000005,0.07109198393508709
6.102,0.1604869024170369
6.104,0.16805700004880283
6.106,0.16476237306511451
6.1080000000000005,0.03190731878212222
6.11,0.04458143717450426
6.112,0.030516562712140705
6.114,0.09886217471880951
6.1160000000000005,0.14026909742664806
6.118,0.11944175687507172
6.12,0.14595205404119638
6.122,0.1535378814978615
6.1240000000000006,0.13075058385755886
6.126,0.20875902865760324
6.128,0.19237844035682178
6.13,0.2360638613932955
6.132000000000001,0.3837038406444106
6.134,0.3170631590594464
6.136,0.5308007471564952
6.138,0.5800337941785574
6.140000000000001,0.7273138436904082
6.142,0.7633432713414356
6.144,0.8947810370661267
6.146,0.9276369912564979
6.148,0.9543069911330736
6.15,1.0880033299164358
6.152,1.0249951096252221
6.154,1.0705760730148826
6.156,1.1095290817829657
6.158,1.0659935776463951
6.16,1.0080207167657278
6.162,0.9231337189977116
6.164,0.9764740105224516
6.166,0.7867333993644231
6.168,0.7324538968385021
6.17,0.6841573603215059
6.172,0.546530033955555
6.174,0.3838501061520871
6.176,0.35914756930234415
6.178,0.2808615873839277
6.18,0.3110979511655148
6.182,0.061856061382953006
6.184,0.0951406331313123
6.186,0.024689832101361782
6.188,-0.09407760259613898
6.19,-0.12315423871232178
6.192,-0.11272100266867137
6.194,-0.13277749200191466
6.196,-0.07697387717801842
6.198,-0.16624539550648754
6.2,-0.07525878270684024
6.202,-0.04100815524722145
6.204,-0.06697474504396257
6.206,0.0971942855275979
6.208,0.02944892806256656
6.21,0.0064361106124308995
6.212,0.03460127623344945
6.214,-0.002801527444361275
6.216,0.05569541494358411
6.218,0.023387807424900042
6.22,0.05585327304553687
6.222,0.10995880134830963
6.224,0.14432355254091647
6.226,0.14223320217052765
6.228,0.10491462953573581
6.23,0.060040721943561554
6.232,0.10166469204683705
6.234,0.07175123926288192
6.236,0.005901947369411992
6.238,0.14382333632344096
6.24,0.041289227973019364
6.242,0.1145734764291189
6.244,0.027353511080680834
6.246,0.1578577285572476
6.248,0.16361196617391932
6.25,0.11550522818404038
6.252,0.10419532221781512
6.2540000000000004,0.06146767005867841
6.256,0.0024192609079303207
6.258,0.13613320488724945
6.26,0.16070453755558534
6.2620000000000005,0.09771463802266474
6.264,0.1097843393610943
6.266,0.19322229190059495
6.268,0.11624558515864108
6.2700000000000005,0.2138385040075778
6.272,0.08616699726076066
6.274,0.15497391785379358
6.276,0.07038075138545843
6.2780000000000005,0.09324693576898038
6.28,0.16111294272613094
6.282,0.22224509794376657
6.284,0.2257238330605601
6.2860000000000005,0.20924466431717248
6.288,0.17976482576748148
6.29,0.2486803766399602
6.292,0.24990948206113772
6.2940000000000005,0.24683993289743147
6.296,0.28171973026779074
6.298,0.36501638453959423
6.3,0.338220219964966
6.3020000000000005,0.47178814802106583
6.304,0.36829519177642717
6.306,0.3760391024717611
6.308,0.3396250129161204
6.3100000000000005,0.28134818685456187
6.312,0.2928468947210928
6.314,0.21378400725757168
6.316,0.19421309863827443
6.3180000000000005,0.2389793647898267
6.32,0.26427294314363287
6.322,0.23442414294816263
6.324,0.20258118910561923
6.3260000000000005,0.24057089052636793
6.328,0.21865923731984413
6.33,0.22539048901597777
6.332,0.1227239543907794
6.3340000000000005,0.17305904905769803
6.336,0.1488948786065933
6.338,0.21749845498927395
6.34,0.29957442364986203
6.3420000000000005,0.22616643188388968
6.344,0.34368988744394885
6.346,0.2210995998184821
6.348,0.31914395851422944
6.3500000000000005,0.14222568696827106
6.352,0.2443941767246755
6.354,0.18887784278945763
6.356,0.21779509293388527
6.3580000000000005,0.19562609931648794
6.36,0.3144115462561422
6.362,0.20302428778453493
6.364,0.3049733798274268
6.3660000000000005,0.28205402929151185
6.368,0.2629786668833042
6.37,0.2439460923764241
6.372,0.14647339199027076
6.3740000000000006,0.22307454989563666
6.376,0.22442810068924485
6.378,0.1763240199629117
6.38,0.22731390463779996
6.382000000000001,0.20332174405376743
6.384,0.2470731797077704
6.386,0.1797455236952883
6.388,0.25810406135168856
6.390000000000001,0.22238094595630883
6.392,0.19079630616042476
6.394,0.1701150548659361
6.396,0.194726220806927
6.398000000000001,0.22914331029457752
6.4,0.19522732714454577
6.402,0.2047640911153206
6.404,0.11779109283353204
6.406,0.09674279680540049
6.408,0.23571828242524376
6.41,0.1868044094743325
6.412,0.16209840801611747
6.414,0.12432440212160831
6.416,0.13380670488798968
6.418,0.1737965615764615
6.42,0.1529142744432741
6.422,0.21013768157747992
6.424,0.13348597324572692
6.426,0.11895774377607526
6.428,0.030042445345515367
6.43,0.20536491839124538
6.432,0.0749436075415263
6.434,0.14848848888375454
6.436,0.1685390889369368
6.438,0.12070359376721153
6.44,0.1449898508231363
6.442,0.10034006397191243
6.444,0.09343599650322304
6.446,0.10459159604470897
6.448,0.08726338511734175
6.45,0.04010479935957702
6.452,0.06893850006659347
6.454,0.019036439464884328
6.456,0.1194761649951571
6.458,0.13441278904409515
6.46,0.035263077588275696
6.462,0.0740046245661859
6.464,0.11786210127446178
6.466,0.13448617927535514
6.468,0.057344967091380816
6.47,0.06467488645233282
6.472,0.14054575311546968
6.474,-0.053454173174211125
6.476,0.06914235992937548
6.478,0.07207909727430457
6.48,0.08882227314800872
6.482,0.06815631526321343
6.484,0.16321208975077012
6.486,0.12557284076915876
6.488,-0.0015162746259974325
6.49,0.098388679406059
6.492,0.08317622143984711
6.494,0.037496675563446456
6.496,0.04567512302975691
6.498,0.14818510759543269
6.5,0.004049775810176515
6.502,0.09479260694144673
6.5040000000000004,0.06369742150878721
6.506,0.08679862139353627
6.508,0.15442579781861998
6.51,0.1748648022268718
6.5120000000000005,0.10134630198869807
6.514,0.030410196659404802
6.516,-0.04135943629665409
6.518,0.012625338145000012
6.5200000000000005,0.11578060393164938
6.522,0.11543189748962474
6.524,0.06717075947911308
6.526,0.08513362481344625
6.5280000000000005,0.03704614515493787
6.53,-0.0016382113076433419
6.532,0.024181686485571882
6.534,0.09683597039537716
6.5360000000000005,-0.03356893891293304
6.538,0.033540742303141836
6.54,-0.05967210403176215
6.542,-0.061184258753621656
6.5440000000000005,0.12420828443716074
6.546,0.0306302475322456
6.548,0.025955699637807236
6.55,0.054781356934713255
6.5520000000000005,0.008623063082626002
6.554,-0.00034498399757109006
6.556,-0.06487300176830559
6.558,0.01437887312578253
6.5600000000000005,0.04020562559779654
6.562,0.06022405972362227
6.564,-0.06656455689659625
6.566,-0.016267498656421207
6.5680000000000005,-0.07344641879283333
6.57,0.008744502258462435
6.572,-0.05161415543885983
6.574,-0.024028633086714192
6.5760000000000005,-0.05840796260329177
6.578,-0.06534216044684232
6.58,-0.02362002903870394
6.582,0.03790038275946673
6.5840000000000005,0.012671654483452258
6.586,0.006387503642187337
6.588,0.0060851128956711555
6.59,0.09580774460909801
6.5920000000000005,0.020940511012033605
6.594,0.019986147343027394
6.596,-0.052796931473758475
6.598,-0.0244343673714019
6.6000000000000005,0.023036426538430438
6.602,0.09478207058465327
6.604,0.037035589079353545
6.606,-0.045518172686984486
6.6080000000000005,0.06659871525784433
6.61,-0.043314890411189855
6.612,0.033708033929440134
6.614,-0.011710722122363623
6.6160000000000005,0.00393376638551997
6.618,0.021272943267453468
6.62,-0.058676706074886585
6.622,0.028274452498077512
6.6240000000000006,0.0537743992587468
6.626,0.05847562419577955
6.628,0.011080529953283381
6.63,0.022028430513070067
6.632000000000001,-0.05159638548051657
6.634,-0.06862038562420625
6.636,-0.0033381141938028155
6.638,-0.054156099204432505
6.640000000000001,-0.04878173695408568
6.642,-0.05320540394932379
6.644,-0.010161840971499341
6.646,0.007081267032895289
6.648000000000001,0.09665922072735789
6.65,-0.026933682055614534
6.652,-0.11269123981279797
6.654,-0.009769513496434106
6.656000000000001,-0.03458846809401282
6.658,-0.0448143260769947
6.66,0.07434904485594601
6.662,0.06211216693643322
6.664,0.05019355101570225
6.666,0.05340577933757261
6.668,0.055370897456084894
6.67,0.025810430243674014
6.672,-0.01929074810867975
6.674,0.05962344806822904
6.676,-0.010001087588634138
6.678,-0.0911596882527358
6.68,-0.018489554773687522
6.682,-0.04896592901795092
6.684,0.08179011117773394
6.686,0.033714396392985006
6.688,-0.05494672552148133
6.69,-0.02816433306555638
6.692,0.015778105399982957
6.694,-0.004593638745279398
6.696,0.0029163569679249435
6.698,0.08197057950330261
6.7,0.053780427010924337
6.702,0.12862654437895313
6.704,0.20197077922954693
6.706,0.10022321554528987
6.708,0.15604857363377284
6.71,0.13061240358208884
6.712,0.08940395673157414
6.714,0.1024953257184483
6.716,0.08546097471522382
6.718,0.08826945284076654
6.72,0.12259287749884344
6.722,0.03812698072363624
6.724,0.005921627104880665
6.726,0.044898211937451894
6.728,0.03212469160277573
6.73,-0.07671001558209539
6.732,0.03353448742256217
6.734,-0.04875716935224693
6.736,-0.05066448182061813
6.738,0.011816137742364764
6.74,-0.09550508130257496
6.742,-0.015438379540768068
6.744,-0.01634941485703777
6.746,-0.03608701696272877
6.748,-0.10503246191599509
6.75,-0.04532463648234647
6.752,-0.04533948581091192
6.7540000000000004,-0.0876715602981046
6.756,0.014597941931713217
6.758,0.015885712023121844
6.76,-0.028359902307963647
6.7620000000000005,-0.011612063995364297
6.764,0.034486226578552645
6.766,-0.024346770182347138
6.768,-0.04790857176467856
6.7700000000000005,0.005133686649643653
6.772,-0.006785563861850266
6.774,-0.0036822337648503636
6.776,-0.09577342175369746
6.7780000000000005,-0.005580310371129226
6.78,0.04707128916446508
6.782,-0.008817529098008925
6.784,-0.052003548734463736
6.7860000000000005,0.06287265299794392
6.788,0.0014820379527601974
6.79,0.043606115293494424
6.792,0.023627843789570627
6.7940000000000005,-0.041235282900828965
6.796,-0.044717095664683126
6.798,-0.0013423301036394712
6.8,0.06946461339706911
6.8020000000000005,0.007449371436515117
6.804,0.04202402348332369
6.806,0.01804857630118124
6.808,-0.015101475120597993
6.8100000000000005,-0.04872928336517173
6.812,0.00022085357120104482
6.814,0.035454797502025084
6.816,-0.0344624158228464
6.8180000000000005,-0.03725720040245808
6.82,-0.08697161668433967
6.822,-0.017099563285408514
6.824,-0.016596769720699248
6.8260000000000005,-0.021016886508197396
6.828,-0.008642749358004657
6.83,0.12061522254534313
6.832,-0.08678419756966224
6.8340000000000005,-0.05783718955254796
6.836,-0.07799417765419642
6.838,-0.0907422724687623
6.84,0.017731701961568723
6.8420000000000005,-0.029909285025610306
6.844,-0.046579298088681255
6.846,-0.028517432886630598
6.848,-0.022874141175779072
6.8500000000000005,-0.040701864846443406
6.852,-0.13961728780967608
6.854,-0.039406361579789384
6.856,-0.08308035100641714
6.8580000000000005,0.026369409445791296
6.86,0.03496075167444068
6.862,0.03290771711699418
6.864,-0.03753460200478685
6.8660000000000005,-0.054294571933603625
6.868,-0.06183624187081878
6.87,-0.10220127695731769
6.872,-0.04194131294381129
6.8740000000000006,-0.016770167076207196
6.876,-0.05492260425847772
6.878,-0.008090829853300728
6.88,-0.056527965481608794
6.882000000000001,-0.07786995902474464
6.884,-0.061237606508262044
6.886,0.04861486825930049
6.888,0.029455579008706014
6.890000000000001,-0.008795416909683676
6.892,0.026574759403118316
6.894,-0.030235793875949747
6.896,-0.03570617173020952
6.898000000000001,0.08527839198759109
6.9,-0.015609124073818082
6.902,-0.007213409024398175
6.904,0.0841989099489834
6.906000000000001,0.05751073967605297
6.908,0.07509206031518989
6.91,0.19430032664114083
6.912,0.32052895358651967
6.914,0.33383570612318436
6.916,0.3455825448288918
6.918,0.4997118315738229
6.92,0.5727670209529473
6.922,0.7317783519405017
6.924,0.7472973886518604
6.926,0.883613893224692
6.928,0.8799098058225696
6.93,0.9419159179829252
6.932,1.010338055598417
6.934,0.9662693538378456
6.936,0.9788270948070495
6.938,0.9250761449505424
6.94,0.9215614239281116
6.942,0.8485379814095587
6.944,0.7339694698960851
6.946,0.735791840961292
6.948,0.6207861139407687
6.95,0.5665902198307208
6.952,0.46283313732690523
6.954,0.3162751626569149
6.956,0.2699073036245516
6.958,0.11817472326816925
6.96,0.010860852350032701
6.962,0.016566492065614394
6.964,0.011218868640865673
6.966,-0.1192510998646377
6.968,-0.14027154293410105
6.97,-0.15266444387463318
6.972,-0.25203370237221
6.974,-0.20397341995770646
6.976,-0.25364202542602776
6.978,-0.21305824614888141
6.98,-0.18076539865127364
6.982,-0.10394415775382526
6.984,-0.15336821254072192
6.986,-0.01868728623404238
6.988,-0.0018333395756506832
6.99,-0.023783664827008173
6.992,-0.0385248187936919
6.994,-0.027532104845617855
6.996,-0.10843956336325891
6.998,-0.0716485327772795
7.0,-0.058543114521818373
7.002,-0.01403651579456628
7.0040000000000004,-0.036215597201632574
7.006,0.03557457324675642
7.008,-0.1547620896986345
7.01,-0.09215101454015534
7.0120000000000005,-0.03223571267316684
7.014,-0.051664411532586316
7.016,-0.06085429468331623
7.018,-0.11433258946961236
7.0200000000000005,-0.04554136928620088
7.022,0.03970076286960433
7.024,-0.02517381838867076
7.026,0.05768861389100512
7.0280000000000005,-0.034538882368552244
7.03,0.08326059995651572
7.032,-0.03196586372919692
7.034,-0.05242894789501919
7.0360000000000005,-0.10082179307806219
7.038,-0.10368811824202356
7.04,0.045547120498671434
7.042,0.1073211774843954
7.0440000000000005,0.010863702631494315
7.046,0.03390242721841213
7.048,-0.017677722514220225
7.05,0.04303031279135133
7.0520000000000005,0.009830877539140671
7.054,0.014977233661788273
7.056,-0.011959702126264418
7.058,-0.06437946597118435
7.0600000000000005,0.035653767352606114
7.062,0.08610348016988709
7.064,0.10095337848049545
7.066,0.009948132212725835
7.0680000000000005,0.14526511129640704
7.07,0.05777787962791308
7.072,0.05994827484206705
7.074,0.03316789083970924
7.0760000000000005,0.029842611617519294
7.078,0.021661406272469347
7.08,0.03677933446074976
7.082,0.022014706329779157
7.0840000000000005,0.07124004417806618
7.086,0.21113266165984163
7.088,0.04195017125797382
7.09,0.06951985384469331
7.0920000000000005,0.17878759315205833
7.094,0.08824060395747432
7.096,0.07523930347413603
7.098,0.08773469516966624
7.1000000000000005,0.24186953135012856
7.102,0.15075947860574918
7.104,0.1528124931461376
7.106,0.12316822935978806
7.1080000000000005,0.13506095246173755
7.11,0.1612598675699983
7.112,0.1174292701661372
7.114,0.1210143429782609
7.1160000000000005,0.058131800588000444
7.118,0.15373527919207397
7.12,0.11940558979180046
7.122,0.1040192993880302
7.1240000000000006,0.1809453401076661
7.126,0.18246324068349515
7.128,0.08696050583754604
7.13,0.20414989010368442
7.132000000000001,0.1381770558236988
7.134,0.19091220062043812
7.136,0.17089448870286927
7.138,0.15482168778645838
7.140000000000001,0.260941870180973
7.142,0.3401129104321313
7.144,0.3192817465778631
7.146,0.34550084621488425
7.148000000000001,0.26822950675252316
7.15,0.22411579471247128
7.152,0.2174310196996117
7.154,0.16727610900339085
7.156000000000001,0.25770210849613834
7.158,0.16171496503219324
7.16,0.11202155036454822
7.162,0.16094891243318546
7.164000000000001,0.13039565380684665
7.166,0.11571912662335748
7.168,0.10399067253604291
7.17,-0.008066879522466375
7.172,0.056749846303271165
7.174,-0.02606572279134247
7.176,0.04369152986796324
7.178,0.015407163056490793
7.18,0.1283552210799496
7.182,0.05805328694448164
7.184,0.0307482953708085
7.186,0.08301292995762652
7.188,0.093401045009912
7.19,0.06151177457127873
7.192,0.020976305629922594
7.194,-0.00012234499693070805
7.196,-0.011149398962576045
7.198,0.09112543995890271
7.2,0.04480757715984248
7.202,0.06632408324436986
7.204,0.10738917240969187
7.206,-0.054230809632598936
7.208,0.06565417993840195
7.21,0.08629486546639348
7.212,-0.03764394048262945
7.214,-0.031661210870368495
7.216,-0.012676758245827154
7.218,0.04711223529167056
7.22,0.004017810900475356
7.222,0.04838696772489361
7.224,0.000561152938621981
7.226,0.02400588068137001
7.228,-0.002693018241226354
7.23,0.04122907819453959
7.232,-0.025942096661761067
7.234,0.02537528783795919
7.236,-0.09651118228380912
7.238,-0.1064766093865113
7.24,-0.08374499824579275
7.242,0.047481345045138346
7.244,0.023597899182350897
7.246,-0.04229559531095942
7.248,-0.0358174179407626
7.25,-0.03460839516123612
7.252,-0.09084674676336355
7.2540000000000004,-0.11693631413552526
7.256,-0.10210091295925561
7.258,-0.08684964663680952
7.26,-0.04596620962055059
7.2620000000000005,-0.025529580828347317
7.264,0.004091098821838425
7.266,-0.12235516117907899
7.268,-0.04589884187483351
7.2700000000000005,-0.05306647546915134
7.272,-0.0752721060987611
7.274,-0.06312428184737162
7.276,-0.16582968151646615
7.2780000000000005,0.03536482928014065
7.28,-0.09002217102523535
7.282,0.0948432643902506
7.284,-0.04538832692700627
7.2860000000000005,-0.028463079956053617
7.288,-0.0641612913043913
7.29,0.08866207744975944
7.292,-0.06390472782307952
7.2940000000000005,-0.0681464729231754
7.296,-0.023892053946515786
7.298,0.027789939789070683
7.3,-0.009279617315738828
7.3020000000000005,-0.07747122777538498
7.304,-0.08784272392579397
7.306,-0.05274136337013608
7.308,-0.03499428384210609
7.3100000000000005,-0.07258894371805549
7.312,-0.08103161250993596
7.314,-0.045774630546388896
7.316,-0.06940026825604033
7.3180000000000005,-0.0987622139078659
7.32,-0.14224648567312964
7.322,-0.03248896957686702
7.324,-0.02007564919468246
7.3260000000000005,0.0008948361584533229
7.328,-0.06530681777795609
7.33,0.006020214133374162
7.332,-0.04029046723176184
7.3340000000000005,-0.07380164793077307
7.336,-0.05988576051747366
7.338,-0.042842761387182515
7.34,0.05079419411863297
7.3420000000000005,-0.050978029502587424
7.344,-0.13930943079014135
7.346,0.0208420897163534
7.348,-0.15521078101138902
7.3500000000000005,-0.1370887504742029
7.352,-0.09090846083064001
7.354,-0.11329199488608933
7.356,0.009950076424684554
7.3580000000000005,-0.04894829822940308
7.36,0.05526763217467345
7.362,0.019064363153948487
7.364,-0.05944858991340245
7.3660000000000005,-0.0626697564958527
7.368,-0.022192906642329542
7.37,-0.08082994886275228
7.372,-0.06990737048297446
7.3740000000000006,-0.24270433375244937
7.376,-0.0460405113146012
7.378,-0.04023426232113374
7.38,-0.08552993345373427
7.382000000000001,0.033838789493954836
7.384,-0.0626209968860713
7.386,0.008255955456232936
7.388,-0.022985509679158876
7.390000000000001,-0.06977057252310703
7.392,-0.06238426141148219
7.394,-0.1739986847998521
7.396,-0.06776062724896043
7.398000000000001,-0.11427313410105992
7.4,-0.09601737282978824
7.402,-0.06404874956674785
7.404,-0.10540048771819768
7.406000000000001,-0.10086592341973095
7.408,-0.12151201850118099
7.41,-0.07404423094653205
7.412,-0.06096603411841748
7.414000000000001,-0.013345082511254422
7.416,-0.11947606367850665
7.418,-0.058917033273378286
7.42,-0.14292335713973048
7.422000000000001,-0.11361478916441817
7.424,-0.03823731100462501
7.426,-0.08136156170679143
7.428,-0.0796326170061475
7.43,-0.06908470173608454
7.432,-0.08405544408314866
7.434,-0.11080665835563569
7.436,-0.18098791389713323
7.438,-0.1588550458665679
7.44,-0.07891977443765583
7.442,-0.04195198864765744
7.444,-0.01263933053423804
7.446,-0.060291063461787114
7.448,-0.02816076044116128
7.45,-0.1279856405255919
7.452,-0.09952123747735273
7.454,-0.18421991510659994
7.456,-0.09509227849591056
7.458,-0.16315140195077543
7.46,-0.15091953369510097
7.462,-0.10415052666345208
7.464,-0.08674223918404078
7.466,-0.15031464341288087
7.468,-0.03546479888848755
7.47,-0.025231274072361684
7.472,-0.15455481161238244
7.474,-0.10885565113067563
7.476,-0.08541604364872153
7.478,-0.11196676967600142
7.48,-0.11968786252264484
7.482,-0.10416770125034629
7.484,-0.09415044565342287
7.486,-0.12686354760861876
7.488,-0.04728330989238681
7.49,-0.10169486017185388
7.492,-0.042716909367160535
7.494,-0.09690063162885536
7.496,-0.10969423693972254
7.498,-0.06612367328570803
7.5,-0.11788833724614822
7.502,-0.15548524936442407
7.5040000000000004,-0.07356759683578215
7.506,-0.08188657152098516
7.508,-0.051702871264277986
7.51,-0.1093009632352487
7.5120000000000005,-0.10672532474243744
7.514,-0.07518600801104833
7.516,-0.0701115766619528
7.518,-0.07384165838008526
7.5200000000000005,-0.13724082330696857
7.522,-0.06321386102916818
7.524,-0.08976235155071684
7.526,-0.10973501967247494
7.5280000000000005,-0.1916498511907954
7.53,-0.1541012088527959
7.532,-0.1382540231456869
7.534,-0.20918027158672797
7.5360000000000005,-0.07975368646566254
7.538,-0.013682917550238781
7.54,-0.03034060446537766
7.542,-0.05420978501387127
7.5440000000000005,0.051865146927383324
7.546,0.014333325057470307
7.548,0.026007625037661478
7.55,0.12754710447179746
7.5520000000000005,-0.05259320213307812
7.554,0.1328684907557292
7.556,0.013233905388749204
7.558,0.07891885209527169
7.5600000000000005,0.028365043296479858
7.562,0.0025862261063974087
7.564,0.006595550929393453
7.566,-0.009091497703623304
7.5680000000000005,-0.03007193369471349
7.57,0.0028359183448228575
7.572,-0.11204413001643522
7.574,-0.015679868475361333
7.5760000000000005,-0.14218890716315274
7.578,-0.12887040078375095
7.58,-0.10668197778050026
7.582,-0.11103398459644312
7.5840000000000005,-0.06889859218839192
7.586,-0.19118114458076396
7.588,-0.1597484655398142
7.59,-0.20659281863042703
7.5920000000000005,-0.09035926114123331
7.594,-0.13274646668062098
7.596,-0.12056590740008773
7.598,-0.17494373981774686
7.6000000000000005,-0.10166437432555574
7.602,-0.1113774661638619
7.604,-0.042482827094715604
7.606,-0.054413600458127834
7.6080000000000005,-0.03131410759198958
7.61,-0.13574077402469825
7.612,-0.11615240041196434
7.614,-0.07259166716651094
7.6160000000000005,-0.0759303175751529
7.618,-0.12855060669461288
7.62,-0.06951483665150297
7.622,-0.11952787762721723
7.6240000000000006,0.02038787482733194
7.626,-0.07006274724609597
7.628,-0.17384478109389104
7.63,-0.07079001622971619
7.632000000000001,-0.12747712081375814
7.634,-0.11571531648530481
7.636,-0.12369538183543942
7.638,-0.09187418071593564
7.640000000000001,-0.1383813757434359
7.642,-0.023049270645958776
7.644,-0.02551332981751407
7.646,-0.11268676000472301
7.648000000000001,-0.06774450130021034
7.65,-0.09717126431877998
7.652,-0.10822705201345939
7.654,-0.09509456112785025
7.656000000000001,-0.06849046770907348
7.658,-0.011094142532510898
7.66,-0.12932774599414548
7.662,-0.09223142127802574
7.664000000000001,-0.0690044645219855
7.666,-0.09684421593200329
7.668,-0.0397381455042402
7.67,-0.09291618856228605
7.672000000000001,-0.1468000469070309
7.674,-0.03062341000307213
7.676,-0.11031449570051596
7.678,-0.057006259609452006
7.68,-0.06305314297657552
7.682,-0.04849980141485363
7.684,-0.0013920144378260883
7.686,0.017032118882876073
7.688,0.05308404635873815
7.69,0.030706457650322927
7.692,0.17567479640874267
7.694,0.2515560417122283
7.696,0.48708539942483897
7.698,0.47238762890166286
7.7,0.5447813919650792
7.702,0.6416220177127151
7.704,0.8095878313926261
7.706,0.7595584697409306
7.708,0.8403160745439872
7.71,0.830387807801446
7.712,0.904701717123464
7.714,0.8597972737923655
7.716,0.8852693171260314
7.718,0.8140037792131013
7.72,0.8302312278626105
7.722,0.7472656143516587
7.724,0.7965316674430825
7.726,0.6129563871435532
7.728,0.5178928938214253
7.73,0.4248953470532053
7.732,0.4227585963319813
7.734,0.2026424479023692
7.736,0.1075477145550223
7.738,-0.01358162632455509
7.74,0.024828667532916793
7.742,-0.02168479155887689
7.744,-0.15209271747979441
7.746,-0.07419675103992567
7.748,-0.22471637188789345
7.75,-0.22933084814863489
7.752,-0.18149702311529275
7.7540000000000004,-0.22489804971622412
7.756,-0.2410615675068111
7.758,-0.23079748684498383
7.76,-0.1892698897797909
7.7620000000000005,-0.13891356240198094
7.764,-0.178416530068507
7.766,-0.0525079954697117
7.768,-0.04589089565981824
7.7700000000000005,-0.07331867711470949
7.772,-0.08667645406836955
7.774,-0.11730520801491759
7.776,-0.04106747372575012
7.7780000000000005,-0.0683960112065529
7.78,-0.06325570602483069
7.782,-0.017872632891583244
7.784,-0.03684882802855114
7.7860000000000005,-0.04320644027788788
7.788,-0.03819334901592255
7.79,-0.04549933705851868
7.792,0.011870318755334744
7.7940000000000005,-0.07086718423869978
7.796,-0.10032562397750913
7.798,-0.03667277018664007
7.8,-0.05845703288107276
7.8020000000000005,-0.03910403481417893
7.804,0.020235382200598995
7.806,-0.02871222213940122
7.808,0.09724831004120904
7.8100000000000005,-0.15105578398293443
7.812,0.04543101154236237
7.814,-0.0861763516269993
7.816,0.006974870437272851
7.8180000000000005,-0.06024782150016669
7.82,-0.03653180990702817
7.822,0.008878009231036483
7.824,-0.006576486076773167
7.8260000000000005,0.0017512860877020226
7.828,0.10654859507551909
7.83,-0.0060969585373347995
7.832,-0.03405407205589481
7.8340000000000005,-0.031499908492608045
7.836,-0.02298332170778324
7.838,0.014282865436280686
7.84,-0.030358712993155547
7.8420000000000005,-0.0003013569966480688
7.844,0.025527006403824864
7.846,0.025263804190802888
7.848,0.07243133769713134
7.8500000000000005,-0.044764576068266726
7.852,0.01926398989415984
7.854,0.01038789358509163
7.856,7.637970384830745e-05
7.8580000000000005,0.023046787668634744
7.86,-0.024947767786886878
7.862,0.12124405282345574
7.864,0.0665806135459888
7.8660000000000005,0.11535688920964653
7.868,0.1166418030628752
7.87,0.0022367269779750426
7.872,0.07161984033206867
7.8740000000000006,0.08294449198779517
7.876,0.0544236139402491
7.878,0.1380307954046387
7.88,0.024943139246684537
7.882000000000001,0.13341194338375756
7.884,0.11091283021373456
7.886,0.16139095072167486
7.888,0.04816833337031446
7.890000000000001,0.09517027175876536
7.892,0.022629452638123576
7.894,0.10932603412155427
7.896,0.040587481706734437
7.898000000000001,0.08475096446618419
7.9,0.13599051522472583
7.902,0.12995493507931238
7.904,0.15110501930651302
7.906000000000001,0.08964155229053607
7.908,0.10489413487179627
7.91,0.08419128309296753
7.912,0.09728316132336644
7.914000000000001,0.08547999995372939
7.916,0.13320297766309525
7.918,0.13862897892459483
7.92,-0.018126136806517645
7.922000000000001,0.11004330403884566
7.924,0.16222407622119825
7.926,0.04545676022929
7.928,0.09117878196826926
7.930000000000001,0.07276702329109082
7.932,0.07993135864985342
7.934,0.07596509140096674
7.936,0.1221800626066712
7.938,0.14025768217361217
7.94,0.15017501150331147
7.942,0.14028713359021522
7.944,0.0760973863487131
7.946,0.06680209214983304
7.948,0.1271103144426615
7.95,0.16944522560270192
7.952,-0.005861560941610847
7.954,0.005416034501803155
7.956,0.035119312285323855
7.958,0.020141019700888683
7.96,0.09297226024314438
7.962,0.06338716025606055
7.964,0.1591023326821035
7.966,0.07470215291163654
7.968,0.0518592008452681
7.97,0.08486582258318356
7.972,0.20702817136599672
7.974,0.13572988121439597
7.976,0.09767878731221735
7.978,0.11337620986450986
7.98,0.1320638344807727
7.982,0.18620900700190557
7.984,0.186286427274625
7.986,0.12054444795906137
7.988,0.048950848200814474
7.99,0.09996845362258436
7.992,0.046285139181412666
7.994,0.03932648172696072
7.996,0.024595093606688857
7.998,0.10388515406083051
8.0,-0.06255970518608209
8.002,-0.03831799634626404
8.004,-0.028046794616755362
8.006,-0.05593795351859343
8.008000000000001,-0.0166857050540963
8.01,0.017741629260671514
8.012,-0.10860265741723663
8.014,-0.06894678785059499
8.016,-0.0694265195115715
8.018,-0.05145061014159828
8.02,-0.07231089853608527
8.022,-0.053895123633968284
8.024000000000001,-0.057290304566704614
8.026,-0.013170968700598338
8.028,-0.0603604339106902
8.03,-0.10636346240680115
8.032,-0.04335761163923143
8.034,-0.05661131795092906
8.036,-0.11105458566050017
8.038,-0.12420343656376101
8.040000000000001,-0.07724603224086686
8.042,0.011000239036592595
8.044,-0.05619634237358363
8.046,-0.053070097777134596
8.048,-0.06320409194038898
8.05,0.022617787879277887
8.052,-0.08760458099434161
8.054,-0.05716386764175091
8.056000000000001,-0.10825520130047571
8.058,-0.044039215574007605
8.06,-0.03366238347225479
8.062,-0.11447048480038088
8.064,-0.040499990884076784
8.066,-0.0009592759722672449
8.068,-0.11242435510829214
8.07,-0.06529832660995877
8.072000000000001,-0.02046071412981338
8.074,-0.06321727906716727
8.076,-0.051602829869727
8.078,-0.18445295179836624
8.08,-0.10768251778224916
8.082,-0.021119575448081754
8.084,0.018956410279503177
8.086,-0.01944179798565978
8.088000000000001,-0.030428880700442015
8.09,-0.09625063315673942
8.092,-0.18164974851306198
8.094,-0.24441649070527677
8.096,-0.14434856949558825
8.098,0.02220868078589887
8.1,-0.18558662873627302
8.102,0.01686557999445193
8.104000000000001,-0.09909653361632755
8.106,0.003328582871215846
8.108,0.021457271263895954
8.11,-0.18263392476840126
8.112,-0.07908137238657456
8.114,-0.07785725229041607
8.116,-0.08627529271850667
8.118,-0.15673226557449374
8.120000000000001,-0.10797887528218268
8.122,-0.05050517084100431
8.124,-0.08022482969793844
8.126,0.06061591342008747
8.128,-0.08281789326561115
8.13,-0.11783885201197496
8.132,-0.05359772930957069
8.134,-0.09176797756630711
8.136000000000001,-0.038807298025805015
8.138,-0.16519281083039208
8.14,-0.051704368863622854
8.142,0.005682889527905702
8.144,-0.18353478869126683
8.146,-0.010445558030644224
8.148,-0.12827092469673268
8.15,0.10006142139310448
8.152000000000001,-0.14868141717382813
8.154,-0.060855137274251486
8.156,-0.03803497119231625
8.158,-0.09084695457954914
8.16,-0.011031587863909112
8.162,-0.036560493171642255
8.164,0.010516919968645112
8.166,-0.058862326147071486
8.168000000000001,-0.07715086758228507
8.17,-0.08477863335265712
8.172,-0.0996648028131621
8.174,0.03601869658440292
8.176,0.07242610482543047
8.178,0.059525554151520596
8.18,0.05065846311350403
8.182,-0.10918146986289722
8.184000000000001,-0.07319599655586617
8.186,-0.03501490226570142
8.188,-0.20160292578238395
8.19,-0.02722167826401602
8.192,0.010052164221657611
8.194,-0.012971988464837783
8.196,-0.09253492310716226
8.198,0.06965938402496431
8.2,0.08182824724791911
8.202,0.06769536912873385
8.204,-0.02421700164314034
8.206,0.03659424172929832
8.208,-0.06060581277307474
8.21,-0.09571486708426087
8.212,0.034282684239807515
8.214,0.1233587020439877
8.216,-0.02738228875362354
8.218,-0.08447394904374812
8.22,-0.14305844012673233
8.222,0.029051681006388143
8.224,-0.016923691047550028
8.226,-0.04967116603615129
8.228,-0.1981227984762204
8.23,-0.16855252669493434
8.232,-0.13181787112404453
8.234,-0.15464932127557307
8.236,-0.17064923557439915
8.238,0.049302454724605906
8.24,-0.11776172412452138
8.242,-0.11798484384555152
8.244,-0.04804115746930872
8.246,-0.03104172776779647
8.248,0.000507984545884077
8.25,-0.21647117678206187
8.252,0.09264847769281369
8.254,0.196687504489443
8.256,0.049805617019065024
8.258000000000001,-0.2238288606072443
8.26,-0.030260490809714193
8.262,0.20444960214572508
8.264,-0.39014327526468795
8.266,-0.14985105298726376
8.268,-0.0036431155082584307
8.27,-0.15334568406055676
8.272,-0.226281172624876
8.274000000000001,0.03955984763114296
8.276,-0.09588286452289277
8.278,-0.07198209362203249
8.28,0.08982587906804579
8.282,-0.037802353697557356
8.284,0.1444807431702907
8.286,0.02067080090871474
8.288,-0.09832014520880035
8.290000000000001,-0.1264215024850285
8.292,-0.26619719418303167
8.294,0.11930018062898756
8.296,-0.10098625661823193
8.298,-0.012435930477997504
8.3,0.03465016990979099
8.302,0.003314364045152885
8.304,-0.23358622563714548
8.306000000000001,0.13738990115641714
8.308,0.010021727881153583
8.31,0.23084549251513978
8.312,0.019821702832451684
8.314,-0.24788054191569542
8.316,-0.09616232134020067
8.318,-0.14951826616092798
8.32,-0.07532346546910916
8.322000000000001,0.017487489035145035
8.324,0.06624166646154012
8.326,-0.08801441416752837
8.328,-0.17836990427305247
8.33,0.034983953485703975
8.332,-0.053309776020808886
8.334,-0.01704882482231472
8.336,0.03365834802936087
8.338000000000001,-0.05362180979772298
8.34,-0.16065350216375543
8.342,0.022695051234798647
8.344,0.021490228541667225
8.346,0.056082521791208005
8.348,0.10787230695981798
8.35,-0.10532325945346407
8.352,-0.12004384525655891
8.354000000000001,-0.02588541008625886
8.356,-0.029839196661416156
8.358,-0.06089353087687144
8.36,0.18555517202404528
8.362,-0.18542954159959896
8.364,0.014436749250566771
8.366,0.2050834649103116
8.368,-0.11373636167025142
8.370000000000001,-0.16002265536575083
8.372,-0.045057248198523275
8.374,-0.1624154136677128
8.376,-0.10149796713757557
8.378,0.007724969327391175
8.38,0.008017442497215675
8.382,0.026167963195838095
8.384,0.037540031596172516
8.386000000000001,0.005111304684724177
8.388,0.16637819686157107
8.39,0.1802591500012147
8.392,0.2639525995501101
8.394,0.08894618287090597
8.396,0.356240158888819
8.398,-0.030013380383720013
8.4,-0.07326847115900384
8.402000000000001,0.11856549259484411
8.404,0.11402408712078775
8.406,0.12947288427549677
8.408,-0.023293626317170073
8.41,-0.014789466719735984
8.412,0.053411494135769136
8.414,0.03438990884798537
8.416,-0.19134753975193405
8.418000000000001,0.1504149425348287
8.42,0.07529345781136398
8.422,0.0031501576363406718
8.424,-0.0217039432400183
8.426,0.005384824081027469
8.428,0.022684373567335624
8.43,-0.003127734753209108
8.432,-0.19265766951918467
8.434000000000001,0.04833348346276098
8.436,-0.0608326559067622
8.438,0.04431132601617441
8.44,-0.04101727177866535
8.442,0.11229810563385517
8.444,0.13178905292270748
8.446,-0.054135945702249305
8.448,0.05232470977996517
8.45,0.03142170660059906
8.452,-0.03491082455982474
8.454,0.055708330396452475
8.456,-0.09154570228679655
8.458,-0.010868796772132223
8.46,-0.08579964385130814
8.462,-0.030267860705627356
8.464,0.03953902930202056
8.466,-0.0049468304033817925
8.468,0.04253975781914113
8.47,0.21479356279585873
8.472,0.23006213628211192
8.474,0.32525927122217035
8.476,0.5881193850954711
8.478,0.6130937091774111
8.48,0.5915487114131515
8.482,0.8835986423974632
8.484,0.8351757528341576
8.486,0.9755267756148328
8.488,0.9521175464827552
8.49,0.9331495524215137
8.492,1.0064399999807023
8.494,0.9544502467109937
8.496,0.8884172627618548
8.498,0.8097156943114233
8.5,0.8939593087588245
8.502,0.909521306332367
8.504,0.7251687211581794
8.506,0.6526298727973306
8.508000000000001,0.5592995266916795
8.51,0.4977968695427145
8.512,0.30408215420573015
8.514,0.20607622872232095
8.516,0.15446639867404927
8.518,0.09784048130799154
8.52,0.08992679647838994
8.522,-0.09433057533524505
8.524000000000001,-0.04964656843593038
8.526,-0.13523072983533777
8.528,-0.194630722632155
8.53,-0.16690929645572516
8.532,-0.19293775136228483
8.534,-0.17869075937466375
8.536,-0.2284216944976118
8.538,-0.1295372685963783
8.540000000000001,-0.06066619818937224
8.542,0.015842043811705897
8.544,-0.10004384648450002
8.546,-0.05628078315557254
8.548,-0.0985000708797796
8.55,-0.0362132885196033
8.552,-0.10621675214104762
8.554,-0.0005259360857477538
8.556000000000001,0.04515056280382737
8.558,-0.05035464689882606
8.56,0.06107353443586798
8.562,-0.02514561220957839
8.564,0.07786137347556527
8.566,0.07214051137389085
8.568,0.1477283825776393
8.57,0.007402795491215015
8.572000000000001,0.04869941640740225
8.574,0.012178574490846588
8.576,0.1102803927411877
8.578,0.015416995070466618
8.58,0.11186255962010905
8.582,0.014629512912699004
8.584,0.08948663965483059
8.586,0.037141725595597266
8.588000000000001,0.05712125912699666
8.59,0.06531111395860403
8.592,0.09794806624331859
8.594,0.02208957340757321
8.596,0.10439938945701678
8.598,0.12390148196311407
8.6,0.14767354897561824
8.602,0.07703304282051
8.604000000000001,0.08897057317874926
8.606,0.1012847230656786
8.608,0.145554029279179
8.61,0.13165142423894038
8.612,0.13234315411350142
8.614,-0.007851799083748487
8.616,0.05538042996575614
8.618,0.041969339468604025
8.620000000000001,0.13467994168138284
8.622,0.07105056685842098
8.624,0.15223711067038903
8.626,0.15955600563820663
8.628,0.03053070859492868
8.63,0.1699733846644718
8.632,0.1600868244864272
8.634,0.12786965108341242
8.636000000000001,0.0897758713826731
8.638,0.08701279150328212
8.64,0.10388276253933124
8.642,0.16294970733494785
8.644,0.140413845778354
8.646,0.19252987313449813
8.648,0.13618881902929916
8.65,0.13805334143203804
8.652000000000001,0.11075200698168823
8.654,0.12455996375482052
8.656,0.15996745306581125
8.658,0.17207164340984787
8.66,0.25258159479324777
8.662,0.12878375668994468
8.664,0.1869606245049342
8.666,0.21760973094030955
8.668000000000001,0.21069369388781561
8.67,0.12864651012498024
8.672,0.10600777852808628
8.674,0.15064219264456433
8.676,0.21001410290742337
8.678,0.12666285565053123
8.68,0.17605697532281697
8.682,0.22215911036883967
8.684000000000001,0.14345059373213695
8.686,0.23187609224628858
8.688,0.17857178888266767
8.69,0.2008954237625796
8.692,0.16017863897010035
8.694,0.1574152711217177
8.696,0.18635949163091048
8.698,0.14144522692802836
8.700000000000001,0.16764888715544207
8.702,0.21680224824340114
8.704,0.270082500496558
8.706,0.22397847016145478
8.708,0.2100069277740455
8.71,0.2130757228455248
8.712,0.134966717519343
8.714,0.19080824094109564
8.716,0.17589720614827695
8.718,0.1888087733523779
8.72,0.12522766736979246
8.722,0.1558522083288835
8.724,0.23075386943996973
8.726,0.20564535925036365
8.728,0.23463391548699236
8.73,0.16585467264466808
8.732,0.06711290539461119
8.734,0.11066492500068939
8.736,0.07801876934103191
8.738,0.14692554035664837
8.74,0.12556624876814196
8.742,0.09308951326480269
8.744,0.17121035911090032
8.746,0.1585783729109717
8.748,0.1005706200663414
8.75,0.045284156941980264
8.752,0.08038158451742974
8.754,0.08848124342991592
8.756,0.04120987158855144
8.758000000000001,0.11836066298776114
8.76,0.09194648390012056
8.762,0.1234145880819364
8.764,0.11538517879573014
8.766,0.13187771383633623
8.768,0.1157254963111149
8.77,0.06506996100742338
8.772,0.06191018312971141
8.774000000000001,0.06646577093179773
8.776,0.025343583048909886
8.778,0.10330741126811685
8.78,0.047761226795661305
8.782,0.10418253744610556
8.784,0.2288826198660352
8.786,0.04179625694284204
8.788,0.03372346962923271
8.790000000000001,0.04355937361938824
8.792,0.043807316079194004
8.794,-0.01765196419880482
8.796,0.016428050386504953
8.798,0.0911926103872538
8.8,0.011569186752759034
8.802,0.03681809895813293
8.804,0.03708463899377722
8.806000000000001,0.04113816159523037
8.808,0.06715745078397276
8.81,0.19236231614783428
8.812,0.07772146598490602
8.814,0.05370598328257756
8.816,0.18854625713956355
8.818,0.18157460586053809
8.82,0.17471441798722032
8.822000000000001,0.22146337862568274
8.824,0.1668221991423596
8.826,0.23438595927825107
8.828,0.1992669500615578
8.83,0.13672815016316958
8.832,-0.002614872732055948
8.834,0.03080322154098452
8.836,0.05262011106264625
8.838000000000001,0.03304186171586714
8.84,0.04112756213403222
8.842,0.038824429288737985
8.844,0.006180262279105397
8.846,0.11701814293592128
8.848,0.05048156717907236
8.85,-0.003334694776021981
8.852,-0.12266957037571333
8.854000000000001,0.019250935285076362
8.856,-0.08293321746443028
8.858,0.0031214503704054333
8.86,-0.01939260978716972
8.862,-0.006947346952702463
8.864,-0.003647738942618873
8.866,-0.07950393802679073
8.868,0.05525043396409887
8.870000000000001,0.015238790413022634
8.872,-0.053613939937957635
8.874,0.07597972739347479
8.876,0.08144879973476857
8.878,0.07781308808495868
8.88,-0.03271202728555383
8.882,0.018850242390090626
8.884,-0.009241041290181641
8.886000000000001,0.041612496203564206
8.888,-0.030716968056252063
8.89,0.04289099814705068
8.892,-0.019471808629656674
8.894,0.06714826705151228
8.896,-0.015216013967686026
8.898,0.029049914250948744
8.9,-0.0078094104130186325
8.902000000000001,0.016989814375965112
8.904,0.07863263951498886
8.906,0.07610627204025827
8.908,0.08513020856218015
8.91,0.02532685089461806
8.912,0.04087340081786479
8.914,0.022321847840011455
8.916,-0.0878215206669221
8.918000000000001,0.06803536145874874
8.92,0.025740945216016414
8.922,0.012068959932275455
8.924,0.04408903353650132
8.926,0.001720116240175179
8.928,0.0514345037069046
8.93,-0.07584992486634146
8.932,0.03328804089293481
8.934000000000001,0.0020317542973536332
8.936,0.00652537938198923
8.938,0.0028640408527217786
8.94,0.042091216293944515
8.942,0.15101553131591858
8.944,-0.002641237517714709
8.946,0.004780759580153962
8.948,-0.0013439714074266057
8.950000000000001,0.00538534785765557
8.952,-0.05887948085210781
8.954,-0.04687067580130297
8.956,0.05974238181024075
8.958,0.08411478274070021
8.96,0.05790526293750999
8.962,0.0025188091177926406
8.964,0.06493695916646108
8.966,0.022698419551324275
8.968,0.011200161716378852
8.97,-0.019376784912448763
8.972,0.05193526345006419
8.974,0.016669876239800055
8.976,-0.015080756302221034
8.978,0.0010132513842803018
8.98,0.048730199557469704
8.982,0.051757736463333294
8.984,0.10867625655419025
8.986,0.06181080488740645
8.988,0.0856858358485359
8.99,0.1401907354866788
8.992,0.029375842514211763
8.994,0.061261928844869126
8.996,0.037806781975078155
8.998,0.1456122935500492
9.0,0.08914663881028898
9.002,0.07511697003530396
9.004,0.08405565699515562
9.006,0.07763390148616851
9.008000000000001,0.10673823629536165
9.01,0.03305994636447013
9.012,0.12109604563602476
9.014,-0.0667152724261573
9.016,0.011381404280973922
9.018,0.1265587645563227
9.02,0.11533541604495168
9.022,0.1256470265390448
9.024000000000001,0.01081141684854342
9.026,0.1072175486423646
9.028,0.17674715759028703
9.03,0.15456478743451835
9.032,0.02049537887127139
9.034,-0.009662968879441708
9.036,0.02130231251378258
9.038,5.917637407258647e-05
9.040000000000001,-0.07310335790536338
9.042,0.15529655474547174
9.044,0.09686609790995304
9.046,0.10711599395418075
9.048,0.12602970373246128
9.05,0.09421955429083702
9.052,0.0762321288831325
9.054,0.11301725983806586
9.056000000000001,0.0734847218894176
9.058,0.04233792963671153
9.06,0.017475632838972154
9.062,0.08041587592623274
9.064,0.1162478199651002
9.066,0.05300263468994443
9.068,0.08462747359413031
9.07,0.04042015560629209
9.072000000000001,0.07582109802888941
9.074,0.11182456302868095
9.076,0.047784494780639876
9.078,-0.009640827290415585
9.08,0.09215705068713395
9.082,0.03294540848846955
9.084,0.07067950099425174
9.086,-0.0055604115591375985
9.088000000000001,0.06538327388409428
9.09,0.07938204497165698
9.092,0.012773143558833765
9.094,0.06948720531567716
9.096,0.10584105648378239
9.098,0.06195046246486226
9.1,0.008455665191977171
9.102,0.10378300644722209
9.104000000000001,0.10353552294742879
9.106,0.05731429776910231
9.108,-0.003647654243118345
9.11,0.0778312557834924
9.112,0.09341426146194391
9.114,-0.008868174921693981
9.116,-0.0064129328161886615
9.118,0.0784507922977686
9.120000000000001,0.04207959512802242
9.122,0.0885332547901411
9.124,0.054024120521297445
9.126,0.178065284366355
9.128,0.05108677258107047
9.13,0.10407949652036359
9.132,0.0305159800130175
9.134,-0.07696542528628526
9.136000000000001,0.09205791184440834
9.138,0.018679411264335578
9.14,0.08831297068480545
9.142,0.08369541944808179
9.144,0.00040769484221121755
9.146,0.0918562711587538
9.148,0.06684963413366443
9.15,0.06509827921348887
9.152000000000001,0.01525186621369624
9.154,0.014690431869338775
9.156,0.01051213164194384
9.158,0.14845700276224894
9.16,0.07610515372608878
9.162,0.14502314199078054
9.164,0.054900356154191754
9.166,0.10722240432579447
9.168000000000001,0.025603015880598663
9.17,0.016872614149970246
9.172,0.047969196535560366
9.174,0.03684177027934841
9.176,0.040377320565483134
9.178,0.13897608445809237
9.18,0.12338692069743812
9.182,0.020281527538219955
9.184000000000001,0.0838137911511413
9.186,0.07736267374670866
9.188,0.08752929839157499
9.19,0.0626275429714492
9.192,0.10887569343809227
9.194,0.04971548873173419
9.196,-0.0027643191132821487
9.198,0.030342769418563592
9.200000000000001,0.030566345186924013
9.202,0.1487087848916936
9.204,0.09297193174329688
9.206,0.10538795053259462
9.208,-0.022347952460111897
9.21,0.09560427749283275
9.212,0.07910384048161123
9.214,0.015954849707566575
9.216000000000001,0.07463923796412512
9.218,0.021164722818680905
9.22,0.030334061166036163
9.222,0.041839683200731066
9.224,0.1601868575404367
9.226,0.10357862376580551
9.228,0.12388380492792674
9.23,0.12107941142327372
9.232,0.14019831260058774
9.234,0.04832193874512454
9.236,0.19398393603296407
9.238,0.24716494864050978
9.24,0.21997936196573345
9.242,0.28258186922246853
9.244,0.23682998842259467
9.246,0.31131047111169585
9.248,0.344996216137842
9.25,0.4527410801545074
9.252,0.4340326492344916
9.254,0.5653658016480313
9.256,0.5421026392865552
9.258000000000001,0.7530994605709735
9.26,0.843326885647317
9.262,0.9078735898655791
9.264,0.9423419465223023
9.266,1.0721080277717572
9.268,1.0159892057204425
9.27,1.0207932514222857
9.272,1.0668718853138799
9.274000000000001,0.9886402231601175
9.276,0.8306802702568539
9.278,0.9732474844486568
9.28,0.862534062913872
9.282,0.8408943217426998
9.284,0.8242255715745026
9.286,0.655527895103562
9.288,0.6502721311201904
9.290000000000001,0.47193027855878095
9.292,0.3603378232585194
9.294,0.24946878620469964
9.296,0.26218603793197687
9.298,0.16793336722669133
9.3,0.03375233885417148
9.302,0.020479129206304972
9.304,-0.08327118229040248
9.306000000000001,-0.09386852007904696
9.308,-0.13542676266411546
9.31,-0.0793166068417998
9.312,-0.1532951243615199
9.314,-0.11987822671162177
9.316,-0.16024590389834353
9.318,-0.09592761771996326
9.32,0.0281591812227835
9.322000000000001,-0.04204794862042311
9.324,0.008930410887046845
9.326,0.07827662673749611
9.328,0.05718730900380874
9.33,0.07285569245925742
9.332,0.056009674591816494
9.334,0.057142405723942746
9.336,0.10805169345100248
9.338000000000001,0.07114733766328259
9.34,0.07887255842062496
9.342,0.07182101001847688
9.344,0.07585534089309459
9.346,0.15019676282437103
9.348,0.12654771968465486
9.35,0.04985307692397013
9.352,0.09594853150828314
9.354000000000001,0.1161734901674275
9.356,0.05401702117064519
9.358,0.06995591555147954
9.36,0.10722940807262316
9.362,0.0966819725668652
9.364,0.10877399653686179
9.366,0.08262591531386565
9.368,0.14864613028356793
9.370000000000001,0.245056812680999
9.372,0.09990712851871342
9.374,0.12916563904693096
9.376,0.2277165598072245
9.378,0.13419813519910537
9.38,0.17646279026805758
9.382,0.05990243658610195
9.384,0.11185868661758583
9.386000000000001,0.17125172714804207
9.388,0.21866090700280016
9.39,0.23003738920627864
9.392,0.13768805685745877
9.394,0.15380281818415167
9.396,0.2715500231968099
9.398,0.20016596857050142
9.4,0.12638611327726218
9.402000000000001,0.24689730087511572
9.404,0.20353601756719578
9.406,0.19849775473062894
9.408,0.18410793023708094
9.41,0.2864903087076736
9.412,0.22513601461522964
9.414,0.266935482279843
9.416,0.20491412609229626
9.418000000000001,0.17212288818088206
9.42,0.3021364109567801
9.422,0.2675581335558586
9.424,0.21805280981601702
9.426,0.2781169482594602
9.428,0.2888190089934172
9.43,0.2729080505974084
9.432,0.2233708181187651
9.434000000000001,0.2673850031771332
9.436,0.22907404263190906
9.438,0.2993964048107338
9.44,0.25035638749038847
9.442,0.3701238587371434
9.444,0.2642300246058813
9.446,0.34318770840491947
9.448,0.2425298387220251
9.450000000000001,0.2704385539053885
9.452,0.3207407629230106
9.454,0.28656975637006527
9.456,0.1767123052752009
9.458,0.17149540791403553
9.46,0.24323601802674338
9.462,0.2904235075391527
9.464,0.293602131699907
9.466000000000001,0.2900019561712717
9.468,0.3392348061806315
9.47,0.19966249774705785
9.472,0.3221384102405939
9.474,0.3265650849119301
9.476,0.31010545735268397
9.478,0.2698093470109517
9.48,0.3218947863826936
9.482,0.3028350582898405
9.484,0.3355658525264399
9.486,0.31979978567149503
9.488,0.2779540239872489
9.49,0.2505780940459586
9.492,0.21241412307790714
9.494,0.36280944809530147
9.496,0.2246188454772826
9.498,0.2512128416516559
9.5,0.21048187416897404
9.502,0.25532119513414336
9.504,0.332578972223062
9.506,0.23239206777306648
9.508000000000001,0.2836202133834549
9.51,0.29428189142678307
9.512,0.23434692348655378
9.514,0.2121937251541015
9.516,0.21027179372439206
9.518,0.23945089043459306
9.52,0.15476309104997285
9.522,0.19105340487851785
9.524000000000001,0.2018093283916155
9.526,0.24212956456499846
9.528,0.21568562722258022
9.53,0.2366447935446041
9.532,0.24323565763495303
9.534,0.13850050641212913
9.536,0.14124369582855645
9.538,0.2397072944220346
9.540000000000001,0.2159075866055134
9.542,0.1598094396063121
9.544,0.1430580923445805
9.546,0.1798712567248824
9.548,0.2050276684609684
9.55,0.13631258904909493
9.552,0.20196827927274716
9.554,0.11128303665096183
9.556000000000001,0.2177197268331053
9.558,0.18986260269443275
9.56,0.11673626342774587
9.562,0.1735572392971813
9.564,0.1719284667770755
9.566,0.17135857395670911
9.568,0.15758745122542656
9.57,0.11605020817810531
9.572000000000001,0.0937840564598382
9.574,0.10581314054692986
9.576,0.06350134563147364
9.578,0.15116061150049914
9.58,0.07896129327795069
9.582,0.11960980765127048
9.584,0.2060063117649088
9.586,0.163508105977953
9.588000000000001,0.12363553465961215
9.59,0.1016922808873737
9.592,0.19557504678477583
9.594,0.12694044271194527
9.596,0.03755665128535906
9.598,0.019672931080981282
9.6,0.17392643079102987
9.602,0.14006904189927502
9.604000000000001,0.12994501621641003
9.606,0.06894008054793635
9.608,0.1302789391845268
9.61,0.07641499547205322
9.612,0.025022196554706173
9.614,0.10386685255890027
9.616,0.054606753051755386
9.618,0.10393985154320604
9.620000000000001,0.059627466010039445
9.622,0.0686802565677925
9.624,0.07891829436550771
9.626,0.04733376197197563
9.628,0.13160904415842237
9.63,0.13599857905484125
9.632,0.09956715385316925
9.634,0.14311442782372572
9.636000000000001,0.16208486169908218
9.638,0.26188516047901317
9.64,0.23012466945708118
9.642,0.26635449394745797
9.644,0.2798436114019313
9.646,0.23350653600764776
9.648,0.21118059823714913
9.65,0.189788914494852
9.652000000000001,0.11205317364164641
9.654,0.1900690172658795
9.656,0.12842116849218005
9.658,0.10670806278997287
9.66,0.09173689874686396
9.662,0.21155019411604947
9.664,0.1269294974549669
9.666,0.2182874872045068
9.668000000000001,0.06795695204278204
9.67,0.04615258960771847
9.672,-0.01245568081641487
9.674,0.057474359415048235
9.676,0.08495001355223239
9.678,0.02280064984414252
9.68,0.0032915692274454594
9.682,0.11721123345066352
9.684000000000001,0.07413378226411253
9.686,0.10510372274379931
9.688,0.03238946275932835
9.69,-0.023069431225082385
9.692,0.0751158939587128
9.694,-0.024117501517352008
9.696,0.07017619296208907
9.698,0.08448705256749633
9.700000000000001,0.0743391233547858
9.702,0.10604890824701128
9.704,0.09701535063628766
9.706,0.13818919356836412
9.708,0.15050271967869142
9.71,0.09712351773438974
9.712,0.07275946966407483
9.714,0.012113286879957573
9.716000000000001,0.09128693201498997
9.718,0.07134216525204087
9.72,0.06273179422189454
9.722,0.11282445194553134
9.724,0.14623964396833256
9.726,0.05306898349703819
9.728,0.026557892731278773
9.73,0.08434235137472575
9.732,0.07896695176673466
9.734,0.1035850813682456
9.736,0.013275343775227967
9.738,-0.01202097337332933
9.74,0.03298968816579306
9.742,0.030209807534704883
9.744,0.07257371575902677
9.746,0.07294592856435377
9.748,0.12231514342937945
9.75,0.06838885777240743
9.752,0.11047463726544164
9.754,0.002331919151831105
9.756,0.03329752653095652
9.758000000000001,-0.041084493166113664
9.76,0.001973518893418652
9.762,0.0629828948235325
9.764,0.15219259452920408
9.766,0.18650272214915656
9.768,0.1355543322795419
9.77,0.03927290440926902
9.772,0.08355006675792465
9.774000000000001,0.10118010333343896
9.776,0.14765940943144398
9.778,0.009050221957069032
9.78,0.048134888511774866
9.782,0.11580454029398107
9.784,0.06534118577057382
9.786,0.12387170151028555
9.788,0.1421242261713214
9.790000000000001,0.1525844822759662
9.792,0.2154691536267226
9.794,0.0407815816157276
9.796,0.053380483878490814
9.798,0.05785770042112045
9.8,0.1624157617794313
9.802,0.08756265737620274
9.804,0.11494035115753264
9.806000000000001,0.20888328066093842
9.808,0.1773330733370867
9.81,0.09693562292559757
9.812,0.11488217159208731
9.814,0.09103409282880263
9.816,0.08402879545043276
9.818,0.09473652863180378
9.82,0.017224001561551405
9.822000000000001,0.09957344223775709
9.824,-0.008004508784899361
9.826,0.10142814974752645
9.828,0.11024810861992314
9.83,0.07480780447674562
9.832,0.08762733704796477
9.834,0.17420424667896406
9.836,0.15772046774091117
9.838000000000001,0.14026484477869391
9.84,0.05028983915484285
9.842,0.0659568780841657
9.844,0.08031304205272007
9.846,0.13427745026541682
9.848,0.12044378520549388
9.85,0.08755461941307092
9.852,0.07143813109624303
9.854000000000001,0.1405779786217143
9.856,0.019978432249300154
9.858,0.12701644738326737
9.86,0.13160072424658004
9.862,0.1036488369139193
9.864,0.1811146263671874
9.866,0.12483440650546783
9.868,0.20774305386959008
9.870000000000001,0.14657014513930428
9.872,0.07158285515836528
9.874,0.09233081118814952
9.876,0.18468494836665658
9.878,0.0707757673593196
9.88,0.0835812712611491
9.882,0.09126244600633851
9.884,0.056239427012882925
9.886000000000001,0.052095265132780635
9.888,0.12530357672792644
9.89,0.0662418536066493
9.892,0.15022163225208957
9.894,0.09244784441504919
9.896,0.1138569262909096
9.898,0.029479611819940597
9.9,0.12117698175999297
9.902000000000001,0.07611690400431355
9.904,0.07390938498426199
9.906,0.06422749481621245
9.908,0.04696573984206656
9.91,0.07726796683846203
9.912,0.10454792119790601
9.914,0.08607049153730686
9.916,0.0943468783975732
9.918000000000001,0.09128973915909716
9.92,-0.004588794611812136
9.922,0.14363634464889086
9.924,0.07789407452689173
9.926,0.13855427186961972
9.928,0.08550400965810069
9.93,0.05743632665398955
9.932,0.024217981554719957
9.934000000000001,0.062110759182072164
9.936,0.07612124951357895
9.938,0.03316554760516706
9.94,0.04189405739460493
9.942,0.1532986559069983
9.944,0.03144886552193889
9.946,0.02148942837306235
9.948,0.08113928083324519
9.950000000000001,0.06220283159469881
9.952,0.06652252588112578
9.954,0.026159357843225463
9.956,0.05923065358321126
9.958,0.058431211022522606
9.96,0.06119212490682995
9.962,0.0760591211077869
9.964,0.15754252486117132
9.966000000000001,0.09462627123608994
9.968,0.15305502862850634
9.97,0.04286604610796352
9.972,0.034278944560289445
9.974,0.10938666700570585
9.976,0.06594992177391362
9.978,0.04267414144294353
9.98,0.07001330575961684
9.982000000000001,0.08258122001462112
9.984,0.1075827492652239
9.986,0.12039462323249024
9.988,0.13553892126055167
9.99,0.23118028819366304
9.992,0.0776520278153668
9.994,0.03593825365516288
9.996,0.07544109255857204
9.998,0.034893753721780635
10.0,0.1802006335026568
10.002,0.06288274182317699
10.004,0.0319420021585885
10.006,-0.006829908324537198
10.008000000000001,0.08192941909758873
10.01,0.14712980144403767
10.012,0.13095694205730893
10.014,0.07496508506579125
10.016,0.09854107930282935
10.018,0.04946486814027146
10.02,0.15250440897529954
10.022,0.16016918910758215
10.024000000000001,0.21893290197019008
10.026,0.241557665455783
10.028,0.33702020630701857
10.03,0.3052006259604977
10.032,0.42803719208314783
10.034,0.4847924904549199
10.036,0.6046368978341911
10.038,0.8027140119444002
10.040000000000001,0.766272353965351
10.042,0.8722389153847117
10.044,1.0104126224904426
10.046,1.01698414028402
10.048,1.0616803336222895
10.05,1.0654779208185228
10.052,1.14392894874451
10.054,1.0980991569487757
10.056000000000001,1.0609009807174479
10.058,1.1190735324237182
10.06,1.0673981547030686
10.062,0.920828509338556
10.064,0.8992097281472117
10.066,0.8409040156346821
10.068,0.7136584485212288
10.07,0.599724491046353
10.072000000000001,0.5183519213774554
10.074,0.33519797890312203
10.076,0.2072523704879213
10.078,0.28162281399234357
10.08,0.11804104068365406
10.082,0.12201954204996106
10.084,-0.03462744112196131
10.086,0.02093782423461131
10.088000000000001,-0.09376554896129512
10.09,-0.060236161870171084
10.092,-0.11546347345463658
10.094,-0.15880046133226172
10.096,-0.17021615918115035
10.098,-0.0715537161540759
10.1,-0.058672387822628416
10.102,-0.05467213169659131
10.104000000000001,-0.013379411958147503
10.106,0.11882634744793638
10.108,0.06586155671930902
10.11,-0.026695669595455856
10.112,-0.018034587431369715
10.114,0.04179831721973021
10.116,0.030483431759851274
10.118,0.05322748596054215
10.120000000000001,0.07852308695639718
10.122,0.11479365567443721
10.124,0.18340724268716535
10.126,0.15026653753275732
10.128,0.14252387379431236
10.13,0.09028818607686391
10.132,0.03552813255693104
10.134,0.03568710719492569
10.136000000000001,0.027065420863421327
10.138,0.11177783701626012
10.14,0.005442041496488317
10.142,0.10561970532880559
10.144,0.09411438672630754
10.146,0.12608365219904646
10.148,0.08261889389316239
10.15,0.10931597814502679
10.152000000000001,0.1117652584697304
10.154,0.15116888633915865
10.156,0.07896132647460437
10.158,-0.014166663476623098
10.16,0.09759315722959411
10.162,0.10554406269011063
10.164,0.1520497248991592
10.166,0.13604498466405343
10.168000000000001,0.13716778521250553
10.17,0.1756365447598942
10.172,0.12513922706602199
10.174,0.20270611874630934
10.176,0.10123126804991889
10.178,0.20055425339825533
10.18,0.21996186625691766
10.182,0.2753116311778739
10.184000000000001,0.19392958438935892
10.186,0.16619686879963014
10.188,0.14913764198137142
10.19,0.12835687786843764
10.192,0.21307122686326527
10.194,0.15340983202991978
10.196,0.16661089043786606
10.198,0.19719270371884667
10.200000000000001,0.2611512322823069
10.202,0.22503010724754363
10.204,0.304496896842885
10.206,0.2357749423263537
10.208,0.2924139977935368
10.21,0.19595018356314484
10.212,0.2151391042740332
10.214,0.19298048099279688
10.216000000000001,0.19495651193747243
10.218,0.24799644288633685
10.22,0.26943935162889454
10.222,0.19859083820565823
10.224,0.28563422919108805
10.226,0.2296366415596306
10.228,0.25185560851692723
10.23,0.31220916972512225
10.232000000000001,0.2698356425433867
10.234,0.2064448245550421
10.236,0.1908789641813257
10.238,0.3725463446245973
10.24,0.224604314024498
10.242,0.29919288302550456
10.244,0.3065156450446715
10.246,0.31732016580795896
10.248,0.3379652036241542
10.25,0.3620434205762915
10.252,0.24911427350956955
10.254,0.31871401643621916
10.256,0.24756589774645002
10.258000000000001,0.2754772836925111
10.26,0.2849959760861285
10.262,0.32056795419727463
10.264,0.39617302034835744
10.266,0.2345782154845338
10.268,0.2387747033646288
10.27,0.2784393388641953
10.272,0.31966010537938794
10.274000000000001,0.31133324587682437
10.276,0.2934033470086558
10.278,0.2971642500482452
10.28,0.33238038066962106
10.282,0.20504271497799667
10.284,0.2733880090508438
10.286,0.2612951435240631
10.288,0.2315684670112645
10.290000000000001,0.2545980102342775
10.292,0.2954578716405931
10.294,0.27335512807118173
10.296,0.20276119495464603
10.298,0.24848281804756828
10.3,0.17754660334828068
10.302,0.20072106442059698
10.304,0.17806449820702025
10.306000000000001,0.2549582155583086
10.308,0.2333549472364295
10.31,0.211930878261356
10.312,0.15419116607261493
10.314,0.13787997833927124
10.316,0.08520750091721185
10.318,0.210459361941575
10.32,0.0473532348499075
10.322000000000001,0.17158753351692563
10.324,0.15265261918588824
10.326,0.20420529943306392
10.328,0.17490675629524222
10.33,0.2160262437717272
10.332,0.10482549039894565
10.334,0.09513706749269488
10.336,0.10723227352210778
10.338000000000001,0.08045465840937678
10.34,0.09491705352646226
10.342,0.13685238412378256
10.344,0.14122899599215344
10.346,0.05658502230412731
10.348,0.11942940488037135
10.35,0.12859254546035262
10.352,0.021487608800406142
10.354000000000001,0.026670509224850397
10.356,0.08898580094247688
10.358,0.1094881002559785
10.36,0.047686385865301065
10.362,0.06909624715771381
10.364,0.2053142487810528
10.366,0.07526755482479879
10.368,0.11587590433579077
10.370000000000001,0.051859548633584426
10.372,0.04992854659307614
10.374,0.01911342233189175
10.376,0.05127884882342375
10.378,-0.02850528367489196
10.38,0.0016724700426021255
10.382,0.06321473551842435
10.384,0.0774591190253515
10.386000000000001,0.10033978253470341
10.388,0.010950843760326928
10.39,0.023072673836217167
10.392,0.010684363038308668
10.394,0.026000255113030227
10.396,0.06469129936491157
10.398,0.03457730541911009
10.4,0.08117399812058188
10.402000000000001,0.13260890217547175
10.404,0.05156125644576163
10.406,0.13718836997490347
10.408,-0.020718147893374374
10.41,0.07985739820449891
10.412,0.10244034536710134
10.414,0.04356411331091985
10.416,0.013204296827464313
10.418000000000001,-0.01972473686528627
10.42,0.1116971379374809
10.422,0.004275800682541291
10.424,0.0805986484079883
10.426,0.10416330151195752
10.428,-0.02990935427764284
10.43,-0.0369917344362863
10.432,0.04131479283179697
10.434000000000001,-0.00045239709908301284
10.436,0.11296965912524318
10.438,0.014108888763115026
10.44,0.02431332621274672
10.442,0.014745374502576635
10.444,0.04284178595876589
10.446,0.05624349561662009
10.448,0.06246680897913904
10.450000000000001,-0.014300912363837043
10.452,0.05537837680465018
10.454,0.012060224277570376
10.456,0.004563653842622655
10.458,0.003971443202191515
10.46,0.04600439013296703
10.462,0.008389195998423634
10.464,0.014265980550466583
10.466000000000001,0.007518743022794667
10.468,0.10031804030893728
10.47,-0.0025366805126182026
10.472,0.011152454370122746
10.474,0.02946354417713215
10.476,0.05555055563544687
10.478,-0.03406530005113925
10.48,0.04924619788152995
10.482000000000001,0.063335290705356
10.484,0.16406860054945904
10.486,0.2500300995022655
10.488,0.08502944030139256
10.49,0.26054852270521145
10.492,0.1801628917462904
10.494,0.10361825004735274
10.496,0.17617715347370572
10.498,0.14804435694512713
10.5,0.09276175652911478
10.502,0.11919539179016683
10.504,0.12453614621621888
10.506,0.02971118947298701
10.508000000000001,0.10849448797222248
10.51,0.10221917258063909
10.512,0.06016372376405775
10.514,-0.07285775493736757
10.516,0.06778798837272546
10.518,0.014297030805975934
10.52,0.010259567336434502
10.522,0.057888432022634356
10.524000000000001,-0.03691328686208184
10.526,-0.0004740830666672556
10.528,-0.04297006942270341
10.53,-0.016453026805992938
10.532,0.00926216238797798
10.534,-0.022244983626574205
10.536,0.03176349714640587
10.538,0.055787922006017975
10.540000000000001,0.009680696925399995
10.542,-0.0023605098248447934
10.544,0.028328067601617588
10.546,0.12298139405835924
10.548,0.05211823261831895
10.55,0.0533663728647027
10.552,-0.03935411748855904
10.554,0.03370199241508576
10.556000000000001,0.03296042527935911
10.558,-0.028837284808647515
10.56,0.10081679219423698
10.562,-0.034743667045005894
10.564,0.032729422711773364
10.566,0.11027898900116098
10.568,0.04047237623329411
10.57,0.06199599865383794
10.572000000000001,-0.11607018674511044
10.574,0.0984320028931849
10.576,0.06682585871059825
10.578,-0.0243119924047421
10.58,0.043720216117539845
10.582,0.07833373927305325
10.584,0.0637609533346673
10.586,-0.018424684969421786
10.588000000000001,0.02879788572367148
10.59,0.10779722668304058
10.592,0.025374545790195567
10.594,-0.00441791006817819
10.596,0.09791532168435998
10.598,0.03160384738831295
10.6,0.079801379030559
10.602,0.03067428876331784
10.604000000000001,0.009171172104691108
10.606,0.05714930437619184
10.608,0.012721132371742064
10.61,-0.049597668791783636
10.612,0.09789330188121416
10.614,-0.055169708157511266
10.616,0.011524605091701477
10.618,0.09062548639054957
10.620000000000001,-0.015175651766975195
10.622,0.052184796886909426
10.624,0.05440336977315342
10.626,0.13929659129770985
10.628,0.16412434145292237
10.63,0.026140006494680547
10.632,0.011465728043950536
10.634,-0.049385386752014315
10.636000000000001,0.01830859622037395
10.638,-0.007910020308020283
10.64,0.00764041337133548
10.642,0.013799576944663801
10.644,0.06928055368128819
10.646,0.04651514045782647
10.648,0.01303537040081697
10.65,-0.0113546422977365
10.652000000000001,-0.06071948966436156
10.654,0.06312832312636697
10.656,-0.015714228887871592
10.658,-0.08452397552451012
10.66,0.06602061969809807
10.662,0.03731617355184598
10.664,-0.08482502510435233
10.666,0.01940173551287288
10.668000000000001,0.04458149427079217
10.67,0.040565966477330434
10.672,-0.005702172093470067
10.674,-0.009887569183816287
10.676,-0.07022129793796512
10.678,0.07445165980356508
10.68,-0.021477396574522738
10.682,0.021659311787400676
10.684000000000001,-0.00886540098251764
10.686,0.0838642214937374
10.688,0.004188551435689233
10.69,0.04670867975257861
10.692,0.10777740699468571
10.694,-0.024275195636125933
10.696,0.028118193121570635
10.698,0.07425663476484126
10.700000000000001,0.043703781208967944
10.702,0.08078398016165031
10.704,-0.07999029555753483
10.706,0.01651946633966333
10.708,0.11627003603937623
10.71,0.06301331981659192
10.712,0.009225713075077581
10.714,-0.05722147199913617
10.716000000000001,-0.006585461627087702
10.718,0.054492262405161335
10.72,0.038902791235268276
10.722,0.026716403918941173
10.724,0.0764322558110627
10.726,0.006982908644665078
10.728,0.03135520205929792
10.73,0.03334248542690913
10.732000000000001,-0.034979172120646385
10.734,0.04258166244597835
10.736,-0.06939457666815503
10.738,-0.05364941274830387
10.74,-0.04403030799119389
10.742,-0.026762984248556748
10.744,0.07410474950817747
10.746,0.05128588271096288
10.748000000000001,-0.03675531040739137
10.75,-0.026930317708253392
10.752,-0.0011552798128154698
10.754,-0.04687223395175134
10.756,0.010119122106996361
10.758000000000001,-0.09321162084298656
10.76,0.047172609654002516
10.762,-0.01673386812803413
10.764,-0.06920649289214356
10.766,0.07790244330780058
10.768,-0.04376103347468041
10.77,-0.0205119757599252
10.772,-0.03359292377569448
10.774000000000001,-0.016582444436069915
10.776,0.0037364001183317515
10.778,-0.011044309260776864
10.78,-0.01821339017467192
10.782,-0.0474525056677786
10.784,-0.07461071615075053
10.786,0.09637662618527709
10.788,0.09948108857079277
10.790000000000001,0.04193301774020434
10.792,0.04436658140341097
10.794,-0.044005163606848516
10.796,-0.018554144109271697
10.798,-0.03623581365682302
10.8,0.04607130942746748
10.802,0.09541128023034273
10.804,0.08703851290784197
10.806000000000001,0.24217853153177438
10.808,0.23851593572091573
10.81,0.33547395032355287
10.812,0.417768190192826
10.814,0.505718037203834
10.816,0.607311607189167
10.818,0.7107442050652005
10.82,0.7963739434305195
10.822000000000001,0.9426522265951512
10.824,0.8929548157566335
10.826,1.0443607307519982
10.828,0.9916511726417532
10.83,1.047972633941574
10.832,0.9607272579418227
10.834,0.8561798878990987
10.836,0.8807127412937558
10.838000000000001,0.7146683760424333
10.84,0.8326253678392203
10.842,0.743645789022463
10.844,0.5567228525403802
10.846,0.5506655043293055
10.848,0.46705427967247987
10.85,0.3934285341179505
10.852,0.24783527319786258
10.854000000000001,0.20829980943012547
10.856,0.1502047473997277
10.858,0.06022414568584998
10.86,-0.0775524966473736
10.862,-0.10239186131781727
10.864,-0.1315340813923489
10.866,-0.1728767651129773
10.868,-0.22073855706336554
10.870000000000001,-0.15230808657711373
10.872,-0.21248424946924602
10.874,-0.20946411537698362
10.876,-0.19481263170602844
10.878,-0.15204186648931076
10.88,-0.12960002043794358
10.882,-0.08446089692536049
10.884,-0.11120711039664952
10.886000000000001,-0.0573020536851455
10.888,-0.0700333990234534
10.89,-0.03984062736393974
10.892,-0.011313360824751885
10.894,-0.054642933636164126
10.896,-0.02696536764299894
10.898,0.08433817328824718
10.9,0.08644909584478748
10.902000000000001,0.12733701443903434
10.904,0.13958418596614242
10.906,0.14780860084920402
10.908,0.09335112546413157
10.91,0.10233605019117062
10.912,0.10997405376466375
10.914,0.022973611196057536
10.916,0.1286490237632565
10.918000000000001,0.0806871296447016
10.92,0.050309999344209995
10.922,0.04896224817639532
10.924,0.01732904996869767
10.926,-0.04326536588990297
10.928,0.0688917487642234
10.93,-0.05912367908415363
10.932,0.021784978328404703
10.934000000000001,-0.08570691596460493
10.936,0.013342346105404884
10.938,-0.027624751263728507
10.94,-0.03148773565353879
10.942,0.006250642081418925
10.944,-0.03211812932499429
10.946,-0.015015506500902633
10.948,-0.0033261405826223445
10.950000000000001,0.010596105416393262
10.952,0.048039744130433534
10.954,-0.09505754774441416
10.956,0.02441993715236766
10.958,-0.007893001839742432
10.96,0.05326361802542531
10.962,0.09204585437426747
10.964,0.11853951451166189
10.966000000000001,0.07446666387260417
10.968,0.12707791717700123
10.97,0.02668212354563109
10.972,0.08972963116463135
10.974,0.10801675839019895
10.976,0.12242303774600369
10.978,0.021222052937907215
10.98,0.1557688699889374
10.982000000000001,0.1261594394453884
10.984,0.05743312337302766
10.986,0.09089367067889086
10.988,0.05197150259816129
10.99,0.11225319841609195
10.992,0.13491701204025755
10.994,0.18517322120898844
10.996,0.14226427368178723
10.998000000000001,0.11331556717272868
11.0,0.11515932944207796
11.002,0.2164111364665765
11.004,0.1957914093679307
11.006,0.13560074690988558
11.008000000000001,0.07699182450864551
11.01,0.08742890035941729
11.012,0.09054235884937066
11.014,0.11538691200531455
11.016,0.12719428219384915
11.018,0.0976798793693997
11.02,0.15850532926803232
11.022,0.2691684673595114
11.024000000000001,0.1759720832147164
11.026,0.13458225727315729
11.028,0.19284162438102417
11.03,0.15216457127061722
11.032,-0.01744709768140676
11.034,0.17511305194618942
11.036,0.14540013456600098
11.038,0.09879531855219237
11.040000000000001,0.1984517592576633
11.042,0.16504019786293636
11.044,0.14187496584313838
11.046,0.14431374879530237
11.048,0.1688881020715008
11.05,0.10054956230666628
11.052,0.20046226460192484
11.054,0.04961135747548169
11.056000000000001,0.07720750687422843
11.058,0.09891131007159223
11.06,0.0655918619956113
11.062,0.2059603354530164
11.064,0.21475405669673714
11.066,0.19036840489485166
11.068,0.09860907513932174
11.07,0.12115168461887513
11.072000000000001,0.12005098946968847
11.074,0.0792235714774502
11.076,0.09873032509061898
11.078,0.10578431778960849
11.08,0.16664208710588896
11.082,0.0491822582639491
11.084,0.12627159837592775
11.086,0.07782997829965099
11.088000000000001,0.09369491776915997
11.09,0.1294252937847667
11.092,0.0954277485701428
11.094,0.09602165167964893
11.096,0.0502575414184749
11.098,0.0762919520488944
11.1,0.0815191264781553
11.102,0.08160779364884997
11.104000000000001,0.0746947223583577
11.106,0.11926349545413523
11.108,0.12736591483645202
11.11,-0.07045984727975717
11.112,0.04147601596830029
11.114,0.003450598925260895
11.116,0.08825302394669225
11.118,0.047539784253976404
11.120000000000001,0.038031875854813976
11.122,0.10350788982913275
11.124,0.023021019908213758
11.126,0.03114742741042909
11.128,0.10631779402011066
11.13,0.036056660959019916
11.132,0.05480627760207671
11.134,-0.030930357810716867
11.136000000000001,-0.004914464422908719
11.138,0.015175167886713081
11.14,0.00822990787462461
11.142,-0.028290992226251498
11.144,-0.08964503416222858
11.146,0.006883448001981962
11.148,0.0776304606564277
11.15,0.014504357601421422
11.152000000000001,-0.0764521246420754
11.154,-0.11277875819433318
11.156,-0.11524116179816879
11.158,-0.009966198587959108
11.16,0.022379041228472278
11.162,-0.07513362410562768
11.164,0.02276367382838363
11.166,-0.07200065341199577
11.168000000000001,-0.07033336482020847
11.17,-0.07061021182668346
11.172,-0.011130887762260441
11.174,-0.07191672467215499
11.176,-0.14808001798941745
11.178,-0.06056054239864633
11.18,-0.10438617523921642
11.182,-0.04280716464259976
11.184000000000001,-0.0745894029693056
11.186,-0.0460657615617673
11.188,-0.12765205137731744
11.19,-0.00038667911639247987
11.192,-0.08518422882748071
11.194,-0.15715504052238116
11.196,-0.06681594119751519
11.198,-0.08886444535006735
11.200000000000001,-0.024745030613182645
11.202,-0.16481465983695848
11.204,-0.011535475654225961
11.206,-0.06383074748855565
11.208,-0.1065608471162276
11.21,-0.08261542418633204
11.212,-0.16533907901401557
11.214,-0.13552163400567285
11.216000000000001,-0.003168867179491927
11.218,-0.01650281112533543
11.22,-0.086442450816507
11.222,-0.1389723557071919
11.224,-0.06856540552879434
11.226,-0.06576552104963632
11.228,-0.11752655324282815
11.23,-0.08689827128228757
11.232000000000001,-0.0857198521976661
11.234,-0.1377382522820598
11.236,-0.10362430820936384
11.238,-0.09468719328859629
11.24,-0.14470224970268647
11.242,-0.10565484524064161
11.244,0.0007054617229247662
11.246,0.03385583176996866
11.248000000000001,-0.1415398673362882
11.25,-0.07133536747743797
11.252,-0.029599896132544018
11.254,-0.05015754904583915
11.256,-0.1106581303556879
11.258000000000001,-0.11018646657513674
11.26,-0.08806715196964053
11.262,-0.08710922979709401
11.264,-0.0017730549981252175
11.266,-0.1272319356361053
11.268,-0.03492680282004455
11.27,-0.07095101112118105
11.272,-0.1339127919285701
11.274000000000001,-0.03731602909807012
11.276,-0.10019045264316015
11.278,-0.1630294682324912
11.28,-0.06081478006308202
11.282,-0.11217547123384417
11.284,-0.09482448337901538
11.286,-0.09267742391691483
11.288,-0.07142173518274389
11.290000000000001,-0.08378442426571782
11.292,-0.09494201392771026
11.294,-0.029884118377231705
11.296,-0.05752417397122548
11.298,0.0018596680366718792
11.3,-0.013900514599328031
11.302,-0.008403512555032015
11.304,0.08538894655912205
11.306000000000001,0.1538762888920867
11.308,0.005202528005291127
11.31,0.042319480839901516
11.312,-0.005174359980259884
11.314,0.04355658776492895
11.316,-0.002673909279851506
11.318,0.0885959281921448
11.32,-0.017340388884184706
11.322000000000001,-0.09426579373721128
11.324,-0.027730930022614345
11.326,-0.15738017727273804
11.328,-0.0687121584956571
11.33,-0.1174856207656966
11.332,-0.21702391892207762
11.334,-0.04216998673804552
11.336,-0.13864501993916217
11.338000000000001,-0.08331315605566522
11.34,-0.12968707273249447
11.342,-0.04692557026358095
11.344,-0.08785692006074751
11.346,0.020724141562372622
11.348,-0.03721741622600418
11.35,-0.14693608590051976
11.352,-0.11873924638757796
11.354000000000001,-0.12044384237127906
11.356,-0.094161693484447
11.358,0.029641093129904636
11.36,-0.08817667096756676
11.362,-0.10388408609632961
11.364,-0.10478990673502117
11.366,-0.107093380917519
11.368,-0.11247680842646945
11.370000000000001,0.006750287048927217
11.372,-0.11205526466068579
11.374,-0.24867894882832597
11.376,-0.24715049433039493
11.378,-0.05898246978054798
11.38,-0.08976514695710498
11.382,-0.07340981593907733
11.384,-0.10484508139031593
11.386000000000001,-0.05786230690422785
11.388,-0.09005024832608484
11.39,-0.150451121935699
11.392,-0.09394649986402825
11.394,-0.1513754826211987
11.396,-0.14910211044128494
11.398,-0.15336641784909466
11.4,-0.07705650180452316
11.402000000000001,-0.17435167381474898
11.404,-0.08453563493653538
11.406,-0.07183989278077034
11.408,-0.08936298875650432
11.41,-0.0915296691618266
11.412,-0.1079158969243513
11.414,-0.10541743800906264
11.416,-0.12449575321055761
11.418000000000001,-0.06840412400960569
11.42,-0.12076939852601923
11.422,-0.04990676659664939
11.424,-0.0690663856877973
11.426,-0.0893018413135532
11.428,-0.09521910463329916
11.43,-0.006077766147292732
11.432,-0.0929159576363061
11.434000000000001,-0.0850432617283999
11.436,-0.1306255285499202
11.438,-0.09153370324838277
11.44,-0.15024888510270235
11.442,-0.10114976360482321
11.444,-0.12081421642183976
11.446,-0.09831788750690326
11.448,-0.06690503002587525
11.450000000000001,-0.09112941713033292
11.452,-0.07748233249422258
11.454,-0.09904896784643075
11.456,-0.08961523114012779
11.458,-0.11193771343038093
11.46,-0.031343001191778394
11.462,-0.06808623446588451
11.464,-0.10067859259413683
11.466000000000001,-0.062056624405205846
11.468,-0.0911374650960867
11.47,-0.10745210198810906
11.472,-0.06682109480993709
11.474,-0.11195620329870211
11.476,-0.1102397829394012
11.478,-0.12037531955540035
11.48,-0.07639472743581652
11.482000000000001,-0.081824531969919
11.484,-0.09718325160150433
11.486,-0.0865709980312154
11.488,-0.0642272050212005
11.49,-0.07575844987740897
11.492,-0.13049257449030874
11.494,-0.04281823142056242
11.496,-0.00639643284165517
11.498000000000001,-0.11201711410846592
11.5,-0.05163549159009839
11.502,-0.04537630765840807
11.504,-0.045065457627603056
11.506,-0.010524909186557518
11.508000000000001,-0.013976958947615019
11.51,-0.12147217102471447
11.512,-0.10820448557431366
11.514000000000001,-0.15098385286792665
11.516,-0.12342265519198287
11.518,-0.058571035547656414
11.52,-0.16105660213143935
11.522,-0.08582608183503901
11.524000000000001,-0.093303299259965
11.526,-0.008772018145391046
11.528,-0.10493001394248119
11.53,-0.10162594983485818
11.532,-0.10355961074989722
11.534,-0.1384830923710293
11.536,-0.046476047328050094
11.538,-0.12339354616454289
11.540000000000001,-0.19743560157035545
11.542,-0.07089107169601072
11.544,-0.054069476389294616
11.546,-0.040727600389004616
11.548,-0.13752864171559556
11.55,-0.06270681155459885
11.552,-0.08101790227364536
11.554,-0.13855423517994242
11.556000000000001,-0.1692424462367969
11.558,-0.10499502606747034
11.56,-0.019594863415013986
11.562,-0.13568056045965024
11.564,-0.07916766450014039
11.566,-0.11624739572611213
11.568,-0.03264119337256123
11.57,-0.027417004575584922
11.572000000000001,-0.18393711731672363
11.574,-0.13156318465265546
11.576,-0.058068464228731215
11.578,-0.06643349457534424
11.58,-0.05499093043937375
11.582,-0.04402112559801111
11.584,0.009057764616144156
11.586,0.050765945069007966
11.588000000000001,0.09017058204758374
11.59,0.23499119789512482
11.592,0.33547812538545974
11.594,0.48100174442324534
11.596,0.5648813667058912
11.598,0.6075215121825138
11.6,0.6824426552743769
11.602,0.7732649292279197
11.604000000000001,0.7777715152005664
11.606,0.8467987507847298
11.608,0.8769117942471236
11.61,0.8311754586450368
11.612,0.7704991764653804
11.614,0.8391684948425652
11.616,0.7855740769377978
11.618,0.6450763820008749
11.620000000000001,0.6156779811306057
11.622,0.5678817103609866
11.624,0.5028891794220328
11.626,0.33107860451903626
11.628,0.31471151586330226
11.63,0.26900643399271595
11.632,0.07120572694329096
11.634,-0.08938800621321102
11.636000000000001,-0.10650057536736306
11.638,-0.07407366928855498
11.64,-0.1688437691937902
11.642,-0.250644655644394
11.644,-0.31819684759705724
11.646,-0.15155865488889642
11.648,-0.284740826252063
11.65,-0.2974005166012699
11.652000000000001,-0.2672626575538108
11.654,-0.22303755115216045
11.656,-0.24053896252239412
11.658,-0.18406708796189009
11.66,-0.20511967107152274
11.662,-0.17825169135708602
11.664,-0.13394717945774526
11.666,-0.05444255102187166
11.668000000000001,-0.040231745158833
11.67,-0.1405544623229993
11.672,-0.16565121146661554
11.674,-0.19364664995942193
11.676,-0.13634592973479912
11.678,-0.11552420622050082
11.68,-0.14569447919460607
11.682,-0.09650998656168674
11.684000000000001,-0.055861170442577796
11.686,-0.08124916568528738
11.688,-0.1290078193687908
11.69,-0.05713347345946672
11.692,-0.15925681935701003
11.694,-0.11353086932167014
11.696,-0.1234631403046932
11.698,-0.06584218419270395
11.700000000000001,-0.13686027481637794
11.702,-0.11266666512799843
11.704,0.0034118633307325674
11.706,-0.04404868073682872
11.708,-0.14230943978923122
11.71,-0.07217685578712423
11.712,-0.0732221565611923
11.714,0.0007422320787866116
11.716000000000001,-0.10253072577530148
11.718,-0.1585629838187752
11.72,-0.06901927271099907
11.722,-0.02434358436271368
11.724,-0.09062790758908529
11.726,-0.13062473420527793
11.728,-0.04160151987627482
11.73,-0.07033734962315769
11.732000000000001,-0.0009991125490727351
11.734,-0.10446916289114139
11.736,-0.05311614164258972
11.738,-0.056495282705385196
11.74,-0.07324637549501341
11.742,0.002424785727532415
11.744,-0.06535952065531556
11.746,-0.039548246380543356
11.748000000000001,0.025286394704705905
11.75,0.02837993594105042
11.752,0.047083489433677836
11.754,0.03673304489234683
11.756,0.11647553529568755
11.758000000000001,0.025490136862740348
11.76,0.047227438406057864
11.762,0.15771861110394597
11.764000000000001,0.2298746243048693
11.766,0.22258371760163229
11.768,0.16152253087065926
11.77,0.17524712686596083
11.772,0.18060490846513985
11.774000000000001,0.2107388830508823
11.776,0.16742526847001546
11.778,0.05568231432597381
11.78,0.1491960122792431
11.782,0.0958245361463019
11.784,0.11675728568918331
11.786,0.07423966108677711
11.788,0.12282798220261995
11.790000000000001,0.11129777167158042
11.792,0.06662309327921362
11.794,0.05361395065586642
11.796,0.021971583877558147
11.798,-0.035842935534964385
11.8,0.08649849464103583
11.802,-0.012268760577480553
11.804,0.0550647025077919
11.806000000000001,0.10930721709724514
11.808,0.093625466889272
11.81,0.0730667826509967
11.812,0.04247652722650606
11.814,0.10303736874386296
11.816,0.04443830907347346
11.818,0.031780665713811385
11.82,0.12882230852727666
11.822000000000001,0.03740729899875587
11.824,0.06852672490794123
11.826,0.08207482804730877
11.828,0.12268245793377444
11.83,0.1412194695173721
11.832,0.041106303035068445
11.834,-0.012739897247447986
11.836,-0.024968132785724607
11.838000000000001,0.04871545650357971
11.84,0.018564967822592836
11.842,-0.04013096108686005
11.844,0.036111876790704746
11.846,0.07367207828323397
11.848,0.10184479244597233
11.85,0.06842822648318822
11.852,-0.0011364213048562291
11.854000000000001,-0.07281860824283756
11.856,-0.018723970834639093
11.858,-0.0418982632222806
11.86,-0.03829195734768929
11.862,-0.021569934874161097
11.864,0.025388857225089788
11.866,0.08305752409780505
11.868,0.025729529682784864
11.870000000000001,-0.0006393415496419759
11.872,-0.060050135884762545
11.874,0.04246807762835679
11.876,-0.06227175280607669
11.878,-0.07303586053338076
11.88,-0.11162090680218231
11.882,-0.04880579868406906
11.884,-0.0037302198713158735
11.886000000000001,-0.07271382653790226
11.888,-0.1441047664170903
11.89,-0.040974969202994996
11.892,-0.08963537910705217
11.894,-0.12068435753333631
11.896,-0.07522777282356723
11.898,-0.10073121412667328
11.9,0.007078546631403254
11.902000000000001,-0.0253188255880459
11.904,-0.10190410845041278
11.906,0.032637046409856776
11.908,-0.03876147914235285
11.91,-0.0629414851352222
11.912,-0.08482617306604198
11.914,-0.06313167753143198
11.916,-0.09490962567263021
11.918000000000001,-0.18425634695047066
11.92,-0.12265066276135944
11.922,-0.14637275938776087
11.924,-0.02163373908710789
11.926,-0.06905007555427103
11.928,-0.07529614845417283
11.93,-0.11077837569806594
11.932,-0.15661967497153945
11.934000000000001,-0.11506225853010943
11.936,-0.13213590517141943
11.938,-0.15778184683095073
11.94,-0.07492362248938464
11.942,-0.013403584172568248
11.944,-0.1238656599375593
11.946,-0.005689578916088525
11.948,-0.11883873428484187
11.950000000000001,-0.19515002259485614
11.952,-0.07232505974206846
11.954,-0.0875251511804141
11.956,-0.10648593297782778
11.958,-0.11853157860289201
11.96,-0.1382051213920991
11.962,-0.04480414477063903
11.964,-0.06266753147735149
11.966000000000001,-0.03363998552215598
11.968,-0.16737783387988447
11.97,-0.09139166936153913
11.972,-0.18675181210375646
11.974,-0.22363293631089068
11.976,-0.13107060893782257
11.978,-0.021347420093521904
11.98,-0.17269195808804516
11.982000000000001,-0.11722065926268707
11.984,-0.10815445724425526
11.986,-0.13152024531844336
11.988,-0.1489483954592899
11.99,-0.12170046450129854
11.992,-0.12277029762768403
11.994,-0.21273194957965474
11.996,-0.19568365593690107
11.998000000000001,-0.11936249488583915
12.0,-0.1703097475338021
12.002,-0.051349011915687005
12.004,-0.1060792023204105
12.006,-0.10172517579800189
12.008000000000001,-0.08106191512374587
12.01,-0.11814141428776324
12.012,-0.14907238353159186
12.014000000000001,-0.20169527199810366
12.016,-0.06894913155171516
12.018,-0.06098123234281069
12.02,-0.07555139174198322
12.022,-0.06983603026245216
12.024000000000001,-0.08760018452312926
12.026,-0.06485803110136773
12.028,-0.14665214036720375
12.030000000000001,-0.13741333692378085
12.032,-0.1835783607864278
12.034,-0.11702802332394807
12.036,-0.2120598651552826
12.038,-0.15836678704507823
12.040000000000001,-0.17994393321438346
12.042,-0.16390156967923905
12.044,-0.11594164834221958
12.046,-0.19527877530790883
12.048,-0.06622925136458668
12.05,-0.12420577219126072
12.052,-0.1244037279480943
12.054,-0.1705288185374669
12.056000000000001,-0.18580888733738676
12.058,-0.1291474039467192
12.06,-0.08122698102906827
12.062,-0.16505083463614484
12.064,-0.1360438317750775
12.066,-0.10521682166055663
12.068,-0.12204580898794923
12.07,-0.2047267021808536
12.072000000000001,-0.12963887353144507
12.074,-0.11354734877175815
12.076,-0.19785744948700582
12.078,-0.11586629089042455
12.08,-0.12297901839468586
12.082,-0.20567247066046868
12.084,-0.19328456409155625
12.086,-0.11272780089413276
12.088000000000001,-0.17830796295482318
12.09,-0.09119336582852788
12.092,-0.15738289532942773
12.094,-0.19018733321912124
12.096,-0.17363181226117846
12.098,-0.15545699646990432
12.1,-0.1654213813307223
12.102,-0.2183894603708375
12.104000000000001,-0.10646859990898791
12.106,-0.16080147251351673
12.108,-0.14789128380364763
12.11,-0.10289122668478587
12.112,-0.10740911013487453
12.114,-0.1193853183471305
12.116,-0.1495036477985671
12.118,-0.22671543135442518
12.120000000000001,-0.17481746885841976
12.122,-0.17770738060660365
12.124,-0.16427670127278088
12.126,-0.15002139288840083
12.128,-0.12238635082126269
12.13,-0.11949341538216923
12.132,-0.2118894353205904
12.134,-0.126602959665558
12.136000000000001,-0.11059775250147308
12.138,-0.048484511709006445
12.14,-0.04450228659945416
12.142,-0.07314669406839491
12.144,0.03882376595096119
12.146,-0.005317213841597959
12.148,0.05548200605417483
12.15,0.0339691485116968
12.152000000000001,-0.05976827661755059
12.154,0.022738097468118376
12.156,0.053338576205962586
12.158,-0.07032421926761935
12.16,-0.024045073094730057
12.162,-0.09050339861440783
12.164,-0.11910064661224146
12.166,-0.20006023989430588
12.168000000000001,-0.17122049876568976
12.17,-0.12749510525768715
12.172,-0.18008847035833836
12.174,-0.16262634268527487
12.176,-0.13477676043456668
12.178,-0.20420412756865444
12.18,-0.12420848146766797
12.182,-0.17030598472838365
12.184000000000001,-0.1626141118590849
12.186,-0.13445709437852105
12.188,-0.19560326408635323
12.19,-0.08113171886165353
12.192,-0.21273737204296866
12.194,-0.11343679694731654
12.196,-0.15416862187483046
12.198,-0.09908305307938767
12.200000000000001,-0.16889437714703173
12.202,-0.11649843372540455
12.204,-0.12481979003611542
12.206,-0.14948483787319272
12.208,-0.10121669048459697
12.21,-0.09033435849800146
12.212,-0.16981119138858813
12.214,-0.10261708358885785
12.216000000000001,-0.18383494545107373
12.218,-0.15985815694669353
12.22,-0.17826136761422046
12.222,-0.08783852445179455
12.224,-0.13282223702333962
12.226,-0.13116982497442384
12.228,-0.11472806459080143
12.23,-0.045566622863816714
12.232000000000001,-0.15635304447859927
12.234,-0.15450738376708315
12.236,-0.10611434306709458
12.238,-0.11656471660434067
12.24,-0.17245664534276806
12.242,-0.06991706201792719
12.244,-0.07633219803885098
12.246,-0.03963771775913462
12.248000000000001,-0.15113584359103407
12.25,-0.09225090132341249
12.252,-0.14028516829130316
12.254,-0.14010025214035174
12.256,-0.17759853020575347
12.258000000000001,-0.10582980577042639
12.26,-0.20592194090119187
12.262,-0.0536414840250182
12.264000000000001,-0.10492350961852281
12.266,-0.0980598589772144
12.268,-0.11873916232487645
12.27,-0.13843451775906762
12.272,-0.10736224467696631
12.274000000000001,-0.18904597365778197
12.276,-0.10703738647671975
12.278,-0.1970198049652074
12.280000000000001,-0.06043490813201527
12.282,-0.12922748413364915
12.284,-0.14546036832618986
12.286,-0.10356809120652309
12.288,-0.03480027637833148
12.290000000000001,-0.077637639601837
12.292,-0.18680853263650815
12.294,-0.11338004906022689
12.296,-0.1865424422767305
12.298,-0.12455868945612693
12.3,-0.13923495856255808
12.302,-0.08421283138087483
12.304,-0.09798930913141071
12.306000000000001,-0.10195363084862673
12.308,-0.04672902600317134
12.31,-0.055937184281727274
12.312,-0.1379626491704803
12.314,-0.1502367422682377
12.316,-0.14550242223163845
12.318,-0.05173480098658951
12.32,-0.06464131514661656
12.322000000000001,-0.10284207086504851
12.324,-0.11086503180785973
12.326,-0.0510328694385575
12.328,-0.09860003016257995
12.33,-0.14556702355091292
12.332,-0.10479272563348965
12.334,-0.08319543099431669
12.336,-0.10295427089374537
12.338000000000001,-0.16388808936451987
12.34,-0.04019983280479465
12.342,-0.045263323858164284
12.344,-0.10668543969680093
12.346,-0.08348413546195237
12.348,-0.07687382364455508
12.35,-0.08105903199937511
12.352,-0.052378839245050796
12.354000000000001,-0.03218329537641419
12.356,-0.1320519514001134
12.358,-0.087623134265257
12.36,-0.04610582733263595
12.362,0.07874386094525782
12.364,0.04667844312197111
12.366,0.14025208108380427
12.368,0.1803533144982371
12.370000000000001,0.3472433668134426
12.372,0.4295076124965361
12.374,0.4521899669946212
12.376,0.6071730048406967
12.378,0.7323177121375695
12.38,0.7464643704162671
12.382,0.8148140742888672
12.384,0.9701404839668775
12.386000000000001,0.8432341897924024
12.388,0.8860620757991742
12.39,0.8280569076551797
12.392,0.8160208370657911
12.394,0.872317115473576
12.396,0.7526133241837227
12.398,0.7318488612418763
12.4,0.7420213036817839
12.402000000000001,0.6031067909279498
12.404,0.47837397326206754
12.406,0.3415128428641795
12.408,0.26275638396470313
12.41,0.2354684554044712
12.412,0.010794754027450927
12.414,0.08737848222468314
12.416,-0.11306541164887297
12.418000000000001,-0.1380849240297627
12.42,-0.22513108619509437
12.422,-0.19279141039310002
12.424,-0.23909310806895154
12.426,-0.23819155056906768
12.428,-0.2905593347423239
12.43,-0.3497360230788835
12.432,-0.30990196599894365
12.434000000000001,-0.2310053663867346
12.436,-0.17865408857416262
12.438,-0.23626927110885854
12.44,-0.2035657939760294
12.442,-0.1785894304153483
12.444,-0.12566636834028355
12.446,-0.1570361661702131
12.448,-0.06884257331190971
12.450000000000001,-0.057386967183759484
12.452,-0.09841611826865317
12.454,-0.17610761503274142
12.456,-0.0786651376385674
12.458,-0.020535583475842986
12.46,-0.1562423012381055
12.462,-0.16106120306045663
12.464,-0.18803535843395047
12.466000000000001,-0.04758632450337594
12.468,-0.0820158172159978
12.47,-0.05061500991926858
12.472,-0.06004005596094234
12.474,-0.08067770440045599
12.476,-0.10706984090978246
12.478,-0.11560623385214933
12.48,-0.15461759442982498
12.482000000000001,-0.10199960329947376
12.484,0.020336052557047686
12.486,-0.06838949219629556
12.488,-0.07522882941326689
12.49,-0.05057784925972157
12.492,-0.07726476166789911
12.494,-0.12239281132483909
12.496,-0.051356389178016826
12.498000000000001,-0.06573006791718193
12.5,-0.01929085069751946
12.502,-0.04603729080272471
12.504,0.00532831395682171
12.506,-0.042262838350611676
12.508000000000001,-0.03606433469412179
12.51,-0.09439660615272545
12.512,-0.038004965437292634
12.514000000000001,-0.003690941845956461
12.516,-0.060672224701227094
12.518,-0.03355657184927735
12.52,0.06285337996787674
12.522,0.012569998679085264
12.524000000000001,-0.02517384246467348
12.526,-0.010049545160868107
12.528,0.11123329950443187
12.530000000000001,0.07162948001093475
12.532,-0.018411503199469867
12.534,-0.07891844213207605
12.536,-0.026164117745891082
12.538,0.05859565465553893
12.540000000000001,-0.08542858010574052
12.542,0.008018177309847017
12.544,0.02133182720775091
12.546,0.10872194019392437
12.548,0.10459191813461599
12.55,0.08792594793216257
12.552,0.06639222841773844
12.554,0.15800745496195043
12.556000000000001,0.05676349513217729
12.558,0.09636331092502531
12.56,0.17460591015190827
12.562,0.24503039545514116
12.564,0.27831877841280456
12.566,0.3176021484992922
12.568,0.2589829363968568
12.57,0.28986747766569004
12.572000000000001,0.16286176781606226
12.574,0.1535629519170048
12.576,0.2902949385518868
12.578,0.22821587495219117
12.58,0.1524195703959372
12.582,0.15843181895755704
12.584,0.09492773776831594
12.586,0.12186604000746831
12.588000000000001,0.1466590864560503
12.59,0.06914877437217914
12.592,0.12848603263050534
12.594,0.11560928759776892
12.596,0.006880475794664512
12.598,0.05102016296496174
12.6,-0.0025012199785361677
12.602,0.07422727470158323
12.604000000000001,0.10866775347576008
12.606,0.03032998427433066
12.608,0.0014697751360571026
12.61,0.03648966261604456
12.612,0.07347847517842022
12.614,0.04727719570008984
12.616,0.04342830272655654
12.618,0.03659975279045584
12.620000000000001,0.039759721188399176
12.622,0.10655051438634958
12.624,0.17170346483948434
12.626,0.11032378472561301
12.628,0.04217847665489666
12.63,0.05336262134468358
12.632,0.058387163711050315
12.634,0.08383823214222136
12.636000000000001,0.03211487590249171
12.638,0.07643880667645564
12.64,0.025152926377665308
12.642,0.040296883429134345
12.644,0.03998612851152866
12.646,0.09894402097949886
12.648,0.044289179122966676
12.65,-0.01128224403750169
12.652000000000001,-0.09545674736314198
12.654,0.07888834857497484
12.656,-0.012543442278753762
12.658,-0.012304388640987748
12.66,0.040261868213551495
12.662,0.07349445346684565
12.664,-0.03719974877384233
12.666,0.0015710378985935112
12.668000000000001,0.0010896092314248602
12.67,0.026421895030276206
12.672,0.04010990884286039
12.674,0.017249256375207696
12.676,-0.05592035207093646
12.678,-0.02492900551680024
12.68,0.044498489753612654
12.682,-0.043765637357107104
12.684000000000001,0.036465452469792006
12.686,0.0016884505327472224
12.688,0.03219382104646586
12.69,-0.08906286688406542
12.692,-0.048992775943397654
12.694,-0.13251655376227808
12.696,-0.08695711731215958
12.698,-0.029072377620343905
12.700000000000001,-0.04305006749693363
12.702,-0.06557724968834396
12.704,0.03662376008932419
12.706,0.035624399500674434
12.708,-0.05570624624241438
12.71,-0.10616764289359903
12.712,-0.045259118745932324
12.714,-0.06221762514151225
12.716000000000001,-0.12703007974468417
12.718,-0.09675747021031793
12.72,-0.04888338674422945
12.722,-0.018532861691662027
12.724,-0.0659070347102437
12.726,-0.06271103372922456
12.728,-0.035392481586169935
12.73,-0.11828096161283795
12.732000000000001,-0.048078988328501285
12.734,-0.1520762199443891
12.736,-0.13616690656172264
12.738,0.05234993655040126
12.74,0.01891240399996586
12.742,0.005561965501819657
12.744,-0.0036949919213598373
12.746,0.04028700967945677
12.748000000000001,-0.02636293518383513
12.75,-0.033539331069109085
12.752,0.019073001794067332
12.754,-0.06025341155885756
12.756,-0.04377826482244962
12.758000000000001,-0.06275548718646404
12.76,-0.026857823037774488
12.762,0.05025820927873818
12.764000000000001,-0.0366417154784345
12.766,-0.018812488125643373
12.768,-0.06754343947263444
12.77,0.0036921275560824404
12.772,-0.052601996763566986
12.774000000000001,-0.059756737433165
12.776,-0.015988114825167397
12.778,-0.07436645991343824
12.780000000000001,-0.05344284506193388
12.782,-0.029632321601201512
12.784,0.009997751834852825
12.786,0.013309329138537135
12.788,-0.037782101746131024
12.790000000000001,-0.05356955780225538
12.792,-0.10498188109300953
12.794,-0.04106247972249968
12.796000000000001,-0.06609927390234402
12.798,-0.16540729104062563
12.8,-0.06501266440175078
12.802,-0.056898891012539005
12.804,-0.01905547926926689
12.806000000000001,-0.06144811703210043
12.808,-0.03603024494307804
12.81,-0.05145299189234956
12.812,-0.029402466552017517
12.814,-0.039886519992471024
12.816,-0.1489084822188459
12.818,-0.11671179497038803
12.82,-0.0742487053183197
12.822000000000001,-0.06676433110010441
12.824,0.0034070925048396497
12.826,-0.07211728245765409
12.828,0.011108964494646031
12.83,-0.04227632498292655
12.832,-0.08038953990269837
12.834,-0.0773377819259429
12.836,-0.08478940424088276
12.838000000000001,-0.0986450495037648
12.84,-0.010874834648297783
12.842,0.00183162265613903
12.844,-0.0026925403509281964
12.846,-0.08601151123735624
12.848,-0.005641784570411625
12.85,-0.05784570893687759
12.852,-0.01796714625471081
12.854000000000001,-0.07342465143729575
12.856,-0.055191947542989506
12.858,-0.052421655717919055
12.86,0.026339089520006305
12.862,-0.028078491531285027
12.864,-0.0014644290598277918
12.866,-0.03723321816372313
12.868,-0.04479782652288437
12.870000000000001,0.030857971503229796
12.872,0.0520903618369183
12.874,-0.06273824199326862
12.876,-0.0590528745876048
12.878,-0.05722203196862042
12.88,-0.09904970936063962
12.882,-0.05436656239272767
12.884,-0.027003865704506087
12.886000000000001,-0.029481562441252007
12.888,-0.005715312588914792
12.89,-0.11233805482561213
12.892,-0.03272938951905731
12.894,-0.03814848703169472
12.896,-0.06309492295580835
12.898,-0.07594562151823202
12.9,-0.11066771028965533
12.902000000000001,-0.11545100185029028
12.904,-0.06133121881327519
12.906,-0.012462983901897047
12.908,-0.03181125249041336
12.91,-0.015115628158465712
12.912,-0.09301643046077648
12.914,-0.017201094481216123
12.916,-0.09725085974234686
12.918000000000001,-0.018644492239021135
12.92,-0.04127945772059776
12.922,-0.00714692731501259
12.924,0.05252057094843823
12.926,0.04712424727930914
12.928,-0.00814237387973165
12.93,-0.09389520698829673
12.932,-0.010057693621873795
12.934000000000001,-0.043474487951590104
12.936,0.019835597714144046
12.938,-0.07475976156607056
12.94,-0.0322276722299529
12.942,-0.047708418603126246
12.944,0.010691905765853764
12.946,-0.063289164480031
12.948,0.015959906715570384
12.950000000000001,-0.05541375422587518
12.952,-0.03869155915439543
12.954,-0.14614558897295765
12.956,-0.09592989181592594
12.958,-0.08239134137291287
12.96,-0.026054963627211682
12.962,-0.09844077438539817
12.964,-0.04028877528623768
12.966000000000001,-0.0759153940161644
12.968,-0.03252778119222832
12.97,0.049732806862822374
12.972,-0.02564741757532072
12.974,-0.06720701395687535
12.976,-0.09276644943240966
12.978,-0.01515248601560307
12.98,0.0843179867909463
12.982000000000001,0.04616733027823978
12.984,0.09940087370824086
12.986,0.06721355221384123
12.988,-0.0009412775713515814
12.99,0.08098707412124098
12.992,0.16650065005653986
12.994,0.08678243356142644
12.996,0.09155518636067293
12.998000000000001,0.1486016120713325
13.0,0.11077939326088783
13.002,0.09397774407336354
13.004,0.13172928216604715
13.006,0.0367894021431574
13.008000000000001,0.07278813065232337
13.01,-0.005431482311971321
13.012,-0.03989182769914976
13.014000000000001,0.020545861470728816
13.016,0.019916346665528495
13.018,-0.015012646348686189
13.02,-0.006152911417495854
13.022,-0.05899890119292085
13.024000000000001,-0.08026481599161431
13.026,-0.1680090803851041
13.028,-0.020822201663540305
13.030000000000001,-0.13087319105138082
13.032,-0.11339305589269638
13.034,-0.17169260096373457
13.036,-0.08110313194678728
13.038,-0.0703330874521228
13.040000000000001,-0.05068910868065721
13.042,0.011093563108078505
13.044,0.04744831155134711
13.046000000000001,0.016401979228617313
13.048,-0.00904743985399758
13.05,-0.08121445943174978
13.052,-0.06365225148342545
13.054,-0.03632282815652234
13.056000000000001,-0.021010003904517863
13.058,-0.04052546149848963
13.06,-0.039528837705771196
13.062,-0.0466653569516501
13.064,0.021092817175370576
13.066,-0.021798186038028463
13.068,-0.00790241754931005
13.07,0.01069318074741224
13.072000000000001,-0.010359518658057811
13.074,-0.05796305610392269
13.076,-0.015387967648692394
13.078,0.015790416361063826
13.08,0.07242383548346751
13.082,0.04157890584641668
13.084,-0.07031476074312282
13.086,-0.007833951330048746
13.088000000000001,0.06148984163010958
13.09,0.022658183933183425
13.092,0.041828310486065244
13.094,-0.026288721562448842
13.096,0.015824586310742496
13.098,-0.055472820163009466
13.1,0.013070222971196678
13.102,-0.04083145174638282
13.104000000000001,-0.018930076149530243
13.106,-0.11196677499071718
13.108,-0.05717674886708604
13.11,0.0006482533875618555
13.112,-0.02986460148235154
13.114,-0.04319518679060996
13.116,-0.026064545501089963
13.118,-0.05391016190600531
13.120000000000001,-0.05106435661636372
13.122,-0.023450538861187382
13.124,0.053815747204857614
13.126,-0.017839255140822626
13.128,0.0003880895894130892
13.13,-0.008362176494611923
13.132,0.018863444527507885
13.134,0.008773873690086469
13.136000000000001,0.013161114040426948
13.138,0.03678307966090021
13.14,0.09970888855111229
13.142,0.11857734762362909
13.144,0.21912173297869086
13.146,0.2712982673045361
13.148,0.3652828707979302
13.15,0.4149213364295049
13.152000000000001,0.5559045726531919
13.154,0.5993166427026545
13.156,0.6087701995556644
13.158,0.7709189895024423
13.16,0.9460175718199025
13.162,0.972822049077074
13.164,1.0525350759567629
13.166,0.9961994777701688
13.168000000000001,0.9715842623979156
13.17,1.0065203310033166
13.172,0.9863962209133562
13.174,0.9541948110157473
13.176,0.8950230614163482
13.178,0.8732775583310722
13.18,0.7053807603343669
13.182,0.7076166491725148
13.184000000000001,0.5640751002111598
13.186,0.39570930952441946
13.188,0.4264162520814426
13.19,0.28690139128068576
13.192,0.1798352178553258
13.194,0.13877177437668411
13.196,-0.049949365702510906
13.198,-0.13469123805256772
13.200000000000001,-0.041738218701688236
13.202,-0.11031802715885916
13.204,-0.10177528248133669
13.206,-0.0484249878764042
13.208,-0.1869152135933969
13.21,-0.11947107520705857
13.212,-0.13784533568550913
13.214,-0.15244264159918622
13.216000000000001,-0.11805483789873275
13.218,-0.0346632002798218
13.22,-0.10762090889846118
13.222,-0.026817089479014733
13.224,-0.031802866559316426
13.226,-0.005262250386899956
13.228,0.0334246310228971
13.23,-0.07946976033726882
13.232000000000001,-0.01440903961632628
13.234,-0.023564661938358506
13.236,0.10371776589220669
13.238,0.031592080464050806
13.24,-0.015158096115441746
13.242,0.14199455601063476
13.244,0.05309430643838419
13.246,0.024616747944877608
13.248000000000001,0.0609189249618831
13.25,0.10282721470239978
13.252,-0.06561903461887836
13.254,-0.03795078890186698
13.256,0.13563374364149455
13.258000000000001,-0.035357783760139753
13.26,0.16485671176726022
13.262,0.05103215415454311
13.264000000000001,0.0014696048037658102
13.266,0.07466653369719746
13.268,0.053491667513279585
13.27,0.1392916748018304
13.272,-0.055034700900077616
13.274000000000001,0.04256670429726555
13.276,0.07179195553322591
13.278,0.13499402709119104
13.280000000000001,0.06433158138209022
13.282,0.09253813125189933
13.284,0.13945386758993517
13.286,0.10353147682333085
13.288,0.06866799683759929
13.290000000000001,0.11657236415273188
13.292,0.04191599017893861
13.294,0.10103727976002186
13.296000000000001,0.13309673229431201
13.298,0.07271878428642548
13.3,0.04894433006801686
13.302,0.09592588820544526
13.304,0.18580347638676276
13.306000000000001,0.1756911626097516
13.308,0.10009461156714677
13.31,0.09267297737950367
13.312000000000001,0.08229871894637092
13.314,0.17034603279659322
13.316,0.08464874371396874
13.318,0.09624617857325848
13.32,0.13194098429566475
13.322000000000001,0.17289381674005783
13.324,0.16045663705931662
13.326,0.29539512719734784
13.328,0.13854730816920963
13.33,0.17990031197838663
13.332,0.20269149284557397
13.334,0.12527221887547763
13.336,0.12239145331219997
13.338000000000001,0.186952653399535
13.34,0.25608091862940696
13.342,0.2638817737146443
13.344,0.16991252623269942
13.346,0.2425016621915848
13.348,0.22524444258334825
13.35,0.1958224578765032
13.352,0.16775907681889898
13.354000000000001,0.17667450026745643
13.356,0.18893537514892417
13.358,0.20787244863412227
13.36,0.2640540325133401
13.362,0.22637582555476796
13.364,0.29404926641084206
13.366,0.24352414199941833
13.368,0.15600770140699055
13.370000000000001,0.1314108178378364
13.372,0.17410411642255247
13.374,0.24856523480729564
13.376,0.14505515074683678
13.378,0.19522220161202247
13.38,0.21954215803055047
13.382,0.20633490848261118
13.384,0.11928506881831304
13.386000000000001,0.21339299082170912
13.388,0.21340841315185613
13.39,0.1971339653648847
13.392,0.21466844443690827
13.394,0.1967056007840177
13.396,0.16208007435956057
13.398,0.14624110456436348
13.4,0.23351449392051504
13.402000000000001,0.20138080066532885
13.404,0.23054477267204973
13.406,0.1686962616104343
13.408,0.12072394834864877
13.41,0.17292406364119567
13.412,0.10554649548285365
13.414,0.17220856818265484
13.416,0.13564457351686565
13.418000000000001,0.11827729744900886
13.42,0.22206617156832903
13.422,0.16791921239497085
13.424,0.2802980870330631
13.426,0.35765695657435476
13.428,0.30768054171123715
13.43,0.29095239661797145
13.432,0.2313706581924863
13.434000000000001,0.19288182377297558
13.436,0.25641264740395425
13.438,0.2382690806457573
13.44,0.26418864764615635
13.442,0.2068694960643514
13.444,0.18886823708615588
13.446,0.21546660992962668
13.448,0.09191673437402162
13.450000000000001,0.11894535563432265
13.452,0.17274473624776773
13.454,0.14633504367469846
13.456,-0.004318982146074207
13.458,0.11696665997817013
13.46,0.06663639379096244
13.462,0.07948004513996
13.464,0.10718564613322545
13.466000000000001,0.01459050119947139
13.468,0.043553186146067006
13.47,-0.013055668359844855
13.472,-0.0009319776378674954
13.474,-0.04542332210538766
13.476,0.14538191180544757
13.478,-0.03266064838481756
13.48,-0.037190973076453165
13.482000000000001,0.0852035740306896
13.484,0.16541627084609611
13.486,0.008402400381859486
13.488,0.09629700896496403
13.49,-0.009342290636130651
13.492,0.05971532841498868
13.494,-0.028884119771687575
13.496,0.07014482750315562
13.498000000000001,0.023454676837644316
13.5,0.002177030253156513
13.502,0.10733486439238328
13.504,0.05173112648383335
13.506,0.049337045046426914
13.508000000000001,0.0814805428060658
13.51,0.04119137651844225
13.512,0.08301861950500883
13.514000000000001,0.05174625540162132
13.516,-0.006300838523253055
13.518,0.10402143403313689
13.52,0.08484161321309372
13.522,0.02762708550368066
13.524000000000001,0.07129250277222857
13.526,0.09820948900992174
13.528,0.05894417717291962
13.530000000000001,0.04039235971345167
13.532,-0.04097342361156575
13.534,-0.06525723163128211
13.536,0.07195556972388115
13.538,-0.02438944305836472
13.540000000000001,0.07457315505259093
13.542,0.07543242199492911
13.544,0.07917621124496668
13.546000000000001,0.04016944709509899
13.548,0.034352110497536364
13.55,0.09347918276923298
13.552,-0.020529124508804633
13.554,0.04699917766169634
13.556000000000001,0.009798141116888414
13.558,0.0002923711857325782
13.56,0.0751875788670294
13.562000000000001,-0.006016386715955252
13.564,0.029961911556053666
13.566,0.09246075161689327
13.568,0.1034612082640209
13.57,0.0475127125884734
13.572000000000001,0.11136232386828249
13.574,0.016271391441347087
13.576,0.04714580567981681
13.578,0.005373366254813522
13.58,-0.029914579520391164
13.582,0.06791388031838164
13.584,-0.003721345001418838
13.586,-0.002012337340434822
13.588000000000001,0.09342494420840819
13.59,0.09938261822582645
13.592,0.023269596344165158
13.594,0.10380724000541108
13.596,0.0214319001277632
13.598,-0.023063347084494243
13.6,0.13873279189781848
13.602,-0.03671844073227373
13.604000000000001,0.06519611769519588
13.606,0.05279262216843152
13.608,0.038056290314888316
13.61,0.023136179608546345
13.612,0.04087063200479751
13.614,0.011648764619029278
13.616,0.11140106805472108
13.618,0.03452796634457496
13.620000000000001,0.07496525549095331
13.622,-0.027368322039551904
13.624,0.014089384652899065
13.626,0.05727645499902578
13.628,0.09365747264183671
13.63,0.11303274018923913
13.632,0.022856911317155906
13.634,0.15962410737380778
13.636000000000001,0.13441973437156002
13.638,0.1495092170483562
13.64,0.003214853289604594
13.642,0.0649630198011663
13.644,0.08621932776048145
13.646,0.06189487470100247
13.648,0.015142185298157668
13.65,0.0594441947389574
13.652000000000001,-0.010461992527685031
13.654,0.01658942356681404
13.656,-0.06235051250686799
13.658,0.0706974001984965
13.66,0.22068769324639037
13.662,0.1679601018063776
13.664,0.07795971625466691
13.666,0.0935024718115204
13.668000000000001,0.10373875637808011
13.67,0.11622795513856282
13.672,0.11383558659382204
13.674,0.09355362840844228
13.676,0.09248616787924102
13.678,-0.00559585164204849
13.68,-0.00874674309248985
13.682,0.1261144430293551
13.684000000000001,0.03693025440830508
13.686,0.062161546427730564
13.688,0.060828672982918504
13.69,0.05965192320667592
13.692,0.07190219116861638
13.694,0.013793168638008387
13.696,0.1281398880010289
13.698,0.061071494367808885
13.700000000000001,-0.0061224143187449676
13.702,0.07484617941510274
13.704,0.05394004944899797
13.706,0.048069360621058946
13.708,0.0475152783343986
13.71,0.07797115382210118
13.712,0.0930908635597777
13.714,0.09017526626833561
13.716000000000001,0.02235057210493349
13.718,0.07391599965059464
13.72,0.06499649382015864
13.722,0.09748318692807345
13.724,-0.026260934440297673
13.726,0.05329402211985934
13.728,0.02356057699561665
13.73,0.08243335746124122
13.732000000000001,0.022175494457663217
13.734,-0.038004948697354476
13.736,0.13083206762631827
13.738,0.13051000359028772
13.74,0.031051843740910075
13.742,0.07803355135984513
13.744,0.13288251078445878
13.746,0.06550179120097586
13.748000000000001,-0.002726412490169583
13.75,0.05204030820202047
13.752,0.03069695540376796
13.754,0.09474287991445182
13.756,0.047137227731769676
13.758000000000001,0.06694642601882042
13.76,0.00976004563412134
13.762,0.07888741210334828
13.764000000000001,0.10970497158867801
13.766,0.0899771024199568
13.768,0.096307199774733
13.77,0.0901628117048302
13.772,0.03717626074425503
13.774000000000001,0.08049661806407696
13.776,0.033797045186758676
13.778,-0.0011323159613311345
13.780000000000001,0.01303066630051987
13.782,0.03185210529913001
13.784,0.05817483962902078
13.786,0.053826865548576
13.788,0.0964724161356814
13.790000000000001,0.04271338171554207
13.792,0.08853904938530843
13.794,0.004544825439907009
13.796000000000001,0.01566487177577385
13.798,0.047383248399473304
13.8,0.11540786208433677
13.802,0.05378894004813479
13.804,0.05886980472706854
13.806000000000001,-0.019586493956433026
13.808,0.154707900482837
13.81,0.014521236988010527
13.812000000000001,0.049047982805230664
13.814,0.058787938310939605
13.816,0.08961867521789108
13.818,-0.002877465136978924
13.82,0.07112062784687867
13.822000000000001,0.06319575248942289
13.824,0.0608863515777708
13.826,0.17319806997610232
13.828,0.0987334573097214
13.83,-0.008085697091962496
13.832,0.11298403028118023
13.834,0.006657306910533567
13.836,0.03294602196390785
13.838000000000001,0.028208954785174323
13.84,0.02968952367101148
13.842,0.043527125520956084
13.844,0.10509584526315123
13.846,0.06476340159085654
13.848,0.1373687714563759
13.85,0.14794289363914234
13.852,0.1431330999677464
13.854000000000001,0.12384026620347305
13.856,0.12035807765703407
13.858,0.25216791431894153
13.86,0.18250107660562545
13.862,0.27717242190595387
13.864,0.21724650387904124
13.866,0.211166899756497
13.868,0.24999425838347106
13.870000000000001,0.08502713203962683
13.872,0.1710212110771424
13.874,0.0627295344002945
13.876,0.10024420517043336
13.878,0.04204666314686762
13.88,0.09243059835395703
13.882,0.04558699835970366
13.884,0.17940495314141952
13.886000000000001,0.10866075261883003
13.888,0.08253302163339166
13.89,0.11375153362667115
13.892,0.07443616745821424
13.894,0.021062370795728997
13.896,0.01862775236353692
13.898,0.004917087391524581
13.9,0.025068466147034774
13.902000000000001,0.09651411959219555
13.904,0.04278577696340123
13.906,-0.06082438309035593
13.908,0.07761469103749415
13.91,-0.01832197666966759
13.912,0.10873647752270267
13.914,-0.023544924950422944
13.916,0.06366842694039408
13.918000000000001,0.09333877786061993
13.92,0.18535200727485646
13.922,0.2050585092806043
13.924,0.2786379823159979
13.926,0.4653841995190646
13.928,0.4360781403808519
13.93,0.5902074425471648
13.932,0.6643914809619252
13.934000000000001,0.6536521626557645
13.936,0.7096112938152241
13.938,0.8452217090893578
13.94,0.9520135512114173
13.942,1.0792399724363066
13.944,1.0923447979886465
13.946,1.0999337477756717
13.948,1.0105259923259058
13.950000000000001,1.1226597321169083
13.952,1.028987749672164
13.954,0.9244275288831753
13.956,0.8953721177361055
13.958,0.846096327260994
13.96,0.7443731968096947
13.962,0.6226945337852137
13.964,0.6088342111138084
13.966000000000001,0.40965652284466547
13.968,0.39608019990235477
13.97,0.2334031235132698
13.972,0.0903000347945989
13.974,0.0746474714058323
13.976,0.09999953194074926
13.978,-0.03933996451432693
13.98,-0.12196486523316485
13.982000000000001,-0.03458048086960157
13.984,-0.10110563796136146
13.986,-0.08360701266379979
13.988,-0.15315642879436664
13.99,-0.10613213764302534
13.992,-0.07337976017140481
13.994,-0.015582750109982668
13.996,-0.053623508717445104
13.998000000000001,-0.02094005737515653
14.0,-0.059949143426460974
14.002,0.15305845612655025
14.004,-0.04721230198299989
14.006,0.1639817511309673
14.008000000000001,0.0734450955142478
14.01,0.1644162716076893
14.012,0.08583672101160834
14.014000000000001,0.008544731094116603
14.016,0.11134204251332312
14.018,0.14659468869813905
14.02,0.06255484184397767
14.022,-0.01154922060252371
14.024000000000001,0.09053242310851912
14.026,0.06659718068817376
14.028,0.09592990415823749
14.030000000000001,0.11982419577333785
14.032,0.05912191069111489
14.034,0.04239252008450996
14.036,0.12632425896265356
14.038,0.0968231539978422
14.040000000000001,0.20542903633015033
14.042,0.09134140516228799
14.044,0.17139027503266707
14.046000000000001,0.08607007650191963
14.048,0.2547246761123513
14.05,0.07858455395013109
14.052,0.13034381746353096
14.054,0.1926061974208637
14.056000000000001,0.18566575324761547
14.058,0.2161538442065889
14.06,0.18004280787624682
14.062000000000001,0.2092788916480221
14.064,0.27776903174137524
14.066,0.19497181677280462
14.068,0.22139539147458198
14.07,0.19093736364351582
14.072000000000001,0.25704953545735665
14.074,0.12712746683354825
14.076,0.2398714719479374
14.078000000000001,0.2536125571013382
14.08,0.13026335978336795
14.082,0.28186966941137304
14.084,0.2913546327285591
14.086,0.1815953155255671
14.088000000000001,0.26302642862319053
14.09,0.28745251912616177
14.092,0.2529393068218692
14.094,0.14672484716377712
14.096,0.17331852934816144
14.098,0.20395714160524397
14.1,0.20897571319288097
14.102,0.20182533395038865
14.104000000000001,0.23711618696701425
14.106,0.3173734952033156
14.108,0.3169438939441996
14.11,0.1515129852837609
14.112,0.25950764182431374
14.114,0.2681024653734827
14.116,0.18030796689321835
14.118,0.25751541888369117
14.120000000000001,0.23740490553403368
14.122,0.2917203314560783
14.124,0.2644940127106749
14.126,0.2607997342846014
14.128,0.23319514310557954
14.13,0.2639284470218189
14.132,0.18985129226633174
14.134,0.20509054813404828
14.136000000000001,0.2044850776145119
14.138,0.2183061911930346
14.14,0.2578037750022382
14.142,0.2533587256000932
14.144,0.18826381067658626
14.146,0.2227260181332438
14.148,0.2268955885466079
14.15,0.3222941774958639
14.152000000000001,0.26488006815122483
14.154,0.18992018323839682
14.156,0.1856850979330223
14.158,0.2296191643476546
14.16,0.21259023642559546
14.162,0.24944933546552023
14.164,0.25568840297871026
14.166,0.3936116123871866
14.168000000000001,0.3395297613471843
14.17,0.23710200128479067
14.172,0.2153957255875722
14.174,0.29723558549598467
14.176,0.15749603631973025
14.178,0.2606311515687647
14.18,0.24804784756782217
14.182,0.30006466004139565
14.184000000000001,0.3037042771045211
14.186,0.18206500529022077
14.188,0.267425798103826
14.19,0.1827835743703652
14.192,0.23107962243742725
14.194,0.2587288984683835
14.196,0.18546691953074287
14.198,0.1039655200591964
14.200000000000001,0.20514581238052781
14.202,0.19582028628028844
14.204,0.1637038783069989
14.206,0.1912670209282436
14.208,0.22357763300321284
14.21,0.23019888268543698
14.212,0.22415197208477453
14.214,0.20327785692969935
14.216000000000001,0.1909068825353648
14.218,0.18182976877844623
14.22,0.19248503762736172
14.222,0.15606174017372273
14.224,0.2155155883453401
14.226,0.16857036205543707
14.228,0.1953994374884449
14.23,0.24124470245569757
14.232000000000001,0.10815509934063834
14.234,0.13243003088690847
14.236,0.11444028802572126
14.238,0.08564642559961376
14.24,0.07825711728181396
14.242,0.2547156249742709
14.244,0.13086998082398274
14.246,0.2120699588749055
14.248000000000001,0.15099884540957906
14.25,0.16918952051129424
14.252,0.14523681162714105
14.254,0.19367533083924818
14.256,0.27172289494934315
14.258000000000001,0.2510296763828728
14.26,0.22637241697348334
14.262,0.2902041527831757
14.264000000000001,0.3024658601687933
14.266,0.2990859571485901
14.268,0.24725689332328732
14.27,0.222966417070158
14.272,0.1578059854244602
14.274000000000001,0.18410055381597557
14.276,0.12820119647822223
14.278,0.17104287897215342
14.280000000000001,0.09773442925772322
14.282,0.07563610810573997
14.284,0.048078059184130106
14.286,0.04603755838325976
14.288,0.11586235757274202
14.290000000000001,0.12278911209037152
14.292,0.02045328113651734
14.294,-0.019114897842699936
14.296000000000001,0.044460645911820376
14.298,0.025899200094662324
14.3,0.1611553407203347
14.302,0.03950262304732838
14.304,0.156605092298293
14.306000000000001,0.07274879498087462
14.308,0.043123988907906544
14.31,0.016766330974095037
14.312000000000001,0.05453249049809095
14.314,0.05606812235565527
14.316,0.050309463979712976
14.318,0.021793317623448126
14.32,0.034941141429072876
14.322000000000001,0.03682722119967274
14.324,0.05622320488751383
14.326,0.13488392216203
14.328000000000001,0.05346261197857852
14.33,0.15162742360698345
14.332,0.041298103163903255
14.334,0.0651923396244763
14.336,0.00816891933523961
14.338000000000001,0.03343139085124808
14.34,0.09505598653257447
14.342,0.10888951623916543
14.344,0.17249950742060585
14.346,0.09507650836377438
14.348,0.10748146883186241
14.35,0.03222327179551795
14.352,0.05439067775371656
14.354000000000001,0.09114680716035903
14.356,0.03379094884394469
14.358,0.08696002049882366
14.36,0.06347568674842971
14.362,0.13988915168766564
14.364,0.10481267965124078
14.366,0.15205059047070907
14.368,0.117988120241792
14.370000000000001,0.027541001635601983
14.372,0.005977492272148964
14.374,0.030605981476953127
14.376,0.04673880441926243
14.378,0.027321474605405162
14.38,0.034578167087399976
14.382,0.03299258603916679
14.384,0.014975400963939359
14.386000000000001,0.07607417940884484
14.388,0.06155637531684874
14.39,0.10881466400954445
14.392,0.07129311253633429
14.394,0.04351469737972319
14.396,0.06190302472096648
14.398,0.10253325480086317
14.4,0.08751803052935096
14.402000000000001,0.09696913082252208
14.404,0.09812605347461942
14.406,0.06906153591507118
14.408,0.13587979476911166
14.41,-0.032650990363236446
14.412,0.06628013315125185
14.414,0.16651739642281052
14.416,0.042423351992814384
14.418000000000001,0.029775002512791346
14.42,0.07692194063358075
14.422,0.05139595655715872
14.424,0.08069118388205468
14.426,0.11045126453241542
14.428,0.10023329208923985
14.43,0.1349786699785648
14.432,0.0393174801706111
14.434000000000001,-0.0008683918623429016
14.436,0.11388528362147404
14.438,0.13141267193182626
14.44,0.10629308952052305
14.442,0.12918413062839768
14.444,0.04470069937337147
14.446,0.04665100224758976
14.448,0.05368581677209065
14.450000000000001,0.11080777491896625
14.452,0.06888970758515955
14.454,0.05616781944872058
14.456,0.07167036364462281
14.458,0.08618041079743552
14.46,0.12004595170960494
14.462,0.18129609409914638
14.464,0.0881638950564961
14.466000000000001,0.10464290683589139
14.468,0.05883272779959213
14.47,0.12709753884135305
14.472,0.08517161440072939
14.474,-0.014447648845267225
14.476,0.19007011070586688
14.478,0.058114513461107076
14.48,0.04580545609290336
14.482000000000001,0.10130285134779332
14.484,0.1363095927535025
14.486,0.11255058779360341
14.488,0.0427739062224604
14.49,0.004582147502495484
14.492,0.024653746308640742
14.494,0.029004964343993078
14.496,-0.0020601307952285985
14.498000000000001,0.10633035594577106
14.5,0.030006104457377884
14.502,0.038637704782507186
14.504,0.08456127558092366
14.506,0.08713786226796037
14.508000000000001,0.01866614499861982
14.51,0.03591748654067406
14.512,0.0012754758547092598
14.514000000000001,0.012541255792056817
14.516,0.12352555675523247
14.518,0.0866524409011283
14.52,0.06536517546000986
14.522,0.05589922237208356
14.524000000000001,0.0823571099951523
14.526,0.04380411060450195
14.528,0.08915782877358193
14.530000000000001,0.0869107966589281
14.532,-0.027187436565462547
14.534,-0.004784015631142065
14.536,0.016278614448556904
14.538,0.07654901542789673
14.540000000000001,0.03708659718731008
14.542,0.05622465981496717
14.544,0.11246757539023872
14.546000000000001,0.04894757805776273
14.548,-0.040749145462817604
14.55,-0.01081531573064657
14.552,0.17604724206356995
14.554,0.02714884495589799
14.556000000000001,0.1103836879288252
14.558,-0.0010135160549917047
14.56,0.11534180864669892
14.562000000000001,0.06771219494142759
14.564,0.0634867415015111
14.566,0.05595872716326197
14.568,0.06557193216479337
14.57,0.021080425479652283
14.572000000000001,0.11002135358231788
14.574,-0.03423062370791176
14.576,0.010159796851381853
14.578000000000001,0.06437783499522724
14.58,0.14301658021084618
14.582,0.03073763667201118
14.584,-0.001959344358205467
14.586,0.06369908529654884
14.588000000000001,0.11582991101246157
14.59,0.05104008511834957
14.592,-0.03750921229170282
14.594,0.03806746919921044
14.596,0.028589903730502877
14.598,0.03226072481415141
14.6,0.06419962645602204
14.602,0.062401612139544226
14.604000000000001,0.042989567151693324
14.606,0.005238129396086463
14.608,0.031587693674657455
14.61,0.007425792844836632
14.612,0.027527400926544793
14.614,0.04257417601062028
14.616,-0.015128430983536355
14.618,0.09784880954719369
14.620000000000001,0.027474993692835428
14.622,0.08090596589789839
14.624,0.0848723998782655
14.626,0.060666401671754897
14.628,0.11181526834155296
14.63,0.10081509916591863
14.632,0.026218536430543463
14.634,0.04341333313990525
14.636000000000001,-0.10372027156009704
14.638,0.0495920843909521
14.64,0.04741778510867601
14.642,0.12340811331778856
14.644,0.0048738608287341514
14.646,0.03635859550451975
14.648,0.07543786919892077
14.65,0.02848710092876027
14.652000000000001,0.06249678774224614
14.654,-0.008391312034121572
14.656,0.10008774736477197
14.658,-0.008586185085446035
14.66,0.019197926693419187
14.662,0.07723071756607476
14.664,0.047211531174618473
14.666,-0.020856938695219485
14.668000000000001,0.09523645474395533
14.67,0.2154248219000986
14.672,0.11633638125634692
14.674,0.1719257439970121
14.676,0.17912551107252733
14.678,0.09781022387945541
14.68,0.23970018163585544
14.682,0.21449617310782024
14.684000000000001,0.20758517551569639
14.686,0.25535803069017854
14.688,0.189219732872001
14.69,0.16546438665400692
14.692,0.05958019128523449
14.694,0.09996034371690654
14.696,0.10537863738514681
14.698,0.15415773268665933
14.700000000000001,0.1356504353821255
14.702,0.20647715753913054
14.704,0.29221757250230407
14.706,0.3930097448363483
14.708,0.5222305256261823
14.71,0.5194855347637168
14.712,0.6293345857609505
14.714,0.7401517969423013
14.716000000000001,0.8029398158803009
14.718,0.8511146689440064
14.72,0.908133766760301
14.722,0.9970465353415299
14.724,0.9847530415165169
14.726,1.0449367994276204
14.728,1.0334943062784778
14.73,1.0404864872464266
14.732000000000001,0.9884897704152995
14.734,0.837332275317411
14.736,0.865685474051911
14.738,0.8101502960901139
14.74,0.6733443545572912
14.742,0.5828032601177185
14.744,0.5819243353952985
14.746,0.4533457344272768
14.748000000000001,0.3444792683347722
14.75,0.207731047280087
14.752,0.1582207915503719
14.754,0.06658798311450623
14.756,-0.10481803822212381
14.758000000000001,-0.06280330931556195
14.76,-0.053583076458902215
14.762,-0.15363205235606422
14.764000000000001,-0.078841936622112
14.766,-0.17184030983560686
14.768,-0.059338707387573214
14.77,-0.10734571262898336
14.772,-0.0868680885234126
14.774000000000001,-0.05154140034621553
14.776,-0.03358069868259407
14.778,-0.15310710687629592
14.780000000000001,0.016936871136205796
14.782,0.02345929235080138
14.784,0.011987191482478201
14.786,0.009014373779804158
14.788,0.05937905569539285
14.790000000000001,0.04012434574156065
14.792,0.05557151786297162
14.794,0.031147249615214867
14.796000000000001,-0.007844816205813718
14.798,-0.01717331040615693
14.8,0.17684893747889951
14.802,0.10754011459349136
14.804,0.008967061193040152
14.806000000000001,-0.02658217557483493
14.808,0.05279197074169212
14.81,0.08078801113529999
14.812000000000001,0.04584342960942632
14.814,0.08043422768805833
14.816,0.05326369316909125
14.818,0.15845289304852744
14.82,0.055777884481674055
14.822000000000001,0.10320212109778398
14.824,0.17153077261889113
14.826,0.10429346900024405
14.828000000000001,0.05898215460200846
14.83,0.15986033403385647
14.832,0.12180917047240156
14.834,0.04153757003827001
14.836,0.05624766351828082
14.838000000000001,0.09606679732745027
14.84,0.13906808705926677
14.842,0.07461908008982943
14.844000000000001,0.13910259553430218
14.846,0.16071066013300933
14.848,0.12312783609128987
14.85,0.194120923055364
14.852,0.09138525862469357
14.854000000000001,0.2042238942060043
14.856,0.11230189524986091
14.858,0.11626103172485833
14.86,0.16833196687901714
14.862,0.1882947839986274
14.864,0.14899019747948128
14.866,0.11348693585386198
14.868,0.22314217929006974
14.870000000000001,0.20225595222286066
14.872,0.2584658071694972
14.874,0.20302805646251199
14.876,0.16841641135851862
14.878,0.26752061055096943
14.88,0.20965614405908362
14.882,0.19299764564463084
14.884,0.2500187672419707
14.886000000000001,0.20485756775160308
14.888,0.18252273392787405
14.89,0.24235553503746807
14.892,0.20816382681194412
14.894,0.2312274636308864
14.896,0.26267124248134466
14.898,0.2190464549580753
14.9,0.23775890733547364
14.902000000000001,0.17868655127729338
14.904,0.2966532957654177
14.906,0.29691660303199535
14.908,0.31175942871180184
14.91,0.22911209690794224
14.912,0.3259881408255593
14.914,0.1493008883465592
14.916,0.22760295243047973
14.918000000000001,0.26947412670874965
14.92,0.2528303470857624
14.922,0.21724913138181626
14.924,0.2659195423238375
14.926,0.2454368358523581
14.928,0.20919734489139252
14.93,0.22115461037052422
14.932,0.16797828075760407
14.934000000000001,0.19095714721071166
14.936,0.1623378283505863
14.938,0.2145359558692442
14.94,0.29655712891452635
14.942,0.25345044928105853
14.944,0.24455619724131042
14.946,0.1882556235938712
14.948,0.16103704658297063
14.950000000000001,0.14544801934929388
14.952,0.10243615955855202
14.954,0.10044146432762285
14.956,0.1616479878769488
14.958,0.21769050089347186
14.96,0.20058684598793958
14.962,0.1812816709761493
14.964,0.18503532593325647
14.966000000000001,0.15987190924213068
14.968,0.14342764046526588
14.97,0.21194127250106848
14.972,0.18623376378980688
14.974,0.124259277740514
14.976,0.11689736035082719
14.978,0.21024864887886535
14.98,0.15110862200051411
14.982000000000001,0.13719679387324296
14.984,0.23071462069950863
14.986,0.129180652249038
14.988,0.09878555045947207
14.99,0.17022125833205512
14.992,0.07280044352890268
14.994,0.07135278798125784
14.996,0.12323221943324193
14.998000000000001,0.05532836955423728
15.0,0.08509478663392689
15.002,0.04936055653527752
15.004,0.15032163909525273
15.006,0.1217257558699088
15.008000000000001,0.07567570790021311
15.01,0.08860876254043998
15.012,0.10841896546479615
15.014000000000001,0.11319940550682898
15.016,0.1560064015644727
15.018,0.04209642255329734
15.02,0.08934045934141543
15.022,0.09902493017583004
15.024000000000001,0.06752089843158136
15.026,-0.025678731220741283
15.028,0.12977875179975276
15.030000000000001,0.1039585988406569
15.032,0.08499933227078982
15.034,-0.0010591641328031517
15.036,0.061419532317225856
15.038,0.053325428908854125
15.040000000000001,0.014835322526355176
15.042,-0.0034226293592910725
15.044,0.025949315598176523
15.046000000000001,0.10657628002144445
15.048,0.03686829572687285
15.05,0.024686011656880176
15.052,0.022744425260752547
15.054,0.06231555468547728
15.056000000000001,-0.000984642305502513
15.058,0.1024431341187672
15.06,0.017326829124977745
15.062000000000001,-0.00888034226132189
15.064,0.059301799153648166
15.066,0.04942311949110016
15.068,0.057847376611018714
15.07,-0.004996214166772161
15.072000000000001,0.03510001238407191
15.074,-0.009307804854423838
15.076,0.06075867138413883
15.078000000000001,-0.10453659832234379
15.08,0.012626250653888407
15.082,-0.0750588679675034
15.084,-0.0424679757722799
15.086,0.075458039931384
15.088000000000001,-0.04730307878546413
15.09,-0.10729338116234985
15.092,0.027106476521278705
15.094000000000001,-0.0561195425467888
15.096,0.07019834494219179
15.098,0.1058301795316594
15.1,0.0972574070151297
15.102,0.18554917926655648
15.104000000000001,0.2148633580230705
15.106,0.13346343099737157
15.108,0.15700838463032982
15.11,0.09665410426246114
15.112,0.11278487393364829
15.114,0.11415356626695142
15.116,0.10808555897343207
15.118,0.07744312517833597
15.120000000000001,0.08453018013215274
15.122,-0.04007814113205242
15.124,-0.023493484088502367
15.126,0.051821986700850635
15.128,0.03512471400399174
15.13,-0.0033990043912052936
15.132,0.044086890029942837
15.134,-0.1282247370664803
15.136000000000001,-0.02750313411922893
15.138,-0.07065363085858505
15.14,0.07120012991913491
15.142,-0.098791678635027
15.144,-0.04953991817126057
15.146,-0.053488390460741324
15.148,-0.00951835010998714
15.15,-0.10155811034445171
15.152000000000001,-0.04890237022606318
15.154,-0.05923364331121031
15.156,0.02401232918758141
15.158,-0.050853520502936705
15.16,-0.009785346945137354
15.162,-0.05196782373595891
15.164,0.0044310284470450755
15.166,-0.03516760179203238
15.168000000000001,0.04241175568000394
15.17,0.015181937006341916
15.172,-0.029957960883086342
15.174,-0.05118478631045649
15.176,-0.0012037590795896044
15.178,-0.07703237316982502
15.18,-0.02766303146292615
15.182,0.07573556479593023
15.184000000000001,-0.04170896473029859
15.186,0.0613185299120859
15.188,0.04949097468875349
15.19,-0.00766906767204556
15.192,-0.014342486315521645
15.194,-0.0445420557651186
15.196,-0.05440790124924915
15.198,0.01801539772669814
15.200000000000001,-0.04483276482052509
15.202,0.029287444998706367
15.204,0.0029662121199085165
15.206,-0.00837920468182397
15.208,-0.025464260576573583
15.21,0.027455629969510106
15.212,-0.06097076666902883
15.214,-0.0934342894182758
15.216000000000001,-0.10291596217865384
15.218,-0.03452484971607089
15.22,0.015390810262963205
15.222,0.05510399056567487
15.224,0.10316147797417115
15.226,-0.0009121950245349253
15.228,-0.017091652872655665
15.23,-0.05236471293668589
15.232000000000001,-0.07742153326116075
15.234,-0.046118372166778825
15.236,-0.03383043921459337
15.238,-0.02967279718402728
15.24,-0.03585016726011602
15.242,-0.023829563981067794
15.244,-0.00019220510590723695
15.246,-0.0599678180560938
15.248000000000001,0.002393261286771896
15.25,-0.003275752248348864
15.252,-0.11475157415018156
15.254,0.08948755335516377
15.256,0.018070811017010458
15.258000000000001,-0.03115289617741126
15.26,-0.07758605527174302
15.262,0.03776978249218048
15.264000000000001,-0.0171468066502456
15.266,-0.005777440216762983
15.268,0.03341805805770946
15.27,-0.086003090849386
15.272,-0.03195311555950742
15.274000000000001,0.07034591338983315
15.276,-0.057371963829039786
15.278,0.006476825849648024
15.280000000000001,-0.02281273781154935
15.282,0.019418748970860662
15.284,0.013323600310121494
15.286,-0.012224605698918582
15.288,0.08323154148803955
15.290000000000001,-0.09622580300709402
15.292,-0.05799717646054792
15.294,0.006087986069891936
15.296000000000001,0.011669808415968208
15.298,0.010924097556792045
15.3,-0.015511466274489962
15.302,-0.027956547164966657
15.304,-0.006370088621852725
15.306000000000001,-0.0053357075281193975
15.308,0.04496651869676961
15.31,-0.06205159573050423
15.312000000000001,0.01248944857001001
15.314,0.0561854807300189
15.316,0.0950912294452557
15.318,0.015966235900174687
15.32,-0.05638573750428561
15.322000000000001,-0.030084179018183294
15.324,0.014499406714307873
15.326,0.09228635722088516
15.328000000000001,0.07769249103516304
15.33,0.08671368623092253
15.332,0.02595387583868241
15.334,-0.029740792386792697
15.336,-0.06247118282619615
15.338000000000001,0.014769795991814504
15.34,-0.05145355592215455
15.342,0.02442016136106543
15.344000000000001,-0.09471137499792001
15.346,0.007223862567108576
15.348,-0.016177531813382256
15.35,0.02364394771766742
15.352,0.016993167460911618
15.354000000000001,-0.06161369778308676
15.356,-0.007948435374267232
15.358,0.01923248238986215
15.36,-0.08876905340286412
15.362,-0.05208013879745531
15.364,-0.033352188510219385
15.366,-0.03483582187746614
15.368,-0.0466163422457211
15.370000000000001,-0.06087129471412256
15.372,-0.09280148090957527
15.374,-0.0006760197889390043
15.376,-0.01486881765147706
15.378,-0.03709523424481644
15.38,-0.05177760812097768
15.382,0.05038540656515918
15.384,-0.01249963555333354
15.386000000000001,0.0013794636103726804
15.388,-0.018946350339185285
15.39,-0.030778538603069124
15.392,-0.13485010957563603
15.394,-0.11840711754861871
15.396,-0.02951297468546486
15.398,-0.016279470041745916
15.4,-0.09380080071238456
15.402000000000001,-0.009472107006943325
15.404,-0.003641701151862641
15.406,-0.0049760872100637794
15.408,-0.09503029533206028
15.41,-0.012382807508895834
15.412,-0.06119447618164486
15.414,-0.004969928818677083
15.416,-0.03284520213810436
15.418000000000001,-0.0009126574266585391
15.42,-0.13170433040895704
15.422,-0.021018597916893526
15.424,0.07948294226211185
15.426,-0.025043968609971233
15.428,-0.04233423687587821
15.43,-0.04166965218595732
15.432,-0.14275485899394283
15.434000000000001,-0.09366724823664148
15.436,-0.05196217387389186
15.438,-0.0010634170478327765
15.44,-0.038178283027781014
15.442,-0.06262399493695246
15.444,-0.0027267326006206703
15.446,-0.07821212378369917
15.448,0.016910883421417534
15.450000000000001,-0.030235259913609373
15.452,-0.09357611787495547
15.454,-0.09268692762170624
15.456,-0.058796515288672024
15.458,-0.10220544124410644
15.46,-0.02110444499534186
15.462,-0.03881999319069392
15.464,-0.014682283460741206
15.466000000000001,-0.022755647925539736
15.468,-0.06259725341140313
15.47,0.006470124850889096
15.472,-0.02292110346785486
15.474,-0.03675901776683177
15.476,0.018075117071163847
15.478,-0.02346106143538012
15.48,0.09380402539821361
15.482000000000001,0.17573851301165583
15.484,0.27236206093308063
15.486,0.2993253757883085
15.488,0.45073514356083266
15.49,0.49645717751239615
15.492,0.5304491394027925
15.494,0.5639252869607195
15.496,0.7470220571111886
15.498000000000001,0.8178753295340441
15.5,0.8221617823135485
15.502,0.9851186434591843
15.504,0.9701798878280741
15.506,0.99739631328935
15.508000000000001,0.9802844456303654
15.51,0.9341322782207505
15.512,0.9752986212401666
15.514000000000001,0.8912990080294467
15.516,0.8986026031997897
15.518,0.7512432370155799
15.52,0.6706237082256243
15.522,0.6225112200711563
15.524000000000001,0.46830626812600423
15.526,0.5143767492880154
15.528,0.2853879122601759
15.530000000000001,0.17137043662150844
15.532,0.10790756103830956
15.534,0.07856949560790949
15.536,-0.0991720220472734
15.538,-0.1925798641848134
15.540000000000001,-0.22416363663923256
15.542,-0.1941039991672144
15.544,-0.2748965946404725
15.546000000000001,-0.1994456953551714
15.548,-0.23617519687587402
15.55,-0.26175659832828785
15.552,-0.15702030039246898
15.554,-0.1403124261057261
15.556000000000001,-0.24093209415328945
15.558,-0.1640956650075633
15.56,-0.21284376651244608
15.562000000000001,-0.11752966589266489
15.564,-0.10164131137418378
15.566,-0.030100960512438747
15.568,-0.041516696747515715
15.57,-0.14567744167177396
15.572000000000001,-0.11035980952897759
15.574,-0.02570079283316465
15.576,-0.14623371487410394
15.578000000000001,-0.020814399175716806
15.58,-0.031751404244918034
15.582,-0.0040857487049188596
15.584,-0.08990525240304656
15.586,-0.018416974227463603
15.588000000000001,-0.05274739351809506
15.59,0.07333867222311755
15.592,-0.004017218170162096
15.594000000000001,-0.022854928808157583
15.596,-0.002476617877027368
15.598,-0.006109302872051123
15.6,0.029272924625269023
15.602,0.052697821944819194
15.604000000000001,-0.0879919268296425
15.606,0.03371995975145936
15.608,0.04177037247223329
15.610000000000001,-0.05500810479782757
15.612,-0.03655207693581668
15.614,0.008884017722619177
15.616,-0.11142325869359171
15.618,0.0018983086548370175
15.620000000000001,0.06627527832592975
15.622,0.04903122603737542
15.624,0.01686867882674562
15.626,0.07809382275198716
15.628,0.06068272732836101
15.63,0.009787310425067058
15.632,0.045106171750573784
15.634,-0.055504818791451055
15.636000000000001,-0.04099437788418103
15.638,0.011945487143807306
15.64,0.01494930937739155
15.642,0.06633011122587364
15.644,-0.004681171790498637
15.646,0.07730235333488719
15.648,0.004524618640326092
15.65,0.04066003296512252
15.652000000000001,0.04146083837607735
15.654,0.12091817526931463
15.656,0.06077186776475388
15.658,0.1333290693475401
15.66,0.0632099679909134
15.662,0.043652188228137906
15.664,0.08367245304392953
15.666,0.11992489733785146
15.668000000000001,0.1604455768658848
15.67,0.03975516424799899
15.672,0.07910617639262939
15.674,0.13340320301185038
15.676,0.08182051066498529
15.678,0.030975144145968442
15.68,0.1302768120233075
15.682,0.1959874080637078
15.684000000000001,0.11413811186974754
15.686,0.11458160461160995
15.688,0.22769040092688114
15.69,0.18088644600612955
15.692,0.11495344400652989
15.694,0.10810604281417197
15.696,0.03721108644826086
15.698,0.07763296840033294
15.700000000000001,0.15283477366917114
15.702,0.11191976747465363
15.704,0.22037360676024004
15.706,0.18606804306873806
15.708,0.173853434701553
15.71,0.26516654427589587
15.712,0.1401323554263102
15.714,0.010970494410599357
15.716000000000001,0.11563420176046865
15.718,0.09421447288755379
15.72,0.18431028185533968
15.722,0.14604056992610803
15.724,0.19098558415629263
15.726,0.0978746382361581
15.728,0.16173158401750193
15.73,0.09918113742400053
15.732000000000001,0.14416156014263587
15.734,0.06753154613563594
15.736,0.17905587788595836
15.738,0.10890651199302845
15.74,0.05361844565932707
15.742,0.14885263999327022
15.744,0.17473571128007884
15.746,0.16635379380505072
15.748000000000001,0.11167751440255357
15.75,0.1310602769673364
15.752,0.06674846351913563
15.754,0.04947711042161573
15.756,0.015231188413239359
15.758000000000001,0.07343260182970056
15.76,0.034560203455934566
15.762,0.07000432574956679
15.764000000000001,0.03399067161213653
15.766,0.0893626701975062
15.768,-0.04677269328474374
15.77,0.07404701688577317
15.772,-0.003008714359057491
15.774000000000001,0.04799335743315139
15.776,0.0019002058873282246
15.778,0.04492522951559155
15.780000000000001,0.06402381800093107
15.782,0.051268317632336385
15.784,0.007109061087932361
15.786,0.02031139241803716
15.788,-0.018621358096442137
15.790000000000001,0.006066482048933021
15.792,-0.0314437681220552
15.794,-0.05231983950618736
15.796000000000001,-0.05067849240160812
15.798,0.0019273433145560945
15.8,0.06158683762443226
15.802,0.027025669244540328
15.804,-0.07543363600490967
15.806000000000001,-0.052569179594673617
15.808,-0.04996138062561452
15.81,-0.11424016650082103
15.812000000000001,-0.09482034876336447
15.814,-0.09742759085160191
15.816,-0.06234348565358247
15.818,-0.07848333747991947
15.82,0.026226434880698146
15.822000000000001,0.014767109676478707
15.824,-0.025859374386216154
15.826,-0.04811855563790377
15.828000000000001,-0.05462680359440345
15.83,0.004945510244267495
15.832,-0.09710685507359763
15.834,-0.10068140386624133
15.836,-0.11257212559448158
15.838000000000001,-0.12317618587375948
15.84,-0.05194819651129568
15.842,-0.04606918759947276
15.844000000000001,-0.0432273227517146
15.846,-0.009390961980982084
15.848,-0.06961531858719668
15.85,-0.09322632081203544
15.852,-0.13674557577501456
15.854000000000001,-0.1481740209456231
15.856,-0.06430468108618677
15.858,-0.12765171805493486
15.860000000000001,-0.07969126559173068
15.862,-0.058936946218839784
15.864,-0.0814186066596921
15.866,-0.03102642036789372
15.868,-0.06640097779788608
15.870000000000001,-0.06740134774890429
15.872,-0.15096759634303514
15.874,-0.13523680389543324
15.876,-0.11929295791605289
15.878,-0.11841876271089286
15.88,-0.16838437246073365
15.882,-0.12114268395809048
15.884,-0.040884655917728205
15.886000000000001,-0.06683216020065433
15.888,-0.11549068089023692
15.89,-0.012230901155624405
15.892,-0.052167206975383115
15.894,-0.19339082229801402
15.896,-0.1089926653565195
15.898,-0.16160113003487264
15.9,-0.12043983548597362
15.902000000000001,-0.09110812579549823
15.904,-0.04676516002980302
15.906,-0.08535373863016968
15.908,-0.1777975898926481
15.91,-0.09961972869392906
15.912,-0.0635049968749748
15.914,-0.13421916671765505
15.916,-0.11743680641407994
15.918000000000001,-0.16761651227719285
15.92,-0.029594257818168032
15.922,-0.060034866950157
15.924,-0.15031574575333584
15.926,-0.13017159476142873
15.928,-0.019638772834046123
15.93,-0.09041913529088222
15.932,0.0007559377611632626
15.934000000000001,-0.10084663326051536
15.936,0.00999384770706066
15.938,-0.0374577326970625
15.94,-0.006841347302346708
15.942,0.08648824496413199
15.944,0.12091749814283764
15.946,0.08658587827309255
15.948,0.04460371306614436
15.950000000000001,0.03975981571094246
15.952,0.04941087745450973
15.954,-0.03464491248497427
15.956,0.041551691953964694
15.958,-0.03945539505084508
15.96,-0.056208477033502464
15.962,-0.03881727417517352
15.964,-0.10491109751933597
15.966000000000001,-0.09778000222351012
15.968,-0.1589803361229975
15.97,-0.12991136072975462
15.972,-0.04315287177457923
15.974,-0.07959662955280201
15.976,-0.1762225805654755
15.978,-0.15395705709430066
15.98,-0.18188537326934892
15.982000000000001,-0.04340049210864447
15.984,-0.06472565319331658
15.986,-0.15925415975147095
15.988,-0.0740685979897468
15.99,-0.09868405581955941
15.992,-0.08848015433069116
15.994,-0.17929760561709746
15.996,-0.08287637117492465
15.998000000000001,0.05137800651627904
16.0,-0.15243802873598267
16.002,-0.09135882348597904
16.004,-0.014972067574304318
16.006,-0.06002637872452811
16.008,-0.07240422703758684
16.01,-0.057029153427354914
16.012,-0.19952966719063975
16.014,-0.08949826799984252
16.016000000000002,-0.11447260055626503
16.018,-0.1263971563873877
16.02,-0.03247192964935905
16.022000000000002,-0.15884746850127152
16.024,-0.06996730564467095
16.026,-0.1351390679140713
16.028,-0.10989918683990557
16.03,-0.13468729221533626
16.032,-0.07440609833588872
16.034,-0.07464183187979055
16.036,-0.14371081199433727
16.038,-0.11014273763770037
16.04,-0.002830642134287742
16.042,-0.18565859647120436
16.044,-0.062492202175081724
16.046,-0.15171704448506593
16.048000000000002,-0.07947263511299997
16.05,0.04463131401801099
16.052,-0.12650334756043363
16.054000000000002,-0.0667249635091941
16.056,-0.12002095653100583
16.058,-0.1424325135908916
16.06,-0.05811170641060951
16.062,-0.06066249085418608
16.064,-0.06897106864011758
16.066,-0.06906701491402444
16.068,-0.14286970561292142
16.07,-0.14552391436954087
16.072,-0.04233679328632804
16.074,-0.06487409520937149
16.076,-0.08561172389329683
16.078,-0.1139734030384994
16.080000000000002,-0.10448587727170866
16.082,-0.10228066094945089
16.084,-0.1028294282416073
16.086000000000002,-0.08303615080094608
16.088,-0.020407008342519697
16.09,-0.03541719039367549
16.092,-0.09285106867541387
16.094,-0.08355089595372749
16.096,-0.08131519381870936
16.098,0.04848413745057013
16.1,-0.16495011964812145
16.102,-0.07941265647863702
16.104,-0.04852455700938551
16.106,-0.06362925286531737
16.108,-0.09535013807593815
16.11,-0.08597389935654008
16.112000000000002,-0.13574458471760242
16.114,-0.07702098146603378
16.116,-0.10150659205701074
16.118000000000002,-0.15679067445581818
16.12,-0.06304633631076549
16.122,-0.020820356666772927
16.124,-0.07227193480950542
16.126,-0.03241246798865822
16.128,-0.1316133833466466
16.13,0.030508025815196987
16.132,-0.13294646296237433
16.134,-0.05471963419765766
16.136,-0.13550233598144773
16.138,-0.07639286259923554
16.14,-0.041195816034765666
16.142,-0.07153392202153523
16.144000000000002,-0.04657872042107854
16.146,0.06289513442770689
16.148,-0.01362814409883046
16.15,-0.10119848935347983
16.152,-0.1092618188727081
16.154,-0.07823113318599458
16.156,-0.11411884223321986
16.158,-0.0306703656599024
16.16,-0.10296766322411582
16.162,-0.15815800406866276
16.164,-0.05607143640050874
16.166,0.00405256467251984
16.168,-0.08621705977724937
16.17,-0.0983209751230592
16.172,-0.06213878415004923
16.174,-0.08502137901358289
16.176000000000002,-0.11897164695434755
16.178,-0.11059858021649815
16.18,-0.09101159248660796
16.182,-0.06814723016854285
16.184,-0.03570614959596659
16.186,-0.03519383812158664
16.188,-0.020814202446166774
16.19,-0.07346863985432264
16.192,-0.07397136086847358
16.194,-0.04409570025796006
16.196,-0.10995777063998571
16.198,-0.08763593303742806
16.2,0.0025078387170971855
16.202,-0.09018856632110339
16.204,-0.07298038222635984
16.206,-0.15181411730063243
16.208000000000002,-0.11294260209960733
16.21,-0.09017943912959735
16.212,-0.08338702626829343
16.214,-0.15807074066079854
16.216,-0.08651771662788187
16.218,-0.12145846763969055
16.22,-0.1190445472462201
16.222,-0.07516737960961034
16.224,-0.045901214048552304
16.226,-0.055056188391409404
16.228,-0.03521694112463675
16.23,-0.09923424131883586
16.232,-0.12190049077185099
16.234,-0.1606347630850646
16.236,-0.14701235682564193
16.238,-0.07121775775511668
16.240000000000002,-0.11255336598850575
16.242,-0.04173553955034898
16.244,-0.11775973738954179
16.246,-0.024642188875885047
16.248,-0.05427758203101976
16.25,-0.08532452441513531
16.252,-0.03508469963799005
16.254,-0.07397599520352924
16.256,-0.0714285571976613
16.258,-0.07205890993046957
16.26,0.041995974467188384
16.262,0.09995461686310043
16.264,0.2851071941756699
16.266000000000002,0.30748200606514925
16.268,0.38530352724065375
16.27,0.5707357832217048
16.272000000000002,0.6336625578641039
16.274,0.6058037427403759
16.276,0.6258730840128838
16.278,0.8304057542061145
16.28,0.8698594287297787
16.282,0.8594321200319108
16.284,0.9542119737380165
16.286,0.8995385382224773
16.288,0.8099321685571707
16.29,0.8186767706859123
16.292,0.7452958785781136
16.294,0.6433269545592941
16.296,0.6263181482129957
16.298000000000002,0.5830843733868025
16.3,0.44376302543984764
16.302,0.3952572498542142
16.304000000000002,0.3645016549673217
16.306,0.14757800214988095
16.308,0.0470999458233309
16.31,0.09912067807697919
16.312,-0.015806519231169783
16.314,-0.1560212075316255
16.316,-0.26987879723874764
16.318,-0.2817366383470777
16.32,-0.26694809681690984
16.322,-0.2211764001702209
16.324,-0.2980979912156844
16.326,-0.35636100896741035
16.328,-0.2460324617135716
16.330000000000002,-0.2691472308007535
16.332,-0.26437681074966884
16.334,-0.1743026487687549
16.336000000000002,-0.1709024833441648
16.338,-0.18130822970147992
16.34,-0.10443492506830016
16.342,-0.00702629547338017
16.344,-0.0613771478430921
16.346,0.09613383388773915
16.348,-0.04456095051577823
16.35,0.10220567325363711
16.352,0.0345981023293937
16.354,-0.0007090899500241388
16.356,0.10947880325938841
16.358,0.039177640278026
16.36,0.08673512811961034
16.362000000000002,0.05852700817211428
16.364,-0.017197647219009026
16.366,0.010250434752665656
16.368000000000002,0.047134472632757086
16.37,0.029722585014994314
16.372,-0.02380581469324957
16.374,-0.13033042868242617
16.376,-0.12802796658298116
16.378,-0.04548939919411123
16.38,-0.02272920431628627
16.382,-0.0019685359384375573
16.384,-0.05052399565040824
16.386,-0.12042949547123927
16.388,-0.15403963636086906
16.39,-0.11424158840627317
16.392,-0.07919173849579485
16.394000000000002,-0.09026650429063943
16.396,-0.10440799131830526
16.398,-0.06206396770386824
16.4,-0.041556322759305625
16.402,0.04889535720814185
16.404,0.03711928831714105
16.406,-0.039745962271162144
16.408,0.012518669330452054
16.41,0.007023482448968893
16.412,0.021102700878315422
16.414,-0.13049302647199373
16.416,-0.03342578647139173
16.418,-0.02363214031384285
16.42,-0.04925511286864727
16.422,-0.0042546323006420125
16.424,0.04842112630793799
16.426000000000002,0.1428764264519184
16.428,-0.028722326812949367
16.43,0.04110572416444998
16.432,-0.01559606701131181
16.434,0.009964867186365814
16.436,0.01638244813671818
16.438,0.06185940976686276
16.44,0.041560130117303376
16.442,0.06747692390404376
16.444,0.04275200731615274
16.446,0.14229970579354695
16.448,0.11663413732401015
16.45,0.15062428482762436
16.452,0.059108095752783744
16.454,0.09010301298391057
16.456,0.005123654957935729
16.458000000000002,0.0663059112219606
16.46,0.09381437113939542
16.462,0.13878623605157936
16.464,0.10927229087051418
16.466,0.02982050669232661
16.468,0.08339730545665162
16.47,0.06903722511207044
16.472,0.07003155439958098
16.474,0.11378813652417032
16.476,0.07398509542367532
16.478,0.06427101802993918
16.48,0.08931694029478539
16.482,0.11829103674907199
16.484,0.09526518323150308
16.486,0.14498585480563295
16.488,0.09503093860530173
16.490000000000002,0.0991348132268543
16.492,0.1285851597794445
16.494,0.07245222046884342
16.496,0.035811113215038076
16.498,0.08377116413335352
16.5,0.18658654812482187
16.502,0.07910727036250745
16.504,0.15926385331774445
16.506,0.13819315572354507
16.508,0.21671827422342727
16.51,0.10247491550621035
16.512,0.1442392216548458
16.514,0.07461211805371412
16.516000000000002,0.07785540512210459
16.518,0.003238222269639504
16.52,0.06593214425732616
16.522000000000002,0.058819083125128416
16.524,0.15835437769382404
16.526,0.15532163322653936
16.528,0.12500131602195702
16.53,0.12823189485775385
16.532,0.06779986316182415
16.534,3.237463043237465e-05
16.536,0.09675691275991655
16.538,0.10791540910643993
16.54,0.045718053855067387
16.542,0.07039960351702575
16.544,0.1507829792431116
16.546,0.07872324328737523
16.548000000000002,0.11683125990541296
16.55,0.1556659846287573
16.552,0.02269078269720986
16.554000000000002,0.0013515641221000761
16.556,-0.04210663789486799
16.558,0.09461692478163933
16.56,0.05466822348560428
16.562,0.007812241350314778
16.564,-0.0015240353130827541
16.566,0.04101063083740761
16.568,-0.005607053170598977
16.57,0.03176556671047818
16.572,-0.007139416042951898
16.574,-0.015905160322120273
16.576,-0.030666678524584
16.578,0.016902106829373324
16.580000000000002,0.021853267891511548
16.582,0.01489797974739353
16.584,-0.08503420723898011
16.586000000000002,-0.042163529601821195
16.588,-0.12854128218779184
16.59,-0.02016699776172383
16.592,-0.07462062237326318
16.594,-0.09356192301631372
16.596,-0.06219637014586405
16.598,-0.11261224680842506
16.6,-0.09901316811650385
16.602,-0.029461184665622434
16.604,-0.009371000669372204
16.606,-0.029963003311848133
16.608,-0.03103582367897114
16.61,-0.025791071218569495
16.612000000000002,-0.10905503424983964
16.614,-0.1487897042033512
16.616,-0.11242577733380259
16.618000000000002,-0.001628959051003659
16.62,0.003427873678804122
16.622,-0.03676551450018303
16.624,-0.11841915116873353
16.626,-0.1352599997575115
16.628,-0.07374218975774766
16.63,-0.07862047629818755
16.632,-0.08843544514784396
16.634,-0.12003738832187873
16.636,-0.12684409697479743
16.638,-0.03686950553126485
16.64,-0.033465307764984444
16.642,-0.030933794728628262
16.644000000000002,-0.11025761340406683
16.646,-0.04378266672485831
16.648,-0.12839184448836716
16.65,-0.1167171902288412
16.652,-0.0878090056556776
16.654,-0.13214720661060475
16.656,-0.10740374326269639
16.658,-0.1126996561830977
16.66,-0.07349332722793893
16.662,-0.11712903179576384
16.664,-0.08026248373062651
16.666,-0.10773437575603392
16.668,-0.048662129478840105
16.67,-0.06644774413115107
16.672,-0.08322221984734231
16.674,-0.04768684384595933
16.676000000000002,-0.05126330855476093
16.678,-0.050878242486805225
16.68,-0.10211674536185388
16.682,0.0010517121079169356
16.684,-0.0775026239586203
16.686,-0.056052566669282156
16.688,-0.03906114221571039
16.69,-0.11179882733779606
16.692,-0.10177217567136236
16.694,-0.0573089277912708
16.696,-0.12778452237532945
16.698,-0.048162705357417096
16.7,-0.12154194551929709
16.702,-0.09111392109676777
16.704,-0.09186012424254662
16.706,-0.12491873714086703
16.708000000000002,-0.046174052469114935
16.71,-0.1400980566412084
16.712,-0.14196411125213187
16.714,-0.12686063907200096
16.716,0.015971403289782485
16.718,-0.1214182410770835
16.72,-0.07621426052355382
16.722,-0.11599742793618179
16.724,-0.13176981440869975
16.726,-0.07908540479512866
16.728,0.0033365433525622268
16.73,-0.07887351951272525
16.732,0.08623486891213417
16.734,-0.08576252123975446
16.736,-0.10784432265831607
16.738,-0.2137553666290724
16.740000000000002,-0.018245722173419167
16.742,-0.07618994077868735
16.744,-0.09996945196302243
16.746,-0.16139394499401938
16.748,-0.03638588216728744
16.75,0.0286754435759283
16.752,-0.1339994077002656
16.754,-0.10069457361036335
16.756,-0.07829075497162011
16.758,-0.09998867176612454
16.76,0.0070696949372432705
16.762,-0.11469725256217009
16.764,-0.22216346892019484
16.766000000000002,-0.049101607480718165
16.768,-0.09387588678256485
16.77,0.012962046955834396
16.772000000000002,0.003338689317889887
16.774,-0.03925286083241839
16.776,-2.554017241257131e-05
16.778,-0.03533979248077579
16.78,0.07000438116234711
16.782,-0.0044040853789344
16.784,0.0850976932497671
16.786,0.09637692878035062
16.788,0.01817014652727786
16.79,-0.01800908894498865
16.792,0.021670071253576208
16.794,0.056236916852740244
16.796,0.043895731473357555
16.798000000000002,0.01102717641167477
16.8,-0.07902548830574835
16.802,-0.052875456906898904
16.804000000000002,0.05318228810796382
16.806,-0.018383514474616853
16.808,-0.09149999374073567
16.81,-0.11280983310125278
16.812,0.019276887497862383
16.814,-0.16218842071534675
16.816,-0.17479527768482525
16.818,-0.10643768816023821
16.82,-0.1295317863293667
16.822,-0.07434026254173141
16.824,-0.0627441677645256
16.826,-0.06827947330418255
16.828,-0.09510947077670616
16.830000000000002,-0.06106032953886378
16.832,-0.09449699133509101
16.834,-0.059406087313812375
16.836000000000002,-0.040502451230514255
16.838,-0.12166096486353752
16.84,-0.002120880872396716
16.842,-0.07455141616891472
16.844,-0.013293008578401919
16.846,-0.05951357345116706
16.848,-0.09195704350686662
16.85,-0.08593809975965841
16.852,-0.06276140229227593
16.854,-0.11907577378523367
16.856,-0.07522363059426235
16.858,-0.11695993595233589
16.86,0.014885443184817784
16.862000000000002,-0.015870689094234343
16.864,-0.03094323772498269
16.866,-0.03388110072709988
16.868000000000002,-0.051088170856522605
16.87,-0.061131498035206906
16.872,-0.1055622998475354
16.874,0.0066338734592312765
16.876,-0.06836867138707609
16.878,-0.1715979089587446
16.88,-0.005166774475312323
16.882,-0.10618542502191458
16.884,-0.032857284298349373
16.886,-0.030594465359939912
16.888,-0.13036571927980614
16.89,-0.04364166435070588
16.892,-0.10117638315246404
16.894000000000002,-0.04025483696477474
16.896,-0.16969984209481334
16.898,-0.03188970380482821
16.9,-0.1262101058866689
16.902,-0.10160670682187262
16.904,-0.0379899010668062
16.906,-0.024742854026271906
16.908,-0.025591862596002966
16.91,-0.07773801413670096
16.912,-0.05779970319454926
16.914,-0.04264109491200292
16.916,0.020896877627030935
16.918,-0.08209769950304423
16.92,-0.11677249123008696
16.922,-0.061651641398613094
16.924,-0.09395621726977404
16.926000000000002,0.014967998697481097
16.928,-0.03055208721954672
16.93,-0.10368773613841772
16.932,-0.0675639109470394
16.934,-0.06915160411036174
16.936,-0.05639631211594197
16.938,0.01171861087255565
16.94,-0.018870544974047217
16.942,-0.02824217791382376
16.944,-0.10612099011999213
16.946,-0.025309832663538496
16.948,-0.027861517695509395
16.95,0.0368948750342778
16.952,-0.08003747977255996
16.954,-0.020165032883341594
16.956,-0.005909283618543641
16.958000000000002,-0.047740036650473196
16.96,-0.0166398519644514
16.962,-0.0526329108599671
16.964,0.001439054466572335
16.966,-0.08001588277282773
16.968,-0.02814180046054404
16.97,-0.008064117155258902
16.972,-0.043154585287335116
16.974,0.009513566458598764
16.976,-0.03387135041045264
16.978,-0.017244263348014717
16.98,0.01980465071003139
16.982,-0.021765305967091995
16.984,0.016543008023538495
16.986,-0.05385484147932215
16.988,-0.01580736846037877
16.990000000000002,-0.08081149587348373
16.992,0.0319549393217035
16.994,-0.10647368138089591
16.996,-0.06652016083548479
16.998,-0.05332575735810555
17.0,0.015048214442368521
17.002,-0.04487327345839332
17.004,0.03125768354644291
17.006,0.00286312591660342
17.008,-0.057712448886624815
17.01,-0.007762214221145324
17.012,0.02217591866660692
17.014,-0.01717614753797846
17.016000000000002,-0.06920609942409556
17.018,-0.12127521512227978
17.02,0.016771565391781606
17.022000000000002,0.005071914882574708
17.024,-0.09530851176051264
17.026,0.02648508198221185
17.028,0.06953472926408683
17.03,0.002867867331032
17.032,-0.023232260544201785
17.034,-0.07170176518567636
17.036,0.0613272802591012
17.038,0.10178636864947006
17.04,0.13126625748942414
17.042,0.13144694341237242
17.044,0.3693135955558331
17.046,0.527252089541032
17.048000000000002,0.5360929949612812
17.05,0.6173690581708333
17.052,0.5722065642943994
17.054000000000002,0.8031031625642151
17.056,0.8187515383656645
17.058,0.8474679432489864
17.06,0.924155204035094
17.062,0.9498928495552859
17.064,0.9554013125239322
17.066,0.9273909728492763
17.068,0.9128485822125264
17.07,0.9015058401063476
17.072,0.7924791386256629
17.074,0.7430480010472481
17.076,0.622552783842675
17.078,0.5987081317596619
17.080000000000002,0.4303270984973995
17.082,0.4114207712748467
17.084,0.2881029746559889
17.086000000000002,0.2540176896917815
17.088,0.14621127446515478
17.09,0.07658952512808201
17.092,-0.025555442485162255
17.094,-0.10998182350835946
17.096,-0.1771475181037956
17.098,-0.15515448275305452
17.1,-0.23006486017461317
17.102,-0.17777504739398378
17.104,-0.15131782431011084
17.106,-0.1527342831447505
17.108,-0.15647829813485323
17.11,-0.16958681661401773
17.112000000000002,-0.08042522224550033
17.114,-0.16345807879412233
17.116,-0.13475859390309983
17.118000000000002,-0.05432003215352134
17.12,-0.13640896738978586
17.122,-0.03161963572866742
17.124,0.014282891287365412
17.126,0.0039002034333922506
17.128,-0.1503645627257837
17.13,-0.05664307462619646
17.132,-0.008930372999796245
17.134,0.01786638229156302
17.136,-0.013844372437035226
17.138,-0.04247385327661024
17.14,0.024004197084703784
17.142,0.01991010770069833
17.144000000000002,-0.01972031637541176
17.146,0.03256776794359027
17.148,0.0076711583744255565
17.150000000000002,-0.012240407498488839
17.152,0.021626587418967023
17.154,-0.04011703666347684
17.156,0.05109956402939946
17.158,0.020763625516700673
17.16,-0.008627418792542967
17.162,0.10580131272008202
17.164,-0.018151542849977102
17.166,0.03348822520953413
17.168,-0.013145124979198917
17.17,0.027683380832931447
17.172,0.06579259026472227
17.174,0.04688094721411142
17.176000000000002,0.06798376842782893
17.178,-0.009560872106119812
17.18,0.05846429828418011
17.182,0.03977596556046511
17.184,0.07430475263554147
17.186,0.04350893711493595
17.188,0.05494086891631908
17.19,0.09745499834379277
17.192,0.11497195868824844
17.194,0.13135495338386785
17.196,0.11935036493983693
17.198,0.2137786343352065
17.2,0.14073258314369386
17.202,0.26913683273258415
17.204,0.24238533253208325
17.206,0.30317691030955857
17.208000000000002,0.3058614430682215
17.21,0.28848837659806537
17.212,0.21988876322370862
17.214,0.27362006047099807
17.216,0.14338490807951212
17.218,0.20059931243804485
17.22,0.1754827485636225
17.222,0.17865613511365738
17.224,0.12102937421166773
17.226,0.08860103222565521
17.228,0.2124535252038991
17.23,0.06594660445267785
17.232,0.046289824743469515
17.234,0.15817653320135866
17.236,0.11467430907726255
17.238,0.08854793162500721
17.240000000000002,0.08908249268538677
17.242,0.15878503768842986
17.244,0.20555187676852626
17.246,0.17928341200080478
17.248,0.17123598912313423
17.25,0.16390183957667906
17.252,0.1267136624290232
17.254,0.16437475677412228
17.256,0.2666178759729626
17.258,0.23732916364363826
17.26,0.2124562613001675
17.262,0.09129787361911432
17.264,0.2634884366391417
17.266000000000002,0.22968532993419977
17.268,0.23893460508598055
17.27,0.1961126638345918
17.272000000000002,0.17036663756393117
17.274,0.14090157957101457
17.276,0.09712208436905628
17.278,0.24112756038768157
17.28,0.1922395047891885
17.282,0.18128801648925483
17.284,0.20385750537257755
17.286,0.23174556636471977
17.288,0.25975231608404564
17.29,0.1229777764414002
17.292,0.15849583639089182
17.294,0.18107244646683782
17.296,0.12602297517312938
17.298000000000002,0.14367660212739158
17.3,0.11900394835777142
17.302,0.19448969205200595
17.304000000000002,0.19253332604786796
17.306,0.16671870536371639
17.308,0.13381874264728913
17.31,0.148283598610874
17.312,0.14974821104979036
17.314,0.17911920184556213
17.316,0.11536785555521653
17.318,0.1584139656390097
17.32,0.1709434760685802
17.322,0.1711776918254029
17.324,0.16006435760172816
17.326,0.11790954273790935
17.328,0.0506632425368138
17.330000000000002,0.06999123734349316
17.332,0.0916628394192413
17.334,0.13200582392476845
17.336000000000002,0.1505483584344608
17.338,0.10477851300463517
17.34,0.05778271541270766
17.342,0.1594481015450061
17.344,0.13425990681214414
17.346,0.13828465922947553
17.348,0.12552532417406584
17.35,0.08564410466664034
17.352,0.05931419903614191
17.354,-0.032024097105460586
17.356,0.03541321352966366
17.358,0.07874083458483341
17.36,0.08244116119677422
17.362000000000002,0.15662051584681264
17.364,0.06147681535787641
17.366,0.12045638330087845
17.368000000000002,0.08914581486990074
17.37,0.1475794543698796
17.372,0.004576254666336786
17.374,0.032007433179221514
17.376,0.02532897272020563
17.378,0.1168368820560531
17.38,0.05167664486987818
17.382,0.040726295568721704
17.384,0.10004247285317491
17.386,0.03545124851176372
17.388,0.11997364200384208
17.39,0.08273307142835133
17.392,0.10844732494894313
17.394000000000002,-0.027722709655647285
17.396,0.0031832031566651486
17.398,0.025936465284474974
17.400000000000002,-0.05049192123564713
17.402,0.029381149038888943
17.404,0.09168077093769626
17.406,0.1298545936858784
17.408,0.09799938484503459
17.41,-0.0071783700270334275
17.412,0.035451267481083654
17.414,0.02283489711881252
17.416,0.07670842903144409
17.418,0.01847107965112396
17.42,0.009307826605794385
17.422,0.07957584721675263
17.424,0.009543954650822709
17.426000000000002,0.010970813436691582
17.428,-0.010867880470547764
17.43,-0.03999826871018357
17.432,-0.015108711831777498
17.434,-0.08559891877430395
17.436,0.009422351225765195
17.438,0.026253839832636447
17.44,0.08935993103444573
17.442,0.12574586646810487
17.444,0.0034689613966258984
17.446,0.13279274437222569
17.448,0.11244408244322426
17.45,0.06364855909079145
17.452,0.007007176114578658
17.454,0.07103524926579258
17.456,-0.04820707241471964
17.458000000000002,0.037828031949893884
17.46,0.015926820668916635
17.462,0.06395380678071676
17.464,0.05271230644919965
17.466,0.08661072462512166
17.468,0.055172889034089526
17.47,-0.04001904013176076
17.472,0.0028169493772027474
17.474,-0.049327169972484375
17.476,0.04344360339062099
17.478,0.055274839540767534
17.48,0.05938380440178925
17.482,0.026125230217068526
17.484,0.018485749666580065
17.486,0.006180460166213882
17.488,0.007424571899994889
17.490000000000002,0.017087906886018987
17.492,0.07412131004748346
17.494,-0.003270430490160771
17.496,-0.0006454678128107079
17.498,0.021429282880431687
17.5,0.038507937175420996
17.502,0.12116411878307488
17.504,0.06250037416340068
17.506,0.01365970866283641
17.508,0.04197177198673037
17.51,0.06207726757617725
17.512,-0.06651145029492522
17.514,-0.023610540265592214
17.516000000000002,0.08991161524703843
17.518,-0.014696931832372646
17.52,0.0486443679134306
17.522000000000002,-0.038818255692449
17.524,0.06491979682790161
17.526,0.0009082294152798001
17.528,0.032032863671343684
17.53,0.044323074094087825
17.532,0.03013435948596125
17.534,0.017981257005558512
17.536,0.03446304092757417
17.538,0.07018927179430706
17.54,-0.028840105032556025
17.542,0.03732834433097921
17.544,0.048615441961187125
17.546,0.12484677695687885
17.548000000000002,0.007426406536800968
17.55,0.06842277844691975
17.552,0.04743788037549462
17.554000000000002,0.13928319778220916
17.556,-0.03093331121626267
17.558,0.003173071492617096
17.56,0.03486608296060373
17.562,0.0018530584044665968
17.564,0.06242668194143193
17.566,0.015266472200586106
17.568,0.03692939227962403
17.57,-0.07581253095440639
17.572,0.049513457257127795
17.574,-0.07000495847234406
17.576,0.02731363447523118
17.578,0.030792299479233176
17.580000000000002,0.08333428101676159
17.582,0.08144308095622048
17.584,0.03974213929664409
17.586000000000002,0.04273906276223127
17.588,0.08592879466410372
17.59,0.09576984015022803
17.592,0.05498077256334165
17.594,0.1647321298828676
17.596,0.21805182898065398
17.598,0.19881130527925703
17.6,0.28451096911540374
17.602,0.17600860143003577
17.604,0.26785215503045595
17.606,0.2859819259008961
17.608,0.11968674112178307
17.61,0.12037338537806902
17.612000000000002,0.10965284065001954
17.614,0.1094998226720681
17.616,0.028814578634483563
17.618000000000002,0.08541901700754621
17.62,0.03539708152717311
17.622,-0.030384794157761692
17.624,0.12141493258274388
17.626,0.12356514540210306
17.628,0.060969275173983956
17.63,0.07172382009605514
17.632,0.08929568179439522
17.634,0.032535427444110095
17.636,-0.07916214359215268
17.638,-0.037675706599694644
17.64,0.00988524908245695
17.642,0.036056584958809305
17.644000000000002,0.11584473795148216
17.646,0.08098078101544587
17.648,0.044475066957343934
17.650000000000002,0.08744286556718203
17.652,0.0052808251954971006
17.654,0.01097612773023009
17.656,0.030645431654290366
17.658,0.0017377963765954768
17.66,0.07584716702734179
17.662,0.08196277298554581
17.664,0.0549207450606361
17.666,0.15023561314330214
17.668,0.07775221709316295
17.67,0.09543336533369876
17.672,0.02692352658957784
17.674,0.041927701990060844
17.676000000000002,-0.0359420870192422
17.678,0.1106581582035342
17.68,0.07825024894176277
17.682,0.17122471078618845
17.684,0.048921014791698976
17.686,0.11621951661000643
17.688,0.05980569119432311
17.69,0.06290662516527992
17.692,0.13660038571644956
17.694,-0.04688574230711527
17.696,0.025531279583078256
17.698,0.019734257650208017
17.7,-0.03931867660464584
17.702,0.04553564671919339
17.704,-0.008415988578923103
17.706,0.10541190130331624
17.708000000000002,0.07638548090195925
17.71,-0.020627322608969968
17.712,0.035200303199388036
17.714,0.02113826091105773
17.716,0.07208900431485295
17.718,0.07740228029724523
17.72,0.058975139240088424
17.722,0.049254481488480786
17.724,0.08334140158866785
17.726,0.10641211122283237
17.728,0.06118523894641381
17.73,-0.005594712275103594
17.732,0.10956782637392362
17.734,0.02133075232730555
17.736,0.0403766574159752
17.738,0.06003955032525324
17.740000000000002,0.04391118723162642
17.742,0.18951731062656713
17.744,0.1031569647214905
17.746,0.1350096173591471
17.748,0.11112809507513785
17.75,0.009250943150739793
17.752,0.048246445046140826
17.754,0.030217821184005237
17.756,-0.0007353541468302083
17.758,-0.004324640769470339
17.76,0.05358487392030433
17.762,0.1341791746629465
17.764,0.11033238838737629
17.766000000000002,0.1291116578607433
17.768,0.09584926524341632
17.77,0.02628997341929718
17.772000000000002,0.08276155558611513
17.774,0.12510494619899598
17.776,0.06424289737457752
17.778,0.08984545518578765
17.78,0.10754097582223412
17.782,0.0984828302489365
17.784,0.10587743634250256
17.786,0.08856036191852579
17.788,0.16928400274723418
17.79,0.10216736565756471
17.792,0.11060225309860175
17.794,0.056384146030220295
17.796,0.13544349069819445
17.798000000000002,0.09914186173746992
17.8,0.053342528772375435
17.802,0.142191047762847
17.804000000000002,0.13429938794150667
17.806,0.15961652277725058
17.808,0.04697504408311817
17.81,0.1518525787042767
17.812,0.11156770796419435
17.814,0.18667525894006393
17.816,0.17210266294275137
17.818,0.2723153707474384
17.82,0.3690112839741208
17.822,0.45696750883266285
17.824,0.4506125099236097
17.826,0.6078135667106473
17.828,0.6925814343103511
17.830000000000002,0.7724255155323014
17.832,0.7906050596035449
17.834,0.9234085285665085
17.836000000000002,0.9890306240050649
17.838,0.8937725169942919
17.84,1.0565187558050841
17.842,1.076870401294026
17.844,1.174445889017554
17.846,0.954450323446047
17.848,1.029182135701378
17.85,1.0743372774785076
17.852,0.8864250605743704
17.854,0.8585101877475761
17.856,0.7406322255832245
17.858,0.634876863187994
17.86,0.6155977690363461
17.862000000000002,0.5216338830429281
17.864,0.4881610079662608
17.866,0.2820309003057507
17.868000000000002,0.21045637436752893
17.87,0.1175364511640452
17.872,0.012406459982103477
17.874,-0.011384308300787968
17.876,0.004339792303671687
17.878,-0.1427944153609843
17.88,-0.07545088402809708
17.882,-0.022985283963360463
17.884,-0.13229176623796673
17.886,-0.03482632932654585
17.888,-0.06359569350678902
17.89,-0.0013359169175008213
17.892,0.02185733614392656
17.894000000000002,-0.03583628567263245
17.896,0.017774677393677506
17.898,-0.02409337029262216
17.900000000000002,0.02199376618761161
17.902,0.05903065568089569
17.904,0.10106823889454972
17.906,0.038841872089806495
17.908,0.0706840105118205
17.91,0.056959793039959475
17.912,0.08372781316691691
17.914,0.1447341383855217
17.916,-0.00904011226810153
17.918,0.09797439502253534
17.92,0.09083868383890585
17.922,0.1131688500191528
17.924,0.13668193893713856
17.926000000000002,0.1251355546298178
17.928,0.11839798292140567
17.93,0.16629062739716427
17.932,0.08780001677131558
17.934,0.08017678913500752
17.936,0.13926010434235986
17.938,0.1481820063164142
17.94,0.1701083572427704
17.942,0.1708598697377367
17.944,0.11522833610333721
17.946,0.21250279358118346
17.948,0.1184014764536315
17.95,0.1259564103938474
17.952,0.08875956080836542
17.954,0.08802312663860962
17.956,0.12345793195603133
17.958000000000002,0.1478031623036675
17.96,0.15824688323008793
17.962,0.1617882173777281
17.964,0.08941473196292113
17.966,0.22280728812113107
17.968,0.2629763080804095
17.97,0.14176544492402599
17.972,0.1041430621062004
17.974,0.16035152139821088
17.976,0.13761843776023006
17.978,0.2214799627750222
17.98,0.22337700144687733
17.982,0.2047130878396977
17.984,0.2857052263338305
17.986,0.28891117191562166
17.988,0.2091828296260977
17.990000000000002,0.2278712201582781
17.992,0.229587524346423
17.994,0.19517538372316648
17.996,0.22076934066620524
17.998,0.20987384339847273
18.0,0.21194889373065914
18.002,0.321770341629398
18.004,0.2127750494277356
18.006,0.17792817872272004
18.008,0.31479540459796684
18.01,0.2280281802047406
18.012,0.22910584519945854
18.014,0.29069133468209185
18.016000000000002,0.14878755943303246
18.018,0.2690766970769367
18.02,0.34392943207156634
18.022000000000002,0.28837783600482964
18.024,0.36528694441409126
18.026,0.2811798056929798
18.028,0.3372846122929503
18.03,0.3331362908296275
18.032,0.2909366270081258
18.034,0.3338850460143786
18.036,0.4986755275143849
18.038,0.45865905149610403
18.04,0.4286519653839166
18.042,0.5896034204373317
18.044,0.4084071712403226
18.046,0.4460116057584202
18.048000000000002,0.4165578014597346
18.05,0.41782980392600166
18.052,0.3780697376948546
18.054000000000002,0.299372404057279
18.056,0.351417025193115
18.058,0.24981865463221797
18.06,0.35347986107479723
18.062,0.2648539948310822
18.064,0.2723010577538452
18.066,0.2972808087488185
18.068,0.24289626686681706
18.07,0.24526843391831107
18.072,0.17432586604882888
18.074,0.2435966916689432
18.076,0.23819221461781742
18.078,0.22388578243735988
18.080000000000002,0.20625969241247297
18.082,0.24653967114314906
18.084,0.2972186625608691
18.086000000000002,0.228551042291252
18.088,0.27397608562053494
18.09,0.28013422376956654
18.092,0.2738083690145433
18.094,0.25841130878288016
18.096,0.24025351244485946
18.098,0.1422233790951276
18.1,0.22710817238578937
18.102,0.2661108892000685
18.104,0.17779596814210336
18.106,0.16749278262578632
18.108,0.23685407825131483
18.11,0.24515606842023296
18.112000000000002,0.17942167351159558
18.114,0.14175770491672174
18.116,0.19701624339729873
18.118000000000002,0.13616302955840556
18.12,0.18733659629065413
18.122,0.14676660573147343
18.124,0.16894741678923583
18.126,0.19801072017387455
18.128,0.2143048904555631
18.13,0.20774954796780315
18.132,0.13471031904948197
18.134,0.041075250717383535
18.136,0.15266994687066227
18.138,0.06909287139456793
18.14,0.15464810761381761
18.142,0.18084690042352958
18.144000000000002,0.13818328450317924
18.146,0.17192824826405115
18.148,0.06898193267830213
18.150000000000002,0.2010322281034892
18.152,0.114611174526429
18.154,0.16661794242569397
18.156,0.11205780898321005
18.158,0.08269671532463077
18.16,0.12319824064137089
18.162,0.1424352181934569
18.164,0.1709890742805629
18.166,0.15232511889732359
18.168,0.11917102746292456
18.17,0.14898497687745604
18.172,0.036623435878981966
18.174,0.07385914740261411
18.176000000000002,0.10809816287936352
18.178,0.08043886088793946
18.18,0.09407676892222616
18.182,0.13687974287402718
18.184,0.20750046164396396
18.186,0.16028400228826503
18.188,0.09230571555485477
18.19,0.14621167468610585
18.192,0.16218268691782053
18.194,0.12828544398020364
18.196,0.107486721130437
18.198,0.1285902072363958
18.2,0.15964402122474972
18.202,0.1730632081110365
18.204,0.17601870899105357
18.206,0.15193890366665574
18.208000000000002,0.1498715904098742
18.21,0.18309870591800595
18.212,0.13516813017588059
18.214,0.1222175138293635
18.216,0.0798301990810158
18.218,0.15964653108297489
18.22,0.06268836686177709
18.222,0.13372782768923552
18.224,0.18121466029137148
18.226,0.21586016393754454
18.228,0.14787545087264892
18.23,0.05011336664871788
18.232,0.08641712603509638
18.234,0.1790878513263181
18.236,0.12273606473353117
18.238,0.12132413812704272
18.240000000000002,0.1647916231578642
18.242,0.1234163813672438
18.244,0.09384663027715166
18.246,0.17041021039379167
18.248,0.25027972327755843
18.25,0.13382441280929416
18.252,-0.007517003164441705
18.254,0.10502926845455082
18.256,0.08069405534089467
18.258,0.11390744905922003
18.26,0.13772887883988635
18.262,0.18067188942823775
18.264,0.18707545004789825
18.266000000000002,0.17220916580524512
18.268,0.19262567217432455
18.27,0.08258359136590496
18.272000000000002,0.1768102759225929
18.274,0.207571178994857
18.276,0.13393821764388988
18.278,0.08096296406580551
18.28,0.10196845355904674
18.282,0.12495342356648653
18.284,0.17562449558812898
18.286,0.10560446285345257
18.288,0.1585712813167207
18.29,0.1145526094245361
18.292,0.08145840949783983
18.294,0.04569804549715681
18.296,0.17014438124843842
18.298000000000002,0.13320491803489865
18.3,0.08882723081115405
18.302,0.16650742115449152
18.304000000000002,0.12176648516104929
18.306,0.11093596270765653
18.308,0.07747433168602702
18.31,0.13685302016928322
18.312,0.050324586419101834
18.314,0.17432593056564344
18.316,0.14932146890172218
18.318,0.08245191838139518
18.32,0.1103281760188909
18.322,0.14147862225673552
18.324,0.1283614669790818
18.326,0.15833084111514922
18.328,0.17163302709342373
18.330000000000002,0.201107168130352
18.332,0.1521188788843266
18.334,0.12370441650731123
18.336000000000002,0.15628209522835504
18.338,0.12842127969218375
18.34,0.114536823201829
18.342,0.0737916154144444
18.344,0.17412602794255927
18.346,0.10793604101164067
18.348,0.05153626835405606
18.35,0.15558677692150266
18.352,0.03836031765871331
18.354,0.10689501282218664
18.356,0.1260393367959904
18.358,0.1231811179623414
18.36,0.13343254983797326
18.362000000000002,0.12125632870329645
18.364,0.15586039340346214
18.366,0.07125857406255046
18.368000000000002,0.18558369234152194
18.37,0.048275620370287944
18.372,0.056676116515951704
18.374,0.12365205850496656
18.376,0.06980372992174774
18.378,0.09541122786823797
18.38,0.12917422876708975
18.382,0.1072619602216133
18.384,0.13713884990959807
18.386,0.1485218472470863
18.388,0.12501216438111357
18.39,0.10341210318841568
18.392,0.03214734315256419
18.394000000000002,0.11384773594993793
18.396,0.0720839483731097
18.398,0.2170100356218717
18.400000000000002,0.13071951911734997
18.402,0.18668765301519866
18.404,0.21688887193506423
18.406,0.11532158162401128
18.408,0.143099005976419
18.41,0.06250813056282015
18.412,0.15365702208076745
18.414,0.1657207540771869
18.416,0.09570538728305683
18.418,0.16215004712180514
18.42,0.10587993087864246
18.422,0.16981080918553626
18.424,0.12916297539460658
18.426000000000002,0.08408910960880975
18.428,0.15582740836831627
18.43,0.07889785581508166
18.432000000000002,0.12719547053584937
18.434,0.12861231679719082
18.436,0.06955884656146741
18.438,0.13859057950135267
18.44,0.12721411928918336
18.442,0.11034269058182711
18.444,0.219445377300267
18.446,0.18341463441673583
18.448,0.18233809619024818
18.45,0.21557395379793406
18.452,0.23664040608319165
18.454,0.1799763015150164
18.456,0.19542024944361963
18.458000000000002,0.14522549104970423
18.46,0.2947754983101095
18.462,0.3185079251880509
18.464,0.2925161119273905
18.466,0.27119204837770966
18.468,0.22912233340770954
18.47,0.22550275769847392
18.472,0.2019690292072138
18.474,0.15822434558238482
18.476,0.036304297219122955
18.478,0.17312553526916846
18.48,0.1507149512170478
18.482,0.15060300559225406
18.484,0.014187660172008648
18.486,0.16452737123648897
18.488,0.07365835547546107
18.490000000000002,0.00677338064041795
18.492,0.07061590909350955
18.494,0.08329896746077699
18.496,0.0661004960726211
18.498,0.1544277283349597
18.5,0.13039404549600533
18.502,0.16137176392874816
18.504,0.1476279731054947
18.506,0.20210169581726212
18.508,0.09215895591036061
18.51,0.11695608231556208
18.512,0.0974791432266604
18.514,0.11713031760681489
18.516000000000002,0.09068663308611663
18.518,0.05523521104155142
18.52,0.1223325842803595
18.522000000000002,0.0996024289217176
18.524,0.09571883181954255
18.526,0.15502994550245092
18.528,0.1171113526797642
18.53,0.15752287410825197
18.532,0.09797198631373058
18.534,0.12254424272900576
18.536,0.16258729505907724
18.538,0.030432863759592393
18.54,0.17583654074797975
18.542,0.18266223142078447
18.544,0.10637749029790407
18.546,0.12148754946636776
18.548000000000002,0.1133452721531634
18.55,0.12179299981527378
18.552,0.17479579692959996
18.554000000000002,0.09059987098115996
18.556,0.16146747273049045
18.558,0.08030717916920721
18.56,0.2068000625451918
18.562,0.09016535835816772
18.564,0.12234763368469231
18.566,0.18930117917139097
18.568,0.0686662927059575
18.57,0.13447286855653484
18.572,0.14239936229367983
18.574,0.07731612700148606
18.576,0.11735907656830313
18.578,0.17071395965006136
18.580000000000002,0.18433416921308915
18.582,0.20606507449561376
18.584,0.1864780850335016
18.586000000000002,0.0745205050544572
18.588,0.09697604270209656
18.59,0.1180187120502104
18.592,0.1707000631731264
18.594,0.1704820994838663
18.596,0.21050982768059245
18.598,0.23549076239767708
18.6,0.2859686819321349
18.602,0.5026284045750472
18.604,0.5058570261734677
18.606,0.6169394718700509
18.608,0.7632918662093511
18.61,0.8593475615029048
18.612000000000002,0.9542186003420212
18.614,1.0019259586243854
18.616,1.0364126846286243
18.618000000000002,1.0830066162343577
18.62,1.0246978730054783
18.622,1.0755754895301801
18.624,1.0849099345098636
18.626,1.0882446031426047
18.628,1.0917541195480296
18.63,0.9854955283752825
18.632,0.957218925952206
18.634,0.8758674157481563
18.636,0.8231922660490572
18.638,0.6269228633207025
18.64,0.5309943493008727
18.642,0.5432582022162893
18.644000000000002,0.5203519266520387
18.646,0.35149829888497097
18.648,0.29610042033640216
18.650000000000002,0.208849300838962
18.652,0.05600661699590799
18.654,0.0284658952513463
18.656,0.003841742304544796
18.658,0.003565587250124135
18.66,0.001611447638464861
18.662,-0.0075581750128267
18.664,0.08504646389938887
18.666,0.06933606865725206
18.668,0.033628941203002485
18.67,0.1148054891818853
18.672,0.038493190631677415
18.674,0.021367500882258576
18.676000000000002,0.07697404659961131
18.678,0.039189279884148845
18.68,0.17275162309418945
18.682000000000002,0.10362408424597457
18.684,0.13542937440408198
18.686,0.16348401437477883
18.688,0.20644549885493133
18.69,0.12373849162712189
18.692,0.1707847885978934
18.694,0.1453122900283656
18.696,0.11720061805399253
18.698,0.12108423852119168
18.7,0.14993944785871915
18.702,0.07625891641702376
18.704,0.15794352815319382
18.706,0.1568266292092694
18.708000000000002,0.1515502976988107
18.71,0.1738570045169457
18.712,0.14287164861255314
18.714,0.21228261596831133
18.716,0.041183870694087216
18.718,0.17390563340414955
18.72,0.15962897838646203
18.722,0.26650517917414507
18.724,0.29300330637037575
18.726,0.25724464093902216
18.728,0.1928541457318971
18.73,0.17569333008546248
18.732,0.21948559552295155
18.734,0.12231866480296961
18.736,0.057967142097616345
18.738,0.20170587558923553
18.740000000000002,0.155154755200722
18.742,0.23676797590094617
18.744,0.12958525472908522
18.746,0.205629769512662
18.748,0.2872883979203472
18.75,0.17039465581722055
18.752,0.21518948828337112
18.754,0.18122086579379026
18.756,0.1692843293699548
18.758,0.2092228831975553
18.76,0.244710576024093
18.762,0.2814958577840648
18.764,0.2910303180114408
18.766000000000002,0.30492487622302766
18.768,0.2867094187476084
18.77,0.2048736930124439
18.772000000000002,0.19265410784937867
18.774,0.18897005375916254
18.776,0.1494558803160424
18.778,0.2299904647683878
18.78,0.2788846641371674
18.782,0.30214536757584853
18.784,0.3742429212543129
18.786,0.30988425191500785
18.788,0.2976505945407647
18.79,0.37040511524276776
18.792,0.31508293329119685
18.794,0.3267418431523332
18.796,0.24300037984001066
18.798000000000002,0.3576227116654541
18.8,0.3278386139778261
18.802,0.42669360391367983
18.804000000000002,0.28429098964239186
18.806,0.25429161591082156
18.808,0.37334714201476
18.81,0.35352514439111593
18.812,0.31560489945245823
18.814,0.3595938568471737
18.816,0.26083447310561536
18.818,0.26858340802234987
18.82,0.28477285212889153
18.822,0.28623087544581727
18.824,0.3917111594517794
18.826,0.3254289359807005
18.828,0.34122932114205834
18.830000000000002,0.3575815119136859
18.832,0.3858954681074532
18.834,0.18567212773106215
18.836000000000002,0.313981219712673
18.838,0.32149407178685246
18.84,0.2251252772765973
18.842,0.3237931968826521
18.844,0.31393271517120896
18.846,0.24514610714241603
18.848,0.4290533641544379
18.85,0.303404332386109
18.852,0.20657031151388122
18.854,0.2507177938926368
18.856,0.17745064532840338
18.858,0.1956214501075182
18.86,0.23258382864825664
18.862000000000002,0.22622477425054957
18.864,0.23885631509603292
18.866,0.2252026980388657
18.868000000000002,0.24912905404379282
18.87,0.23639432826418258
18.872,0.28318874706838776
18.874,0.2471432487253995
18.876,0.3764225262457785
18.878,0.18383312107443417
18.88,0.29432954352534785
18.882,0.4172538995627621
18.884,0.33460828800394543
18.886,0.4747038383546053
18.888,0.3843934899789921
18.89,0.4040696881743776
18.892,0.40509853173672705
18.894000000000002,0.29432990552305194
18.896,0.32212903672519844
18.898,0.2580300703406814
18.900000000000002,0.19054862991718452
18.902,0.2453080134065
18.904,0.20198222714304473
18.906,0.26339344790698205
18.908,0.08220847243135543
18.91,0.1418983690713475
18.912,0.19347201717859153
18.914,0.12275275843435979
18.916,0.1288588926735695
18.918,0.12734241324747902
18.92,0.0072809591579070625
18.922,0.14287037318136994
18.924,0.08407113755897105
18.926000000000002,0.09147597628435467
18.928,0.13706143504157525
18.93,0.19863894739011453
18.932000000000002,0.16887433211906178
18.934,0.17412940366796523
18.936,0.21424939408233362
18.938,0.10661310151559368
18.94,0.017208209367987393
18.942,0.057742196096968595
18.944,0.2638613586152803
18.946,0.2036979588271312
18.948,-0.03207968091263801
18.95,0.20206517953410946
18.952,0.07692490075459608
18.954,0.11644576684865268
18.956,0.1340950014679333
18.958000000000002,0.022761872017206745
18.96,0.010900369152355746
18.962,0.07619120831964576
18.964,0.08065341602321928
18.966,0.19261042800256312
18.968,0.2604162508694152
18.97,0.11714785086953514
18.972,-0.01913459019702593
18.974,0.1038162610707057
18.976,0.08822644907817638
18.978,0.2138061046957417
18.98,0.05173963236109485
18.982,0.17946153671350062
18.984,0.09292178297377965
18.986,0.11900428213025693
18.988,0.17410970121091526
18.990000000000002,0.22850870446742727
18.992,0.03573723751733369
18.994,0.06936342570252783
18.996,0.023471258634625243
18.998,0.2399729245727829
19.0,-0.12256055878855789
19.002,0.2114805509151135
19.004,0.18217186277899836
19.006,-0.08658080717502033
19.008,0.006506862490170017
19.01,0.05827049092469372
19.012,0.0851481901702715
19.014,0.03774795236016795
19.016000000000002,0.23598216193478072
19.018,0.09568914941891793
19.02,0.13894716951144592
19.022000000000002,0.07237774112777334
19.024,0.04052384980039325
19.026,0.18278823953112167
19.028,0.08118062930859368
19.03,0.06113727423864034
19.032,-0.0012602612824702073
19.034,0.2527088692512217
19.036,0.15945329090878635
19.038,0.031912999949796725
19.04,0.04993925691988614
19.042,0.28567761143045173
19.044,0.07468754331118416
19.046,0.05075004545170098
19.048000000000002,0.22304398162098243
19.05,0.013209011536962578
19.052,0.09457702210741034
19.054000000000002,0.05624594463322619
19.056,0.060528245078621014
19.058,0.2766162419972199
19.06,0.02100794096668672
19.062,-0.17754346685003658
19.064,0.2056097461337441
19.066,0.302607259218244
19.068,0.026185753787567226
19.07,0.007499369601641069
19.072,0.22963210564750958
19.074,0.19596075491144388
19.076,0.06361001675312525
19.078,-0.051976398699030424
19.080000000000002,0.14775652127177577
19.082,-0.045837184197266734
19.084,0.171911359547869
19.086000000000002,0.10255972010266624
19.088,0.13067183404615573
19.09,0.02789812543314251
19.092,0.14583622551375197
19.094,0.09757411585038597
19.096,0.34309895775761634
19.098,0.39736821360027846
19.1,-0.10489599698379563
19.102,0.24288189766841753
19.104,0.39671652978499006
19.106,0.2170639905767993
19.108,-0.03447706679315851
19.11,0.08072118088646477
19.112000000000002,0.3364262973752652
19.114,0.02147884613590817
19.116,0.11344335008945625
19.118000000000002,0.013840714563190255
19.12,0.11237635240438956
19.122,-0.08026043464384135
19.124,0.11877726140790548
19.126,-0.0013094884746806534
19.128,0.12192704528506237
19.13,0.02437641939477415
19.132,-0.028653630862789416
19.134,0.10404984778106498
19.136,-0.10274394069116273
19.138,-0.12044945425389383
19.14,0.09956401446240493
19.142,0.23943822257603342
19.144000000000002,0.12766359876473815
19.146,0.060945046159755524
19.148,0.08186601476262582
19.150000000000002,0.10014096241874043
19.152,0.11806806577640755
19.154,0.10093432746928369
19.156,0.21824089964904309
19.158,-0.005672944996435725
19.16,0.10555139587635856
19.162,0.17237647272614412
19.164,-0.024642490087189696
19.166,0.1459408030082425
19.168,-0.025365347650740395
19.17,0.03270576134996547
19.172,0.14876084059198225
19.174,0.11026355875697685
19.176000000000002,0.07558309942839148
19.178,0.22596853467171357
19.18,0.38627072543695257
19.182000000000002,-0.03138523569814841
19.184,0.11423257464699976
19.186,0.07731707435266065
19.188,-0.004666966956220417
19.19,0.05057089203826137
19.192,0.18154546537230637
19.194,-0.1007152102215717
19.196,-0.03786600143672103
19.198,0.05116086482021115
19.2,-0.010579552571592744
19.202,0.17284869487589802
19.204,0.10791485191105768
19.206,0.16841278442125118
19.208000000000002,0.12982415521370694
19.21,0.06986926559108286
19.212,-0.00647224519357683
19.214,-0.05134105284795561
19.216,0.17955651641789755
19.218,0.021731723739540396
19.22,0.11914181533331378
19.222,0.08777328109916246
19.224,0.03551922165453556
19.226,0.19657368414776763
19.228,-0.0029109465326730144
19.23,0.03496916463073821
19.232,0.1460108043650316
19.234,0.05592265459629823
19.236,0.20043082499417797
19.238,0.23674202060210928
19.240000000000002,-0.023253683550973653
19.242,0.07812523379945274
19.244,0.16232774745612794
19.246,0.1253721040825927
19.248,0.06444136857916744
19.25,-0.06418506606792573
19.252,0.11400015279144256
19.254,-0.002009203520327442
19.256,0.0279172613731447
19.258,0.1482922165074487
19.26,-0.21775852898866366
19.262,0.09441446008856676
19.264,0.10942512788689764
19.266000000000002,0.05300959607450507
19.268,0.0521342683633437
19.27,0.030427308709506717
19.272000000000002,-0.0963827544458903
19.274,-0.0727324474187789
19.276,0.11560856635622505
19.278,0.05687416517230866
19.28,0.12594922750075266
19.282,0.19287467468034986
19.284,0.27263762013693843
19.286,0.1645256094658861
19.288,0.15448605594234477
19.29,0.30038308861687185
19.292,0.11592050032603249
19.294,0.2887317964385087
19.296,0.24356323101672966
19.298000000000002,0.18589979464479456
19.3,0.28437376221313204
19.302,0.21946684211424095
19.304000000000002,0.14181806075866246
19.306,0.1602743889057705
19.308,0.09698832013084169
19.31,0.15741944757318987
19.312,0.029134191540103153
19.314,0.05679404044225398
19.316,0.021088293729501217
19.318,0.04247425835834425
19.32,-0.023223560888950064
19.322,0.10245976253904503
19.324,-0.03206351064540097
19.326,0.007794898127296619
19.328,-0.028722362236676652
19.330000000000002,0.10921872301071307
19.332,0.0005022613144491025
19.334,-0.026898630659676383
19.336000000000002,0.06803960689363218
19.338,0.06063134845262027
19.34,0.18824818561863
19.342,0.03098396984977653
19.344,0.13485396075634423
19.346,0.0808849058993811
19.348,0.11709351039537538
19.35,0.07937440810410964
19.352,0.014117703933376222
19.354,0.015247453877859803
19.356,0.06039511994611599
19.358,-0.0016408688999073016
19.36,0.1346429406072901
19.362000000000002,0.03680275201710764
19.364,0.1156323365179854
19.366,0.05460170903580791
19.368000000000002,0.09268789710730164
19.37,0.03849230851286431
19.372,0.058026231435243755
19.374,0.10587235589270019
19.376,0.134306205511497
19.378,0.17577120390699702
19.38,0.2863171887209709
19.382,0.35916711486223046
19.384,0.5346511822373498
19.386,0.5506052519011607
19.388,0.6957702655921649
19.39,0.8119785777549837
19.392,0.8301875939327127
19.394000000000002,0.8731599545815287
19.396,1.0046496334118187
19.398,1.0114994554466037
19.400000000000002,1.0629891748425946
19.402,1.0421197854104647
19.404,1.0603133472834814
19.406,1.0612640799444777
19.408,0.9894061797851552
19.41,0.9745834224668225
19.412,0.8038017925592019
19.414,0.6903096198485982
19.416,0.7080674750487554
19.418,0.6012941793028107
19.42,0.45445907285061726
19.422,0.3898546398464868
19.424,0.3132676123725067
19.426000000000002,0.2009206200593593
19.428,0.14771313100588918
19.43,0.08998082513343333
19.432000000000002,0.015140657506728012
19.434,0.03882745553367954
19.436,-0.14045313454596978
19.438,-0.16264299526266296
19.44,-0.10619149571656925
19.442,-0.024528675862148436
19.444,-0.05989376966322296
19.446,-0.04821158553674013
19.448,-0.07347777073785192
19.45,-0.017552477303242074
19.452,-0.04259474344551495
19.454,0.011397255163371285
19.456,-0.05025302494400692
19.458000000000002,0.06609140510785698
19.46,0.033922049140970204
19.462,0.0807353747845924
19.464,-0.015341166342724782
19.466,0.12114304876795827
19.468,0.1499389572032495
19.47,0.09040623362257004
19.472,0.15694899882292518
19.474,0.07394970834510889
19.476,0.03894577304304081
19.478,0.04039457883922067
19.48,0.05413850241603321
19.482,0.14059510957056326
19.484,0.23233608875886336
19.486,0.042776276384725975
19.488,0.19099293250274738
19.490000000000002,0.16086500232177137
19.492,0.09978717105671367
19.494,0.07777422700721931
19.496,0.08051072558238305
19.498,0.12858353012375096
19.5,0.17792684713961046
19.502,0.11893322013025896
19.504,0.08816412487291894
19.506,0.11278106364233823
19.508,0.08962776772002157
19.51,0.06255386678717083
19.512,0.1436029777451889
19.514,0.10780878228870443
19.516000000000002,0.09517907169432269
19.518,0.1780627850606999
19.52,0.19901918917425923
19.522000000000002,0.10007282149428032
19.524,0.14624980040822133
19.526,0.16506211245732008
19.528,0.1931666567327946
19.53,0.19168188095407632
19.532,0.20664288485085347
19.534,0.2195895225213904
19.536,0.12669353510450118
19.538,0.2691125816213732
19.54,0.15467662949831765
19.542,0.13771515056793376
19.544,0.20951855989634632
19.546,0.14751291897668264
19.548000000000002,0.16266322017222135
19.55,0.17419572847669812
19.552,0.2574690727461322
19.554000000000002,0.16394770096337383
19.556,0.2230034873743933
19.558,0.22881124616096676
19.56,0.0978684941848057
19.562,0.2007104982758995
19.564,0.2274036495718766
19.566,0.219194189037383
19.568,0.2330862610342982
19.57,0.19031288222148773
19.572,0.15849243286532652
19.574,0.21255812105449345
19.576,0.15972782706619557
19.578,0.2782404788261697
19.580000000000002,0.1783942614730762
19.582,0.20452928179697255
19.584,0.23188287592378215
19.586000000000002,0.1707206962804923
19.588,0.2779731401079989
19.59,0.3044553164937276
19.592,0.2083651844104619
19.594,0.2743406208068655
19.596,0.1464912554963806
19.598,0.23445586420764475
19.6,0.2134703191452044
19.602,0.1926652457811011
19.604,0.2253845642468071
19.606,0.2169434767385064
19.608,0.19710099595604302
19.61,0.254898351051281
19.612000000000002,0.25834569997726686
19.614,0.2631849317063782
19.616,0.13805955779568269
19.618000000000002,0.18600849199750294
19.62,0.18063185559171208
19.622,0.15968234627512143
19.624,0.23153876636332413
19.626,0.18660791108374192
19.628,0.25930079411656476
19.63,0.23412078387062188
19.632,0.16136890592527606
19.634,0.20928478503562017
19.636,0.1785369613277816
19.638,0.1583749988470662
19.64,0.2294903989208401
19.642,0.1650292896351015
19.644000000000002,0.26409926135373013
19.646,0.14858425763042987
19.648,0.15952648960239893
19.650000000000002,0.1904070131199324
19.652,0.1485500369103977
19.654,0.08805735003999973
19.656,0.11110501481053048
19.658,0.14650252116380033
19.66,0.06763774430407239
19.662,0.07757505578427996
19.664,0.19931563729748072
19.666,0.14082286308015723
19.668,0.07383733839549186
19.67,0.14013497716104456
19.672,0.060099301668501144
19.674,0.07485090197078505
19.676000000000002,0.07905320705282795
19.678,0.05291636352957034
19.68,0.06777287781156274
19.682000000000002,0.14522135919920515
19.684,0.0752096635745889
19.686,0.05473555294176958
19.688,0.12802629139157473
19.69,0.06963555600216564
19.692,0.06484184398343032
19.694,0.15098125189178843
19.696,0.03610412930681342
19.698,0.11289529309564161
19.7,0.15481285783196616
19.702,0.15074183058466198
19.704,0.15807960885416736
19.706,0.22205532609619028
19.708000000000002,0.16861690106422036
19.71,0.22409070129747674
19.712,0.17581269350017495
19.714,0.1269166586401626
19.716,0.1614689737441587
19.718,0.16382530530584435
19.72,0.09344152372889955
19.722,0.14513392845270245
19.724,0.06860313501311782
19.726,0.11898468030883605
19.728,0.008105297649777854
19.73,0.07228659524754971
19.732,0.05281242395297954
19.734,0.03272298274054354
19.736,-0.04326120578386283
19.738,-0.10126438133192861
19.740000000000002,-0.004776800372147889
19.742,-0.031118844271134122
19.744,-0.02170642465169095
19.746,-0.06171774839036785
19.748,0.002104492332792339
19.75,-0.013993406948157702
19.752,-0.027733399715718476
19.754,0.012952044769402446
19.756,0.13314908820476198
19.758,0.011042196651265794
19.76,0.06770894661520269
19.762,0.049478868290577044
19.764,-0.001138498928993665
19.766000000000002,0.04681981937318625
19.768,0.07918619106265082
19.77,0.05483422356409034
19.772000000000002,0.006759848747145898
19.774,-0.031400149260216906
19.776,0.0006448484796397168
19.778,-0.1087466109321761
19.78,-0.06611061289404425
19.782,-0.03126300757540477
19.784,-0.02704845448911803
19.786,-0.0128354968942965
19.788,0.048836708733887846
19.79,0.07461322266236167
19.792,0.0042820038047504914
19.794,-0.01571550484107611
19.796,0.007087501279740865
19.798000000000002,-0.08412120774083269
19.8,-0.03706831975418864
19.802,-0.004126146255489623
19.804000000000002,-0.013891222727335839
19.806,-0.02042354801633495
19.808,0.01328807986818089
19.81,0.010453750348942567
19.812,-0.007333447003064356
19.814,0.04995834663474746
19.816,-0.08465950930851146
19.818,-0.0429254743844132
19.82,-0.004459078263370376
19.822,-0.018167953398446002
19.824,0.021048620581248
19.826,-0.04579254319630222
19.828,0.08109185689785046
19.830000000000002,0.011057408989462968
19.832,0.05380899107672717
19.834,-0.07515827562207598
19.836000000000002,-0.09976810068874417
19.838,0.05540190146561767
19.84,-0.0066158620165207675
19.842,0.012013963152505979
19.844,0.06480588613408589
19.846,0.0814189480713319
19.848,-0.033476024000624514
19.85,0.08971858821079226
19.852,-0.06433862578877775
19.854,-0.013274352388211206
19.856,-0.06920040200538122
19.858,0.04974789327993176
19.86,-0.04184419044206578
19.862000000000002,-0.028212455088983512
19.864,-0.005603019278293438
19.866,0.10994109328685336
19.868000000000002,0.03448449210141455
19.87,-0.03989105866466537
19.872,-0.012486923871282678
19.874,-0.0839649457475939
19.876,-0.03687827191524144
19.878,0.002859042535365763
19.88,0.013232310378811328
19.882,0.007447309679415232
19.884,0.09409331804131342
19.886,0.11300844784020346
19.888,0.08150498386734402
19.89,0.005546353695123374
19.892,-0.05142882471819159
19.894000000000002,0.015514294584605761
19.896,-0.0040200360652617164
19.898,0.06222033975057979
19.900000000000002,0.01176064247407542
19.902,0.03819585640973633
19.904,0.10446880535516638
19.906,0.09798209603076108
19.908,0.029028155189579664
19.91,-0.028688312360446395
19.912,-0.06728773691439134
19.914,-0.0021597346012739793
19.916,-0.03183527801228732
19.918,-0.0016457140123032682
19.92,0.010049519435696114
19.922,-0.059126344348558756
19.924,0.08360379390746564
19.926000000000002,-0.026927206766107104
19.928,0.03890521303011933
19.93,0.030009966937236662
19.932000000000002,-0.09608906043962122
19.934,-0.05804885226381831
19.936,-0.04654629626823453
19.938,-0.010962095564229155
19.94,0.08811621789809225
19.942,0.03304485146359338
19.944,0.06636029119208973
19.946,0.03121400753457075
19.948,0.07881644509594635
19.95,0.08143039593164851
19.952,-0.00815120616806866
19.954,-0.004379892860071118
19.956,-0.030772642882945022
19.958000000000002,-0.12713005839744054
19.96,0.022026856378237536
19.962,0.09127590981685665
19.964000000000002,0.043110770315256
19.966,0.02823569699223396
19.968,-0.03483902269528967
19.97,-0.11410387044063693
19.972,-0.053847045276926256
19.974,-0.06575128063980862
19.976,-0.05210035512469023
19.978,-0.02631534412926796
19.98,-0.10929802112999551
19.982,-0.01670588437834911
19.984,-0.016661156228563342
19.986,0.010761006278174461
19.988,-0.030341379338666638
19.990000000000002,0.07035382887115524
19.992,-0.03325465603036396
19.994,-0.10009447621810319
19.996,-0.05751798526067606
19.998,-0.02645446772304378
20.0,0.012957457715148779
20.002,-0.024015003774655437
20.004,-0.028377067659968204
20.006,-0.007810780737795885
20.008,-0.03128080139017257
20.01,0.012839023963784672
20.012,-0.11640493988780495
20.014,0.04091532035265975
20.016000000000002,-0.10791476953331369
20.018,-0.05188796991714286
20.02,0.0023044751275861156
20.022000000000002,-0.07435071867999705
20.024,0.010046071232919155
20.026,0.009407591557916484
20.028,-0.054384340390675856
20.03,0.00724343678984846
20.032,0.007050338397889357
20.034,-0.0531016625108091
20.036,-0.09111373609293222
20.038,-0.07139229993035597
20.04,-0.03303433974944995
20.042,0.03147173176411073
20.044,-0.047142552849717904
20.046,0.023671966792808863
20.048000000000002,0.06167523404453129
20.05,-0.021436924741513572
20.052,-0.12130114969722895
20.054000000000002,-0.0173473283854925
20.056,-0.04098778425739263
20.058,-0.027860256776249398
20.06,-0.01466582791622733
20.062,-0.023050259938921135
20.064,-0.06903854761179717
20.066,0.0030831553165260317
20.068,0.00950356615241564
20.07,0.0332835084926428
20.072,-0.06379117106624364
20.074,-0.07677871988311986
20.076,-0.09377598295853237
20.078,-0.044123460323258
20.080000000000002,-0.020501416853417335
20.082,-0.03693055810907948
20.084,0.060569627918485774
20.086000000000002,-0.007813905254307077
20.088,-0.017908817767301063
20.09,-0.008464596268491855
20.092,0.020284222796095965
20.094,-0.035864458461358585
20.096,-0.0859944215355592
20.098,-0.0879730096332263
20.1,0.07798665834353175
20.102,0.04179847101321118
20.104,-0.05487273172044276
20.106,0.001494901827569381
20.108,-0.08953524946818567
20.11,0.06615943480519534
20.112000000000002,-0.015718449827146513
20.114,-0.009832603120900587
20.116,-0.067501960823324
20.118000000000002,0.02845681665154583
20.12,-0.005421452905756845
20.122,0.029888186125586504
20.124,0.09339605081812681
20.126,0.134045546739701
20.128,0.0953365217724512
20.13,0.10646383630199856
20.132,0.07879810149954536
20.134,0.053369657324058274
20.136,0.005628270167244903
20.138,0.1322159314005542
20.14,0.026607985163233053
20.142,0.05188513326692033
20.144000000000002,0.060200970032216056
20.146,0.04123584459704281
20.148,0.07172467240328298
20.150000000000002,-0.07965785838609123
20.152,-0.03843608190445174
20.154,0.11163580278468499
20.156,0.117275841628281
20.158,0.18512640269249922
20.16,0.23727935778388795
20.162,0.2802810050751113
20.164,0.5222010072330123
20.166,0.495071586991743
20.168,0.6117563361072552
20.17,0.7665536968273379
20.172,0.7203205375460111
20.174,0.7128687199986409
20.176000000000002,0.9015760688799495
20.178,0.9020812916479016
20.18,0.9399466207180553
20.182000000000002,0.9211744339386386
20.184,0.9289027281842522
20.186,0.946812923291728
20.188,0.8292202691575793
20.19,0.684343829998212
20.192,0.8049745644010055
20.194,0.618184301149092
20.196,0.5559247871195487
20.198,0.4292507265003321
20.2,0.32095839815053057
20.202,0.24488782301766807
20.204,0.21027308998656574
20.206,-0.012689752485201516
20.208000000000002,0.04418089733667695
20.21,-0.07704045673975306
20.212,-0.1777579986940489
20.214000000000002,-0.15319770768548827
20.216,-0.299862084179668
20.218,-0.23477748906442208
20.22,-0.19446712744963848
20.222,-0.20590074940213654
20.224,-0.11759021042177731
20.226,-0.10809638092228127
20.228,-0.12192752522367648
20.23,-0.15319609331382836
20.232,-0.11346202247108449
20.234,-0.09993579418377554
20.236,-0.15468294594291135
20.238,-0.026512748549722527
20.240000000000002,-0.033865428355563665
20.242,-0.009635780235972505
20.244,0.050599628757299356
20.246,-0.0007760810361320432
20.248,-0.08204990993847708
20.25,-0.10463905386332115
20.252,-0.03984960402887396
20.254,-0.11253940102344495
20.256,-0.11446842099710033
20.258,-0.06009189538505489
20.26,0.04915164140628783
20.262,-0.026603944575440252
20.264,-0.05303166067844046
20.266000000000002,-0.040102424209583654
20.268,-0.0161026364893779
20.27,0.03883540209794792
20.272000000000002,-0.03934419841651422
20.274,-0.03286807805363706
20.276,0.01862763793773809
20.278,0.05810615151257639
20.28,0.03558882990252199
20.282,0.02928677273490287
20.284,0.0010007780685662368
20.286,0.08040291329958096
20.288,0.10816636470957743
20.29,0.027125378467085688
20.292,0.09297564534389836
20.294,-0.006246599257022777
20.296,0.04034122883215492
20.298000000000002,0.040415111617720385
20.3,0.019186867872226183
20.302,0.07937215275509331
20.304000000000002,0.10529493157178747
20.306,0.22107351770599915
20.308,0.09610776654970621
20.31,0.11249495411960002
20.312,0.09874945667594956
20.314,0.04839985748122483
20.316,0.0485875151553549
20.318,0.037338506863547616
20.32,0.11920946356043093
20.322,0.07247342083081355
20.324,0.0698352833693544
20.326,0.1901462239923442
20.328,0.03382188521603208
20.330000000000002,0.14443794581974112
20.332,0.0699844208278659
20.334,0.07519956380823492
20.336000000000002,0.1214164211198094
20.338,0.11005722065795649
20.34,0.18944034521733713
20.342,0.14101864100085149
20.344,0.14724545419381022
20.346,0.14312362918501195
20.348,0.11134474708557693
20.35,0.12756583910363106
20.352,0.1539577206887695
20.354,0.20181423699925113
20.356,0.13111483810799088
20.358,0.08127980775414456
20.36,0.1654787190403971
20.362000000000002,0.14719573406003716
20.364,0.19570712968869455
20.366,0.2906990863347628
20.368000000000002,0.11602724210459925
20.37,0.12472359526461231
20.372,0.11996446547142599
20.374,0.14549861163120412
20.376,0.1909244486750032
20.378,0.18086051058685207
20.38,0.18190213585441597
20.382,0.16768524636549412
20.384,0.17469245032008007
20.386,0.15572338997905388
20.388,0.2194431669230149
20.39,0.12581424999405263
20.392,0.20116736309108624
20.394000000000002,0.018010180956626376
20.396,0.11748753569941925
20.398,0.1076343892857192
20.400000000000002,0.12000951595831341
20.402,0.15058649957910478
20.404,0.20147436229441762
20.406,0.09220797747998094
20.408,0.12482383812540569
20.41,0.08288202485054977
20.412,0.03220395111778217
20.414,0.045922890221115904
20.416,0.042525270487825166
20.418,0.08335372256228102
20.42,0.13679811597117314
20.422,0.04646389983630289
20.424,0.038283619758201604
20.426000000000002,0.10525753337445637
20.428,0.09037001162971099
20.43,0.05254152537228228
20.432000000000002,0.08616951851781425
20.434,0.08498619661897697
20.436,0.09976231224328302
20.438,0.043496871300966536
20.44,0.02145905479930621
20.442,0.015504896425822097
20.444,0.06680073839191276
20.446,0.0651255793461483
20.448,0.03890107254674087
20.45,0.06472586244641607
20.452,0.004238691764030723
20.454,0.04147607884358673
20.456,0.019065411828471164
20.458000000000002,0.00732987358383951
20.46,0.07528274568471108
20.462,0.014318173743431079
20.464000000000002,0.0687253137882464
20.466,-0.05676067252544316
20.468,0.057947187096968555
20.47,-0.0783219357636601
20.472,-0.013911072707251643
20.474,-0.08476040771800905
20.476,0.005606199241860579
20.478,-0.04881949093767532
20.48,0.004891778291480683
20.482,0.03552093279319017
20.484,0.004201284117422514
20.486,-0.004529278484814464
20.488,0.007276949538786059
20.490000000000002,-0.04677613518882842
20.492,-0.07218949604569545
20.494,-0.07003175098992107
20.496,-0.026644448515900015
20.498,-0.10170025006957807
20.5,-0.11433639362732642
20.502,-0.09626079343844167
20.504,0.06846790456887253
20.506,-0.05463792090122303
20.508,-0.06228312598565974
20.51,-0.04287513691305713
20.512,-0.012570907434801826
20.514,-0.02745500758848267
20.516000000000002,-0.09568674409462753
20.518,-0.07391102112790567
20.52,-0.09225016948878113
20.522000000000002,-0.009117654524579973
20.524,-0.06469409739242221
20.526,-0.06011938592827109
20.528,-0.016850276796124664
20.53,-0.0864458936343284
20.532,-0.00793562425640483
20.534,-0.06092943797155719
20.536,-0.07216654890985309
20.538,-0.09373789083228419
20.54,-0.04979432664363309
20.542,0.05523954348738931
20.544,-0.05602161801479186
20.546,-0.033857280201253476
20.548000000000002,-0.1945251257960362
20.55,-0.05817963192294343
20.552,0.01391471773715881
20.554000000000002,0.00046980517493639697
20.556,0.01520587271249063
20.558,0.06795241062637505
20.56,0.10919245708373834
20.562,0.08658568040963807
20.564,0.16583596126576963
20.566,0.12994147366125922
20.568,0.002119534574958712
20.57,0.0034844814361955634
20.572,-0.04310423302127346
20.574,0.0029501606236491482
20.576,-0.10126201485397614
20.578,-0.05900947590699091
20.580000000000002,-0.027626732215970257
20.582,-0.06395188647496651
20.584,-0.08758761569732554
20.586000000000002,-0.017824917931696747
20.588,-0.07361008086217953
20.59,-0.03837212396659674
20.592,-0.08108544063697865
20.594,-0.11345204243760595
20.596,-0.1828841076820152
20.598,-0.12858698620315728
20.6,-0.07798188541764617
20.602,-0.10604088070080694
20.604,-0.08197800982353047
20.606,-0.12151347474421334
20.608,-0.03909596472603679
20.61,-0.0031634845332394884
20.612000000000002,-0.1318366744573445
20.614,-0.08680186063933466
20.616,-0.13435068298659564
20.618000000000002,-0.08083317781081675
20.62,-0.1751560615013416
20.622,-0.054002592460025034
20.624,0.02739697555840785
20.626,-0.027840509103745983
20.628,-0.01599749851517865
20.63,-0.07657461979800682
20.632,-0.13556180106211035
20.634,-0.12354848604383589
20.636,-0.017538241209577504
20.638,-0.12679827455751852
20.64,-0.0854108930688977
20.642,-0.05966206165088151
20.644000000000002,-0.07628236237568303
20.646,-0.05731013328918341
20.648,0.07892776382427891
20.650000000000002,-0.06440368488671672
20.652,-0.08317327681787923
20.654,-0.0770049572016854
20.656,-0.11188668167064622
20.658,-0.017935659195021533
20.66,-0.11310230019049065
20.662,-0.08356356486512506
20.664,-0.01673175034850352
20.666,0.03638331766776219
20.668,-0.06829785836870897
20.67,-0.014859614570770861
20.672,-0.022825126675819513
20.674,-0.12164998009593603
20.676000000000002,-0.08044444982465619
20.678,-0.09271064318161672
20.68,-0.060663522175658235
20.682000000000002,-0.06285640910686671
20.684,-0.01995065562765612
20.686,-0.02367304396011212
20.688,-0.040142991581836346
20.69,-0.08982182018652721
20.692,-0.11440387663291907
20.694,-0.07451228225669035
20.696,-0.06852404286388039
20.698,-0.08174158082689133
20.7,-0.11124761970117687
20.702,-0.10497763289485183
20.704,-0.03255166182229448
20.706,0.008666844165397654
20.708000000000002,-0.07214646074020965
20.71,-0.01949403176151491
20.712,-0.1291027379381997
20.714000000000002,-0.020140050284991204
20.716,-0.05789825740955777
20.718,-0.03754733416013158
20.72,-0.0877246127947724
20.722,-0.012694592383469303
20.724,-0.04861304037700623
20.726,-0.0681234269219534
20.728,-0.10458668719941784
20.73,-0.12843146332209604
20.732,-0.09298020813820626
20.734,-0.07799753215658371
20.736,-0.006638767665956807
20.738,-0.07882895975435235
20.740000000000002,-0.06416221879836168
20.742,-0.03197016998729885
20.744,0.021381191970283646
20.746,-0.021399930533159823
20.748,0.0171493470988439
20.75,0.009398795377633024
20.752,-0.03018080059640571
20.754,-0.017243162552749297
20.756,-0.12606568465382492
20.758,-0.058801661613136005
20.76,-0.00042797296916920885
20.762,0.0580311085684137
20.764,-0.08237507803257087
20.766000000000002,0.01877242968399289
20.768,-0.025338737296276767
20.77,-0.022360307606497605
20.772000000000002,-0.026130198487399843
20.774,-0.07733018724644539
20.776,0.0698872422320108
20.778,-0.09563942986393383
20.78,-0.03393589571663876
20.782,-0.05858504526045113
20.784,-0.022488614545516546
20.786,0.023850581754440842
20.788,-0.10035012027442752
20.79,-0.005148102834732056
20.792,-0.10099518459475729
20.794,-0.008634876195288986
20.796,-0.028407243697398613
20.798000000000002,-0.051660099003913613
20.8,-0.07848853430107204
20.802,-0.10233495527591654
20.804000000000002,0.01405900017079163
20.806,-0.022185583782444503
20.808,-0.03193608171210341
20.81,-0.04454736607039374
20.812,-0.08108279007414179
20.814,-0.024008066951313155
20.816,-0.0696203995298986
20.818,-0.0644384938736381
20.82,-0.10394420126126898
20.822,-0.09717452742664356
20.824,-0.08511464853876105
20.826,-0.05453497664916017
20.828,-0.02360937832298797
20.830000000000002,-0.04913701052310666
20.832,-0.09512824295507061
20.834,-0.06416587762059398
20.836000000000002,-0.037456887807222575
20.838,-0.06505022383830915
20.84,-0.06632674082080955
20.842,-0.03692007987151594
20.844,-0.11361985168919098
20.846,0.05450487899508266
20.848,0.004154782018849799
20.85,-0.12275598405466467
20.852,-0.06827090189539228
20.854,-0.054655391738881856
20.856,-0.10913664049204118
20.858,0.017364454135002733
20.86,-0.07995012964222573
20.862000000000002,-0.04805830238789616
20.864,-0.075547692566285
20.866,-0.08929085769361844
20.868000000000002,-0.13193934932728626
20.87,-0.012755578049846679
20.872,-0.011639473985184251
20.874,-0.12411619943462883
20.876,-0.02523406781336336
20.878,-0.0727103192326122
20.88,-0.044168776707931505
20.882,0.011523597540675903
20.884,-0.07394640899057253
20.886,-0.08646518798438714
20.888,-0.06503142520101363
20.89,-0.1276149902813643
20.892,-0.04853732829616541
20.894000000000002,-0.025609647286458967
20.896,-0.03186731607233639
20.898,-0.08155783018555436
20.900000000000002,-0.02860958529670748
20.902,-0.029721206792052045
20.904,-0.03411490704776855
20.906,-0.07367201632027731
20.908,-0.03467082154071757
20.91,-0.11140146734891362
20.912,0.01012204396246219
20.914,-0.021944700948787657
20.916,-0.014526942567546532
20.918,-0.07794097982636805
20.92,-0.06600004793604403
20.922,-0.04130086267078915
20.924,0.014402803891480541
20.926000000000002,0.05110989607520615
20.928,0.034597014455859366
20.93,-0.037637634444239176
20.932000000000002,-0.06548778909494998
20.934,0.04975591530673029
20.936,0.12466408176770266
20.938,0.09990600579860838
20.94,0.3373296386989315
20.942,0.33034557190888003
20.944,0.41768268761266014
20.946,0.5769987316788286
20.948,0.7498948818861809
20.95,0.7966511709227061
20.952,0.8849758614461585
20.954,0.8482283667823997
20.956,0.8832623414356403
20.958000000000002,0.9853239794355624
20.96,0.9700321815777669
20.962,1.07071700330252
20.964000000000002,1.055435939743513
20.966,1.0323359916369577
20.968,0.9850465960356246
20.97,0.8711816658881392
20.972,0.7507771180381859
20.974,0.8134772027374638
20.976,0.6170574752752198
20.978,0.49940907213177294
20.98,0.32351986707956193
20.982,0.3268489053683723
20.984,0.19852969334965836
20.986,0.07529772058012921
20.988,-0.06574487437508623
20.990000000000002,-0.10685296466149949
20.992,-0.1312647061969216
20.994,-0.22570427132750379
20.996,-0.18359111652642315
20.998,-0.23656141859070098
21.0,-0.2267799748837607
21.002,-0.23559611563781607
21.004,-0.1314706627418603
21.006,-0.1911199579302879
21.008,-0.14182642295392
21.01,-0.1597449075515851
21.012,-0.24953949674706827
21.014,-0.06937166338617734
21.016000000000002,-0.07603038543689994
21.018,-0.0599811293151015
21.02,-0.06314560790762996
21.022000000000002,-0.03522895467297068
21.024,-0.10295755940935133
21.026,-0.0043927915576094274
21.028,-0.032832669388882935
21.03,-0.05758744332809089
21.032,-0.02329446238151598
21.034,-0.05425757943999205
21.036,-0.055096393900933
21.038,-0.004207798904378557
21.04,-0.11587309013534586
21.042,-0.07673583051818636
21.044,0.0006777440905406809
21.046,0.01622934655380519
21.048000000000002,-0.031994700823897805
21.05,-0.01583496756082675
21.052,-0.07899742282021036
21.054000000000002,-0.04283801879175285
21.056,0.03424150122815271
21.058,0.013970809862246922
21.06,-0.07932515111976383
21.062,0.06454141879990594
21.064,-0.0688636922062115
21.066,0.0037549765195353073
21.068,0.022888140786160006
21.07,0.06881157346687787
21.072,0.035481231173326605
21.074,0.02636140644581377
21.076,-0.037015750174561435
21.078,0.027054244927125073
21.080000000000002,0.0016089987745300446
21.082,0.07514980145729029
21.084,0.06101081567285379
21.086000000000002,0.11534482197032617
21.088,0.10866603205524816
21.09,0.051192690800724326
21.092,0.09610386023523068
21.094,0.09794211506451085
21.096,0.0009309618803195682
21.098,0.03257151455701004
21.1,0.06276876708671422
21.102,0.029702350350481313
21.104,0.14176782824525486
21.106,0.18168140399629704
21.108,0.10231020495172971
21.11,0.017163136035000595
21.112000000000002,0.06978257425092975
21.114,0.040781125303420776
21.116,0.16014901274743615
21.118000000000002,0.12374240350814829
21.12,0.13375332111279026
21.122,0.1637869891318597
21.124,0.2162296764528316
21.126,0.106500469299092
21.128,0.20305641794810222
21.13,0.1951637724318258
21.132,0.07738918661605884
21.134,0.15615847941410227
21.136,0.1960353576560903
21.138,0.1855626495731328
21.14,0.18080987981868332
21.142,0.17155186174741555
21.144000000000002,0.21957442716553652
21.146,0.17579985241443447
21.148,0.18102052125645965
21.150000000000002,0.11319914750651507
21.152,0.16964065567923264
21.154,0.19602531509809698
21.156,0.22643395903912508
21.158,0.26843690439292206
21.16,0.1977658468698736
21.162,0.189145936540501
21.164,0.20742901745578865
21.166,0.21200800786348525
21.168,0.13564061157942742
21.17,0.1373976118328069
21.172,0.18132495257139397
21.174,0.1705179116936043
21.176000000000002,0.19481632573950514
21.178,0.14331743270240344
21.18,0.10845078323042016
21.182000000000002,0.16959100799607674
21.184,0.24091099357982637
21.186,0.15525296622218454
21.188,0.19327460415560532
21.19,0.0949613269268716
21.192,0.1931774968342006
21.194,0.16815429223956946
21.196,0.1627683489141964
21.198,0.1557692060368553
21.2,0.11431653580767484
21.202,0.15803642581791782
21.204,0.24799773285978605
21.206,0.19846977141068686
21.208000000000002,0.16531004344777198
21.21,0.23387607877817304
21.212,0.05800401860991708
21.214000000000002,0.13103517235531026
21.216,-0.02556548516359415
21.218,0.07258082928430926
21.22,0.07288653073047635
21.222,0.13785435331259208
21.224,0.15667448394954475
21.226,0.03049906041355617
21.228,0.043881931366167075
21.23,0.0710859656290404
21.232,0.06698461954229887
21.234,0.027721749201296428
21.236,0.032704467523373235
21.238,0.06862177507870165
21.240000000000002,0.09469174717786995
21.242,0.03060081623376481
21.244,0.08359572189682542
21.246000000000002,0.04896327191132539
21.248,-0.01699898106684848
21.25,-0.0019794554382544863
21.252,-0.0007980137171279926
21.254,0.002148709164414583
21.256,-0.026613893040902066
21.258,-0.03690969868605442
21.26,-0.02035378353549457
21.262,0.07496457194528876
21.264,0.06945234708065143
21.266000000000002,0.06574558879793879
21.268,0.02520543009533614
21.27,-0.010574616188444498
21.272000000000002,-0.04847004565990228
21.274,-0.022708175617377417
21.276,0.014514747259933295
21.278,-0.031195896326216208
21.28,-0.04424840732793788
21.282,0.10052568130122076
21.284,-0.03314193649099574
21.286,0.011653586558540074
21.288,0.012955384942531796
21.29,0.0569589038999802
21.292,-0.07658744146071667
21.294,-0.04840928320790143
21.296,-0.06464743509879847
21.298000000000002,-0.07643950629586546
21.3,-0.06855580100290821
21.302,0.1232674132650387
21.304000000000002,-0.04522007890727121
21.306,0.02533782197335331
21.308,0.0005421399583238028
21.31,0.03124788752696978
21.312,-0.022259447334352332
21.314,0.010068652640695473
21.316,0.02976399323701845
21.318,-0.02602145662956786
21.32,-0.060792004016807205
21.322,-0.043115593622083004
21.324,-0.10450951508126323
21.326,-0.04416801636074299
21.328,0.0034705300482620986
21.330000000000002,-0.02145498130889453
21.332,-0.07357220185931285
21.334,-0.10651587635402693
21.336000000000002,0.0025413190425582974
21.338,-0.10001419646337921
21.34,-0.029804457170163272
21.342,0.004886622361694223
21.344,-0.044927226383203345
21.346,-0.059234146859242526
21.348,0.06193571305319358
21.35,-0.0284691725196281
21.352,-0.04567658220358988
21.354,0.032582909822385916
21.356,-0.015565640905662044
21.358,-0.05962989355064992
21.36,-0.0006991470691731332
21.362000000000002,-0.037077660254734864
21.364,-0.0396293758328673
21.366,0.01026450669180401
21.368000000000002,0.04368340437534178
21.37,0.0395528345259097
21.372,0.03781202548308743
21.374,0.018405581035232044
21.376,0.026660038731277043
21.378,0.04545022066292284
21.38,-0.005774667861382858
21.382,0.04375482937263544
21.384,0.12140145750747011
21.386,0.07233166287022263
21.388,0.1187334955727687
21.39,0.150451509302825
21.392,0.1459317696403234
21.394000000000002,0.15239300464713543
21.396,0.10771319970965175
21.398,0.009613641089637984
21.400000000000002,0.07950129948239484
21.402,0.10820748043458935
21.404,0.06229979443060594
21.406,0.02119774738584776
21.408,0.07142173754389852
21.41,0.06565395990419007
21.412,-0.011818348510166653
21.414,0.0024615092940560683
21.416,-0.0245871379562608
21.418,-0.020419473114642775
21.42,0.036649591866304496
21.422,-0.02709862210611074
21.424,-0.028637866585848108
21.426000000000002,0.023326658524468896
21.428,-0.005948934599703661
21.43,-0.12034304821717895
21.432000000000002,-0.07467793956322628
21.434,-0.04220887453068798
21.436,-0.029081462209399153
21.438,-0.02998737090843253
21.44,-0.012087283589822953
21.442,0.039415449410002995
21.444,0.024458173809879406
21.446,-0.02905280335912569
21.448,0.004179963251096487
21.45,-0.04050244730124152
21.452,-0.014834479692782825
21.454,-0.030409242978267918
21.456,-0.059067444266200114
21.458000000000002,0.020000861156433413
21.46,-0.026425708897509767
21.462,0.00577024416681443
21.464000000000002,0.11929591125351204
21.466,0.03356616748872522
21.468,0.06844750541151426
21.47,-0.011579958946645716
21.472,-0.0002388891291003701
21.474,-0.07428079998728207
21.476,-0.014903662561416745
21.478,-0.028217036229312917
21.48,-0.009331271735968226
21.482,0.02877322758115801
21.484,-0.038798260683343064
21.486,0.032370107482573345
21.488,-0.030106093902581232
21.490000000000002,-0.022341400476598276
21.492,0.01103825952814022
21.494,-0.012318977694123514
21.496000000000002,-0.05846084127064673
21.498,-0.05325578791178838
21.5,-0.06910537511273637
21.502,0.0059954464589296284
21.504,0.007786960130955511
21.506,0.03358312577508661
21.508,-0.010080638577195836
21.51,0.05683803444081086
21.512,-0.005422435021019244
21.514,0.04354431061531043
21.516000000000002,0.004537880379676604
21.518,0.01766273465973546
21.52,0.03525423894975495
21.522000000000002,-0.0016967331607088236
21.524,0.011689844129759019
21.526,-0.009614486309569188
21.528,0.00488458945627919
21.53,-0.03834629485271433
21.532,0.10913963909535457
21.534,-0.029126077029389408
21.536,-0.03645336732464425
21.538,0.019141391952892495
21.54,0.023114748429214325
21.542,0.010740515039660347
21.544,-0.000673242324910707
21.546,0.032006223237704724
21.548000000000002,-0.023736965118023885
21.55,0.023875238985261393
21.552,0.07857974529797199
21.554000000000002,0.02224341375655261
21.556,0.026777198455278085
21.558,0.01114817810157348
21.56,0.05579982055416603
21.562,0.08268113441296777
21.564,0.03900536672187184
21.566,-0.00860692813693241
21.568,0.1208587116048509
21.57,0.041848669169838135
21.572,0.05204101153548976
21.574,-0.04387927533434671
21.576,0.042853735504134974
21.578,0.08664064661676985
21.580000000000002,0.07884216931929808
21.582,0.009995486243735613
21.584,0.1161688448413245
21.586000000000002,0.10073331151942932
21.588,0.06633620381352488
21.59,0.08072075639038048
21.592,0.03709074075592246
21.594,-0.04908617286581278
21.596,0.07723945046841157
21.598,0.09276778854058318
21.6,0.025004740914231535
21.602,-0.004181288789721148
21.604,0.05445778953707821
21.606,0.10805406186083126
21.608,0.08095615027958311
21.61,0.08294089314882887
21.612000000000002,0.05298096132555135
21.614,0.09055294821705354
21.616,-0.07238604273687374
21.618000000000002,-0.04015234234704457
21.62,0.019895035803222653
21.622,0.06337878795731974
21.624,0.0739386807613797
21.626,0.13450111640993773
21.628,0.05764155648068142
21.63,0.03786437625970348
21.632,0.07476949781935671
21.634,-0.008895072728523322
21.636,0.07549934860888723
21.638,0.015323116085355366
21.64,-0.0027574404292758474
21.642,0.007335973625138527
21.644000000000002,0.03727410610346046
21.646,-0.023624500576091112
21.648,0.02175785599937016
21.650000000000002,-0.010465157679772893
21.652,-0.008655973214928333
21.654,0.012369298901327565
21.656,-0.000988055761661985
21.658,-0.0033010771142267473
21.66,-0.03191747033285547
21.662,0.01758515964541121
21.664,-0.015131739824178987
21.666,0.001804745212685921
21.668,0.011928630878925713
21.67,0.027913907833768403
21.672,0.04720242469724525
21.674,0.019491115703021734
21.676000000000002,0.020702777982025394
21.678,-0.003638770518797029
21.68,0.08515177637921773
21.682000000000002,0.06870971515718302
21.684,-0.000804353716624219
21.686,0.035640015112367744
21.688,0.02107704393858542
21.69,0.04148837601925026
21.692,-0.010282994185856213
21.694,0.04442021872134491
21.696,-0.0014343388734884034
21.698,-0.013672519903146142
21.7,0.061769574039065286
21.702,0.10227031809479753
21.704,0.02701622223193348
21.706,0.10720973603787001
21.708000000000002,0.05084927655764802
21.71,0.06113932079551883
21.712,0.11551575314051479
21.714000000000002,0.22843054393852602
21.716,0.20509013430563983
21.718,0.28683853172931967
21.72,0.44925181342985754
21.722,0.5025361559111601
21.724,0.5294857912250164
21.726,0.7221932765810655
21.728,0.7666166807053096
21.73,0.8676111051505835
21.732,0.8751799304364072
21.734,1.0253442791296032
21.736,1.0550374660022355
21.738,1.137588967961631
21.740000000000002,1.0140638673726567
21.742,0.9678600173554848
21.744,0.9596820112643675
21.746000000000002,0.9813837380526909
21.748,0.8744189253468331
21.75,0.7725832224591979
21.752,0.7714522584815052
21.754,0.643249376080733
21.756,0.5556380458252899
21.758,0.4414545306944911
21.76,0.4973518464741121
21.762,0.1927284214915534
21.764,0.1841038143930215
21.766000000000002,0.11316608403027467
21.768,0.08546479740017748
21.77,-0.05449995239486692
21.772000000000002,-0.08018591870191683
21.774,-0.11222645884325849
21.776,-0.23442065195108502
21.778,-0.13447235297833063
21.78,-0.16065234696828612
21.782,-0.047852643630459143
21.784,-0.041889185693950844
21.786,-0.09616804870964676
21.788,-0.010217734934408376
21.79,-0.003591308093575725
21.792,-0.05167863445442818
21.794,-0.02469672711710548
21.796,-0.042915722322409394
21.798000000000002,0.05441945910901384
21.8,-0.050321289160287
21.802,-0.02462081212566905
21.804000000000002,-0.010029776953392834
21.806,0.025620753004283268
21.808,0.0903332792058543
21.81,0.12351520231456253
21.812,-0.005278668259885336
21.814,-0.011397688489563532
21.816,0.056160023407757984
21.818,0.13114970847173504
21.82,0.14288908301964773
21.822,0.16120358665515358
21.824,0.2601920482745159
21.826,0.2860264264764138
21.828,0.2738746169980125
21.830000000000002,0.22117276692936244
21.832,0.2852906436276168
21.834,0.15573504630245957
21.836000000000002,0.2605330303686339
21.838,0.14828560457290668
21.84,0.22686497071785455
21.842,0.13591946771420008
21.844,0.12543421602851207
21.846,0.1580909008693939
21.848,0.19246839161816787
21.85,0.16495174926119668
21.852,0.1383970756426703
21.854,0.12527393898508146
21.856,0.0022992919179142535
21.858,0.06052566997621482
21.86,0.059399460831636525
21.862000000000002,0.12307614611404595
21.864,0.15032065388406285
21.866,0.15400551930260406
21.868000000000002,0.17050369004755964
21.87,0.17499733097724918
21.872,0.14612581428078145
21.874,0.11006738943833354
21.876,0.05739646758483054
21.878,0.16695729471229123
21.88,0.1388257432473623
21.882,0.23066762444285954
21.884,0.19179235700881117
21.886,0.19947715587639578
21.888,0.217923526912942
21.89,0.18240591800245037
21.892,0.25659666214063315
21.894000000000002,0.28285075181834907
21.896,0.15798730804933425
21.898,0.2015588000391705
21.900000000000002,0.20031809974804332
21.902,0.2062213556189463
21.904,0.17934881141700487
21.906,0.22893088913179635
21.908,0.2557738239530368
21.91,0.230617444583007
21.912,0.26630108201305774
21.914,0.20475901201338956
21.916,0.2988531343552509
21.918,0.2530109105730889
21.92,0.27623685926394254
21.922,0.28244053915520734
21.924,0.2948765512795595
21.926000000000002,0.21430049461132777
21.928,0.2843523432089711
21.93,0.21651616403747231
21.932000000000002,0.23855296068262272
21.934,0.2700300713430467
21.936,0.2771222493889445
21.938,0.14960455324163702
21.94,0.21785368990973206
21.942,0.24263484698555263
21.944,0.23470767828672576
21.946,0.3181095104294023
21.948,0.32242097578428897
21.95,0.29137501588933795
21.952,0.30152007720220664
21.954,0.2740753475794741
21.956,0.30377261737694056
21.958000000000002,0.24010895362211607
21.96,0.3517799288377223
21.962,0.2834299250526216
21.964000000000002,0.21519660822192974
21.966,0.27463575294662296
21.968,0.251617576377636
21.97,0.2653929740861368
21.972,0.22486643241944132
21.974,0.22480444838752875
21.976,0.20098220226840682
21.978,0.26545421586424817
21.98,0.2433699138102559
21.982,0.218804830028755
21.984,0.31772948069678314
21.986,0.28661674950283295
21.988,0.2200534246933843
21.990000000000002,0.16326564647432662
21.992,0.18922072884065405
21.994,0.13300282878956
21.996000000000002,0.2290534591239179
21.998,0.26815979970570925
22.0,0.24654187294235685
22.002,0.22646963742563178
22.004,0.2449786048626961
22.006,0.27881318652268655
22.008,0.15901715825838805
22.01,0.17760152185586514
22.012,0.098389854232974
22.014,0.14472644737967677
22.016000000000002,0.13300740631399588
22.018,0.25877616045036633
22.02,0.2936269560280736
22.022000000000002,0.2339235511991556
22.024,0.22421850707390184
22.026,0.17780363261119878
22.028,0.25021601800252746
22.03,0.1572905705340268
22.032,0.21379387692436627
22.034,0.1413149155832603
22.036,0.1485721364661944
22.038,0.18340405961796738
22.04,0.13341132550239965
22.042,0.18340397416418827
22.044,0.17189127142230362
22.046,0.18860369348346523
22.048000000000002,0.15356435883929342
22.05,0.1677546165517544
22.052,0.06878595718312608
22.054000000000002,0.1016728570423722
22.056,0.16478388859260074
22.058,0.16890445878106558
22.06,0.0961600475162074
22.062,0.18542918498008992
22.064,0.09859003408994071
22.066,0.07605255926296903
22.068,0.09809384985354058
22.07,0.11439334651166956
22.072,0.04726074771444597
22.074,0.12239836047228969
22.076,0.06041355165983356
22.078,0.12388774006152216
22.080000000000002,0.12228763034144521
22.082,0.14165373057130676
22.084,0.057548379346778096
22.086000000000002,0.11904462996263558
22.088,0.12276652493920504
22.09,0.062017751219308546
22.092,0.1234752495260564
22.094,0.08464508526071528
22.096,0.014845994760440719
22.098,0.11399160366885384
22.1,0.023687399819309313
22.102,0.03995251271231113
22.104,0.0802739451228622
22.106,0.1063356686192199
22.108,0.0692622238235189
22.11,0.006755490296077041
22.112000000000002,0.03744477954328326
22.114,-0.00848800364659942
22.116,0.04917996404815732
22.118000000000002,0.14486042706071464
22.12,0.1403171124074566
22.122,0.09082608119152702
22.124,0.09940669078716069
22.126,0.15560782008547097
22.128,0.15756553974744544
22.13,0.031311166486686595
22.132,0.062016965261201026
22.134,0.12529931314058057
22.136,0.05929147998271018
22.138,0.13625070323268648
22.14,0.03756577405526745
22.142,0.11058418257371212
22.144000000000002,0.10286171946869793
22.146,0.1413141661553957
22.148,0.0903219972520336
22.150000000000002,0.13972596973905677
22.152,0.1489954223460673
22.154,0.06998098871433524
22.156,0.0838152113549803
22.158,0.09397596379731543
22.16,0.19144454025569285
22.162,0.11622949830002202
22.164,0.08976237709928012
22.166,0.0982213247255658
22.168,0.10749090258755913
22.17,0.14538793624840457
22.172,0.09852443800946972
22.174,0.01754726841650498
22.176000000000002,0.10599143369091689
22.178,0.11553861248282013
22.18,0.14956613071567573
22.182000000000002,0.07651169926537754
22.184,0.13724581700489477
22.186,0.158683749887308
22.188,0.11834661896986043
22.19,0.04085426548411882
22.192,0.019902024261262655
22.194,0.07084604868099464
22.196,0.09774724172582881
22.198,0.06536755882222373
22.2,0.15980217933951013
22.202,0.1301693240257772
22.204,0.11759732089608117
22.206,0.07334749665438448
22.208000000000002,0.13977813845355558
22.21,0.062475601283239035
22.212,0.07287703868571724
22.214000000000002,0.20523009123612418
22.216,0.09037403075746359
22.218,0.11478508240253256
22.22,0.1762325197982563
22.222,0.17968741048582879
22.224,0.20660284863503567
22.226,0.1901492782785367
22.228,0.20800083444043307
22.23,0.30464528800110297
22.232,0.23568445644513986
22.234,0.19625875336727722
22.236,0.26768393809872626
22.238,0.23634835410331417
22.240000000000002,0.15915138272131918
22.242,0.11408375230110566
22.244,0.27419961678172244
22.246000000000002,0.16321516928351695
22.248,0.10548684657774149
22.25,0.18210872506374198
22.252,0.009196060626270375
22.254,0.09185351546604745
22.256,0.10882998916743059
22.258,0.12976260494094338
22.26,0.07139079016415027
22.262,0.07349986784263295
22.264,0.05231075812106123
22.266000000000002,0.0706138858611694
22.268,0.07090903703360582
22.27,0.038791231261249365
22.272000000000002,0.0987593732087286
22.274,0.11477419015493692
22.276,0.09719806832826165
22.278,0.09157647150584812
22.28,0.06261118183543599
22.282,0.13063024836916548
22.284,0.10615706519068518
22.286,0.06728383776745414
22.288,0.1949225934357514
22.29,0.11519878909997348
22.292,0.15737463222915463
22.294,0.105423450781232
22.296,0.05053271303453265
22.298000000000002,0.047277373973554054
22.3,0.08322899019670946
22.302,0.1512021059555769
22.304000000000002,0.1662042021278058
22.306,0.08774066162851052
22.308,0.1410662196559906
22.31,0.09751783206214906
22.312,0.03602129942109012
22.314,0.11998318038633246
22.316,0.10767530332705541
22.318,0.03379043417943781
22.32,0.06985830166185059
22.322,0.05960345851356756
22.324,0.1716838334228848
22.326,0.14692663915211107
22.328,0.043936190448157206
22.330000000000002,0.07974079088434041
22.332,0.12823770249254732
22.334,0.13970286251392205
22.336000000000002,0.09510243113339693
22.338,0.057868877238223586
22.34,0.13086913487741533
22.342,0.10027062028977116
22.344,0.0821172760020846
22.346,0.06293617283994607
22.348,0.15494331553115784
22.35,0.08476057786254013
22.352,0.11329032199611785
22.354,0.10441182181299823
22.356,0.021606267179802824
22.358,0.12712402455561295
22.36,0.1496054800199686
22.362000000000002,0.10247112862023992
22.364,0.19550912901050627
22.366,0.0645498125703817
22.368000000000002,0.11561822736610498
22.37,0.23786624588798455
22.372,0.16713782861692839
22.374,0.0665298885576883
22.376,0.06654276992522812
22.378,0.15154743364454476
22.38,0.20639857728741368
22.382,0.10171129661002348
22.384,0.11565679922961651
22.386,0.1586767197588257
22.388,0.068932406513439
22.39,0.054078930315693025
22.392,0.0462840494359885
22.394000000000002,0.08774423330684558
22.396,0.2004323425421186
22.398,0.14059699574612305
22.400000000000002,0.09699457813143027
22.402,0.14747571667891962
22.404,0.19415514885268859
22.406,0.17600162134788813
22.408,0.16118309203545084
22.41,0.15556921847635655
22.412,0.1557881510182407
22.414,0.20389922881593556
22.416,0.16834394106433778
22.418,0.08913141448489034
22.42,0.106176156232577
22.422,0.15056554490662663
22.424,0.16303855328286823
22.426000000000002,0.2643220350548807
22.428,0.15298177242981267
22.43,0.08030425772230831
22.432000000000002,0.09288195906421756
22.434,0.13816859104926202
22.436,0.15712146739143368
22.438,0.12079228537744485
22.44,0.17735991425616787
22.442,0.16538065640399227
22.444,0.11906323051821882
22.446,0.20230277028483123
22.448,0.13149090651990222
22.45,0.059029650173102785
22.452,0.15505121976237074
22.454,0.12723372249747436
22.456,0.06746505028065908
22.458000000000002,0.177216853208815
22.46,0.15633716806246778
22.462,0.13514616632057092
22.464000000000002,0.10218825159966509
22.466,0.2571545650965441
22.468,0.1780375758238569
22.47,-0.01331060714927415
22.472,0.15397686845936104
22.474,0.0969091994523743
22.476,0.1493662078796266
22.478,0.038328220191129345
22.48,0.14733310665164356
22.482,0.16871245970659118
22.484,0.1794807253654872
22.486,0.24021233632696012
22.488,0.12717584402690263
22.490000000000002,0.16819062668217077
22.492,0.20547219047924467
22.494,0.16083964626118052
22.496000000000002,0.39136874364730523
22.498,0.4902700144961923
22.5,0.4830070153131672
22.502,0.6534643737338683
22.504,0.6798402582494599
22.506,0.7654219261621821
22.508,0.8743320704478852
22.51,0.9431490115085309
22.512,0.991294627150513
22.514,1.0304795203606116
22.516000000000002,1.1070483239782716
22.518,1.192154402539202
22.52,1.156381065414408
22.522000000000002,1.1084185266056812
22.524,1.0603075762067231
22.526,1.0706183978879127
22.528,0.9754609083949545
22.53,0.8538557589099403
22.532,0.7044044073439656
22.534,0.6238362195707448
22.536,0.641819829950028
22.538,0.4985617082132398
22.54,0.43400212063857013
22.542,0.3963941141374322
22.544,0.22381406718866262
22.546,0.13185548194335905
22.548000000000002,0.12593088932004542
22.55,0.0686916148115638
22.552,-0.03719983178142848
22.554000000000002,-0.08093797265749153
22.556,-0.05659531465967523
22.558,-0.05955396394482003
22.56,-0.10021447822944365
22.562,0.0037926766306208715
22.564,0.011606280178586155
22.566,-0.01998937571109579
22.568,0.08869567147339916
22.57,0.10669305407374047
22.572,0.05775144709552016
22.574,0.08411737377722873
22.576,0.04737084490027126
22.578,0.12299095406191522
22.580000000000002,0.14419065011721566
22.582,0.1526726833547533
22.584,0.07298198174137359
22.586000000000002,0.14261693998370797
22.588,0.1212288242142141
22.59,0.09131318823159149
22.592,0.10293980803772697
22.594,0.09762026352967383
22.596,0.09862869842065221
22.598,0.1473093472749084
22.6,0.044631916946701725
22.602,0.07897538583248134
22.604,0.25822718877068906
22.606,0.19822913171043677
22.608,0.20306823501818888
22.61,0.2143537947256384
22.612000000000002,0.15421360932063397
22.614,0.19428677857013324
22.616,0.06779218807338429
22.618000000000002,0.20099551506022179
22.62,0.14283112890170688
22.622,0.10919325761020493
22.624,0.18842909742096373
22.626,0.14481547289858993
22.628,0.16624997079254927
22.63,0.1260334358907129
22.632,0.19867003379799697
22.634,0.3165259595784849
22.636,0.27653525445064975
22.638,0.33025128460443653
22.64,0.3628264151196566
22.642,0.3528588372652984
22.644000000000002,0.2612683394054807
22.646,0.4542145934797446
22.648,0.3446571594623034
22.650000000000002,0.39724809889688206
22.652,0.3838662105538086
22.654,0.32796439991027904
22.656,0.33815495381996413
22.658,0.36414300062855337
22.66,0.2528581795722241
22.662,0.3535610479426179
22.664,0.34802683357293784
22.666,0.27680394717353984
22.668,0.268643691507577
22.67,0.2970607353706661
22.672,0.27564610236157905
22.674,0.21791420645753742
22.676000000000002,0.25531849206494933
22.678,0.21590485899606626
22.68,0.21782440880327575
22.682000000000002,0.3641132387972097
22.684,0.2617708777976117
22.686,0.24820975241213694
22.688,0.2507607559737972
22.69,0.1992866811550639
22.692,0.1949077055251756
22.694,0.2513951328842276
22.696,0.33268201365494976
22.698,0.32791218600524175
22.7,0.30029880715942703
22.702,0.36048256899825293
22.704,0.36696859221942546
22.706,0.4061076534059319
22.708000000000002,0.33738951652330684
22.71,0.22726437450142292
22.712,0.2525921693726756
22.714000000000002,0.34191150632641004
22.716,0.3215262576093908
22.718,0.35649885409250465
22.72,0.2810888470325465
22.722,0.35574786046305756
22.724,0.3775880254544261
22.726,0.3482321822645391
22.728,0.4101612255755388
22.73,0.2382034991311837
22.732,0.2822468343797569
22.734,0.23715884091657602
22.736,0.34606694775467106
22.738,0.34744861506142427
22.740000000000002,0.3172478824979862
22.742,0.3338811868799686
22.744,0.2684503080886941
22.746000000000002,0.2925692438069369
22.748,0.3255397431605732
22.75,0.22019340757523048
22.752,0.24016987206406362
22.754,0.24451261980596112
22.756,0.3411458052693572
22.758,0.25043765179570354
22.76,0.2892340722710545
22.762,0.3061302266278846
22.764,0.29268205246314505
22.766000000000002,0.30447019617890003
22.768,0.23615821729098324
22.77,0.2886328847376109
22.772000000000002,0.25979111209182865
22.774,0.2815969149220547
22.776,0.28336019086501485
22.778000000000002,0.2316920334361404
22.78,0.24979086006600457
22.782,0.3200648237561683
22.784,0.18489042679544
22.786,0.24272406064028162
22.788,0.22115826583695997
22.79,0.27342195012321213
22.792,0.23875894937970416
22.794,0.2745866061740585
22.796,0.1521986373652851
22.798000000000002,0.17145049568663834
22.8,0.22073519892392135
22.802,0.25322933310276097
22.804000000000002,0.2191207491009752
22.806,0.19879133359754728
22.808,0.16028691642593404
22.81,0.24749828779605487
22.812,0.11700512027846541
22.814,0.22082506188103498
22.816,0.16285624595470585
22.818,0.1301069224094506
22.82,0.045985314719110854
22.822,0.16379367790019295
22.824,0.19150242674527002
22.826,0.18689212559142693
22.828,0.22811293539846672
22.830000000000002,0.10879652842992053
22.832,0.16268003610535958
22.834,0.1616352597085814
22.836000000000002,0.1659832434469846
22.838,0.137269874088831
22.84,0.2070251162693468
22.842,0.24920377273645275
22.844,0.14023272134109166
22.846,0.15328946169782495
22.848,0.15389054998971155
22.85,0.18714870918662388
22.852,0.10274268897203992
22.854,0.19697423718784612
22.856,0.18137344178595563
22.858,0.2609750175872341
22.86,0.22685318064965418
22.862000000000002,0.2552846761645424
22.864,0.2320658378672416
22.866,0.19591668608243812
22.868000000000002,0.14612432905357786
22.87,0.18530432410510522
22.872,0.14278713865129916
22.874,0.1340550257803071
22.876,0.2197631188445744
22.878,0.1497854085326627
22.88,0.16817977106070894
22.882,0.21157222704324757
22.884,0.18980379364844543
22.886,0.1545646919604933
22.888,0.17480648441646274
22.89,0.07587888732750235
22.892,0.15834115494861306
22.894000000000002,0.12373263410320223
22.896,0.10125851602515408
22.898,0.08609030014213272
22.900000000000002,0.1427201783728575
22.902,0.15476105675877122
22.904,0.10264856066779024
22.906,0.11734646676298013
22.908,0.1261361711256022
22.91,0.1452438747514307
22.912,0.20660223109367565
22.914,0.09469643568021119
22.916,0.05537273559357344
22.918,0.16217787716037146
22.92,0.1651000605664948
22.922,0.1529282951907588
22.924,0.15420032202560074
22.926000000000002,0.1384166028831207
22.928,0.13128952410016773
22.93,0.08446599589683501
22.932000000000002,0.14168754018329863
22.934,0.001620892485783107
22.936,0.04412523450946358
22.938,0.1255423699622779
22.94,0.17371871281912224
22.942,0.1393829253405405
22.944,0.05684003379266997
22.946,0.03836892893416109
22.948,0.09655399526828226
22.95,0.1258334396010846
22.952,0.06487454127570974
22.954,0.14390626802075562
22.956,0.1476630596969804
22.958000000000002,0.09620435526746092
22.96,0.09339051403794124
22.962,0.20282696437330053
22.964000000000002,0.21833231843661144
22.966,0.18533300801909403
22.968,0.09154428530852554
22.97,0.20722349088045489
22.972,0.1350699830505842
22.974,0.009059546440513155
22.976,0.14383090429447482
22.978,0.15643395273119806
22.98,0.1291557588140237
22.982,0.11355633127743806
22.984,0.08917830276880914
22.986,0.15505660828514936
22.988,0.09749194132720806
22.990000000000002,0.12788456134536066
22.992,0.08141657178168465
22.994,0.2249165863114252
22.996000000000002,0.11982294312244003
22.998,0.0026411558403606067
23.0,0.12951105636152488
23.002,0.10249856902854314
23.004,0.05900126248284328
23.006,0.17339610727152838
23.008,0.09924200741073572
23.01,0.11436456869488779
23.012,0.11723695301297529
23.014,0.032475462991105514
23.016000000000002,0.09778660862354122
23.018,0.16914629507684587
23.02,0.18563053340468588
23.022000000000002,0.09116964597640817
23.024,0.17003040858279375
23.026,0.15796425810497094
23.028000000000002,0.05833583273377775
23.03,0.21662169878615922
23.032,0.10169374287417096
23.034,0.1341243452950711
23.036,0.16396478930672503
23.038,0.18482975852611805
23.04,0.08977972192684788
23.042,0.0553384681446603
23.044,0.11117636290343738
23.046,0.06319813860711723
23.048000000000002,0.19762989665203845
23.05,0.08869757985119223
23.052,0.07786956492016595
23.054000000000002,0.12281637308457588
23.056,0.15973579986161446
23.058,0.17520388663454464
23.06,0.1815361090662661
23.062,0.2105152183001473
23.064,0.18952500813673429
23.066,0.31127491469022023
23.068,0.14831922117732094
23.07,0.1446922634365786
23.072,0.3670471789180256
23.074,0.25493600400403693
23.076,0.25915157448405274
23.078,0.2533863438027859
23.080000000000002,0.24152829920684363
23.082,0.23181345299655187
23.084,0.21012169078235818
23.086000000000002,0.22034336811414756
23.088,0.14621078277686064
23.09,0.16156590217429884
23.092,0.12752881538291813
23.094,0.11034326893755202
23.096,0.028615602493434325
23.098,0.06242343418107136
23.1,0.07503198085209153
23.102,0.1255647269331727
23.104,0.11241818662668121
23.106,0.18456527847548387
23.108,0.06495138818816643
23.11,0.07965474637556279
23.112000000000002,-0.013305860850779144
23.114,0.112926360144703
23.116,0.07284139828853607
23.118000000000002,0.005757644807737189
23.12,0.0518939072498858
23.122,0.05807585429443985
23.124,0.1816682455374015
23.126,0.1652619383607584
23.128,0.07058188909552429
23.13,0.06612018983102536
23.132,0.13289885109933558
23.134,0.11090288972513225
23.136,0.1349004701297584
23.138,0.1518380870831419
23.14,0.03813545257153442
23.142,0.14453472818148638
23.144000000000002,0.21165186370495115
23.146,0.08798336292829617
23.148,0.0831817122442752
23.150000000000002,0.11526244687053566
23.152,0.08725935595810355
23.154,0.03163021568044627
23.156,0.0891879340005369
23.158,0.1077485971191368
23.16,0.11105554444544385
23.162,0.11074475214501975
23.164,0.13740053124462284
23.166,0.12307012177473943
23.168,0.1447501404857354
23.17,0.16602988699520096
23.172,0.11025020963210107
23.174,0.0854610944699057
23.176000000000002,0.10826565325571877
23.178,0.06278640257876755
23.18,0.034306132263095396
23.182000000000002,0.17978986773219544
23.184,0.25761859123943565
23.186,0.10146279070986211
23.188,0.13663164231365724
23.19,0.12522807628121777
23.192,0.10439609975513804
23.194,0.10080531998813581
23.196,-0.0032212417681340283
23.198,0.08219051787195109
23.2,0.15158452876766654
23.202,0.11154851536245537
23.204,0.16937016741060146
23.206,0.1364931825444826
23.208000000000002,0.1146714042690773
23.21,0.17579803521067267
23.212,0.059575394412474766
23.214000000000002,0.05760142631531613
23.216,0.15931394181139802
23.218,0.09087805699017834
23.22,0.10560738922290816
23.222,0.13421435554872344
23.224,0.07750478939353342
23.226,0.19993268223645996
23.228,0.18868882453506705
23.23,0.1521904172581991
23.232,0.08739775114690056
23.234,0.13500438261468845
23.236,0.11498428690730635
23.238,0.0802650121612632
23.240000000000002,0.1532377176386448
23.242,0.19357785741706138
23.244,0.17246490477427678
23.246000000000002,0.15064396011390271
23.248,0.07394720965966144
23.25,0.1109602292569745
23.252,0.13026213262680048
23.254,0.1118262684916812
23.256,0.1783013908884255
23.258,0.14295998033964055
23.26,0.15927882381080913
23.262,0.11864609589480468
23.264,0.11444723533116935
23.266000000000002,0.1985511620360208
23.268,0.21768060379524296
23.27,0.3102367727310992
23.272000000000002,0.2683182575390719
23.274,0.30683022338826277
23.276,0.38342160096656364
23.278000000000002,0.3799634606867822
23.28,0.5833930427043235
23.282,0.7025499321178563
23.284,0.8566232386088897
23.286,0.9560101319891012
23.288,0.913319962637914
23.29,1.0088835806238357
23.292,0.9667169498985113
23.294,1.0633847602222497
23.296,1.1373620142745198
23.298000000000002,1.130811751044359
23.3,1.107023377377878
23.302,1.0684050843244852
23.304000000000002,1.1289155538673805
23.306,1.0523245636744074
23.308,0.9109912079565278
23.31,0.8275347234272691
23.312,0.74033636484287
23.314,0.6208421547821132
23.316,0.46351829939075617
23.318,0.4034775777697547
23.32,0.4673983704292454
23.322,0.24141182792231308
23.324,0.2612478316563219
23.326,0.12953838254750946
23.328,0.04966953707680903
23.330000000000002,-0.08568802448866732
23.332,-0.02328615298979852
23.334,-0.01237409599641165
23.336000000000002,-0.08105516759251011
23.338,-0.07081890856568317
23.34,-0.056222990248817835
23.342,-0.06488292278512121
23.344,-0.06063122832577237
23.346,0.04600539179210306
23.348,0.031042625265585325
23.35,0.09542243039279275
23.352,0.07701992389826812
23.354,0.05256877565104523
23.356,0.09783134497323327
23.358,0.07740399999130321
23.36,0.12304886235695857
23.362000000000002,0.13200823906077871
23.364,0.17003687457286312
23.366,0.09481578183087389
23.368000000000002,0.1755241919912103
23.37,0.17355444082394744
23.372,0.028879973669290446
23.374,0.04121063992300035
23.376,0.0397236086157539
23.378,0.09380928905940711
23.38,0.06304047076808189
23.382,0.1589003156393526
23.384,0.10811576258516592
23.386,0.1744187038508965
23.388,0.1286188631159636
23.39,0.18875593521527115
23.392,0.14486689029367833
23.394000000000002,0.10661142389983654
23.396,0.13534058503048077
23.398,0.106060060026348
23.400000000000002,0.18413051410784026
23.402,0.1685853492134981
23.404,0.16464924828501012
23.406,0.21906484123012818
23.408,0.2015539190893467
23.41,0.09749335308988932
23.412,0.15853378381610228
23.414,0.14711914556467676
23.416,0.10829176961320142
23.418,0.20946199349064734
23.42,0.14710014648395156
23.422,0.20553542364318428
23.424,0.1869247103506802
23.426000000000002,0.20718851901372182
23.428,0.16470311785157232
23.43,0.15359308497717533
23.432000000000002,0.22234694305515984
23.434,0.17729077710794763
23.436,0.18864729291909893
23.438,0.21273173240837728
23.44,0.18077081449027338
23.442,0.21318455796338415
23.444,0.33508486280684824
23.446,0.25594360977760133
23.448,0.2000122926646756
23.45,0.21330318655154096
23.452,0.2208804778438084
23.454,0.28930450072222624
23.456,0.22759124886299198
23.458000000000002,0.2977497375003873
23.46,0.24004128769962432
23.462,0.21903581106677783
23.464000000000002,0.25399486079134836
23.466,0.308718892242888
23.468,0.2587537316451141
23.47,0.26068824647521627
23.472,0.16041424419309647
23.474,0.1825308842936304
23.476,0.14112106681575542
23.478,0.2756802076536752
23.48,0.2546821396106892
23.482,0.3270347589532218
23.484,0.22436419549621633
23.486,0.2682613177234666
23.488,0.3472733289029527
23.490000000000002,0.4346122495618062
23.492,0.3881278132297153
23.494,0.33787615362728923
23.496000000000002,0.39675199915660025
23.498,0.38133352193636755
23.5,0.4796556974867794
23.502,0.46189997637233854
23.504,0.4416214624904577
23.506,0.3849144338607813
23.508,0.432389403921749
23.51,0.32701322368919217
23.512,0.4050934319342535
23.514,0.255026931337925
23.516000000000002,0.27620702443715284
23.518,0.26424243207344067
23.52,0.27599792607974905
23.522000000000002,0.2382798093428217
23.524,0.22687876593247483
23.526,0.2114398622165399
23.528000000000002,0.21385088525765897
23.53,0.21629206648833246
23.532,0.20276402611644925
23.534,0.20431504822734042
23.536,0.15383338342251252
23.538,0.16598426918045653
23.54,0.27111992402623203
23.542,0.24032393600963678
23.544,0.27696575313537836
23.546,0.2556921535292531
23.548000000000002,0.2378194724964523
23.55,0.19135921450487967
23.552,0.18515944685806263
23.554000000000002,0.21391471762356873
23.556,0.1813287603843893
23.558,0.20466543759499467
23.56,0.10259529982610326
23.562,0.1634762739006222
23.564,0.16933420322362724
23.566,0.10179500963069524
23.568,0.21375023885899103
23.57,0.2096571384345563
23.572,0.13064661405625333
23.574,0.16473552098031777
23.576,0.12301646605315393
23.578,0.07029631864894546
23.580000000000002,0.14289722841253208
23.582,0.16038080186838483
23.584,0.1973521317917185
23.586000000000002,0.1398925047981063
23.588,0.17525394783735268
23.59,0.12104042425741776
23.592,0.15244902381243314
23.594,0.05840189364570698
23.596,0.18493204519641226
23.598,0.16251391254140138
23.6,0.1426585160950546
23.602,0.11704101976499649
23.604,0.10027353477819877
23.606,0.10583517345228344
23.608,0.05420507454932846
23.61,0.07646332895282745
23.612000000000002,0.04042621849977777
23.614,0.12039956963123366
23.616,0.07366240468290783
23.618000000000002,0.07176916374410718
23.62,0.13115915455275562
23.622,0.20801160154577844
23.624,0.037295714959865556
23.626,0.09897385096863939
23.628,0.08542115615287388
23.63,0.06449206221859709
23.632,0.14729586687996746
23.634,0.05160122529459475
23.636,0.11939599319942718
23.638,0.05382315339223488
23.64,0.0884423771218037
23.642,0.16400797424790006
23.644000000000002,0.10297482166985414
23.646,0.08834030112998005
23.648,0.02988052291594743
23.650000000000002,0.08138956200593686
23.652,0.13099054526533915
23.654,0.06586594548934559
23.656,0.10765537519952778
23.658,0.009487185018414494
23.66,0.06826823058017936
23.662,0.15766819118949302
23.664,0.06616314170674753
23.666,0.15873656610456566
23.668,0.05940881392392122
23.67,0.028548230351040663
23.672,0.1070228816924298
23.674,0.09869012286995178
23.676000000000002,0.08593829814371393
23.678,0.047603533018383284
23.68,0.0934060059018835
23.682000000000002,0.09815915596357626
23.684,0.051732525268458625
23.686,0.021667972143521994
23.688,0.11350734020866134
23.69,0.08323318781245913
23.692,0.044355302937104914
23.694,0.007455031672603592
23.696,0.01923533457059385
23.698,0.08619626216007764
23.7,0.08003220199540753
23.702,0.08529755346934088
23.704,0.13790867224626324
23.706,0.12605808384562142
23.708000000000002,0.09073954803399999
23.71,0.07784422825116359
23.712,0.1576447085349959
23.714000000000002,0.13226965014680084
23.716,0.011022506609160244
23.718,0.13079470950746747
23.72,0.06791514167976717
23.722,0.04433408834577584
23.724,0.0814563503610089
23.726,0.06616079687467695
23.728,0.07947212049744107
23.73,-0.008100971117812036
23.732,0.0508146005002156
23.734,0.13677480726903035
23.736,-0.048238804583118
23.738,0.07996057469549779
23.740000000000002,0.034963997448416925
23.742,0.08271645110342668
23.744,0.013800675016876096
23.746000000000002,0.06690777460341557
23.748,0.06618037796912053
23.75,0.06426601842317956
23.752,0.047926547561788595
23.754,0.09645247077849803
23.756,0.053802934926343
23.758,0.07911900779145983
23.76,0.0442100140256588
23.762,-0.017913883188073784
23.764,0.06049960620974883
23.766000000000002,0.1260488603236576
23.768,0.07278951578453288
23.77,0.012426748206071935
23.772000000000002,0.016749769088629386
23.774,0.03772837700285161
23.776,0.10877195230318615
23.778000000000002,0.027730007007950603
23.78,0.04665860673926339
23.782,0.18274457797832544
23.784,0.10255351094613949
23.786,0.058788806951431974
23.788,0.10503768824118379
23.79,0.080811823921075
23.792,0.06398146831029451
23.794,0.06203522116491848
23.796,-0.02896380961434689
23.798000000000002,0.006627677319009553
23.8,0.04230958193465978
23.802,0.007063111474679605
23.804000000000002,0.0464270598372374
23.806,0.10817818124001068
23.808,-0.038419706001565794
23.81,-0.003093828597612907
23.812,-0.00758544132974192
23.814,0.10764612837661998
23.816,0.11716426914973171
23.818,-0.00859187242641481
23.82,0.008487468044709946
23.822,0.07001801720643018
23.824,0.10031539082464551
23.826,0.0774465881039034
23.828,-0.011112350434700269
23.830000000000002,0.05181675201673251
23.832,0.06315022996194929
23.834,-0.11864993709966204
23.836000000000002,-0.016882373296232142
23.838,0.04864824482810411
23.84,0.08843741215853335
23.842,0.038840819795103926
23.844,0.03356970106500333
23.846,0.023649476738978076
23.848,0.08875967328190261
23.85,0.0045579698718106985
23.852,-0.0669047748956174
23.854,-0.00851549163035379
23.856,-0.01895481522267113
23.858,0.06837357829344835
23.86,0.009276306890503381
23.862000000000002,-0.020818868603108748
23.864,0.035073379388914375
23.866,0.01796769650921904
23.868000000000002,0.024266646091729262
23.87,0.023409459539767564
23.872,-0.025743478228222504
23.874,0.0698067233132367
23.876,0.00997566736253801
23.878,-0.06981033035583727
23.88,0.0015609870149826122
23.882,0.10221974971376369
23.884,0.06750542401172335
23.886,-0.002676671001673646
23.888,-0.008672491765179067
23.89,0.017788217153497328
23.892,0.09596513110330396
23.894000000000002,-0.0011360511916323236
23.896,0.02105675862025628
23.898,-0.10235245316953379
23.900000000000002,-0.01972899584034199
23.902,0.05452209895955905
23.904,0.006324850785532679
23.906,0.003932424011551285
23.908,0.031946224752582394
23.91,0.039176146809765125
23.912,0.016206946909151136
23.914,0.046382627736822724
23.916,0.05732900298113654
23.918,0.1318500790089186
23.92,0.11761607408173445
23.922,0.12444090834931473
23.924,0.12292993712087545
23.926000000000002,0.11502160193374543
23.928,0.18138887843828072
23.93,0.16561609524258414
23.932000000000002,0.15631616000679627
23.934,0.04803689315184247
23.936,0.11878475990672627
23.938,0.13461842249580463
23.94,0.020121323886204516
23.942,0.03237002934414672
23.944,0.04887000034553711
23.946,-0.011699745465485238
23.948,0.04943160877935981
23.95,0.020240761411032787
23.952,0.09318139514077688
23.954,0.05653487644035908
23.956,0.03259498942341724
23.958000000000002,-0.03687975281897641
23.96,0.02435179852195303
23.962,-0.046464142898281345
23.964000000000002,0.01257612364335611
23.966,0.012191758120192991
23.968,0.08853001492054245
23.97,0.004136324555479739
23.972,0.012436753304841647
23.974,0.004899579756532605
23.976,0.06060227316681229
23.978,0.03819621515566288
23.98,0.071405398817419
23.982,0.038963270675438595
23.984,0.03898488155220549
23.986,0.012452627784392822
23.988,0.06975097117354176
23.990000000000002,0.018483942773919928
23.992,-0.10163865815713277
23.994,-0.08202428501381052
23.996000000000002,-0.021922302855817317
23.998,-0.052094649300762394
24.0,-0.04062670695259293
24.002,0.016467897712507173
24.004,0.013770497855686946
24.006,0.03834838333490724
24.008,-0.06454617239855828
24.01,-0.03348251215065258
24.012,-0.043669196978095765
24.014,-0.024348041925822177
24.016000000000002,-0.14744968426796326
24.018,0.011840691057653724
24.02,-0.034897789160548594
24.022000000000002,0.0019681176213106107
24.024,0.02038202917372975
24.026,0.00951558823407865
24.028000000000002,-0.02938553919975575
24.03,0.009903342162449088
24.032,-0.04150564857737804
24.034,-0.07479727428994626
24.036,-0.0713847938058504
24.038,-0.01992516502780368
24.04,-0.0049291104344806914
24.042,0.01711556397668057
24.044,0.005361445180376779
24.046,0.03239623971372213
24.048000000000002,0.1453163220443549
24.05,0.05371845638492914
24.052,0.11354041668768643
24.054000000000002,0.24835876692035835
24.056,0.26287962360807804
24.058,0.34965615753371626
24.060000000000002,0.46609689215810385
24.062,0.5767966576349818
24.064,0.6488712216738223
24.066,0.7924366583630396
24.068,0.8868922266438802
24.07,0.940614726600405
24.072,0.8933493837239792
24.074,0.9930394583862253
24.076,0.9783707720684591
24.078,0.9354256943449384
24.080000000000002,0.9712088143360473
24.082,0.9742423144783044
24.084,0.9450942521067365
24.086000000000002,0.8484057522772925
24.088,0.8146521861590683
24.09,0.6711630905730447
24.092,0.6070986615556003
24.094,0.4818759354277593
24.096,0.45194301104302165
24.098,0.38888805108884983
24.1,0.18281080054835738
24.102,0.21032206902215766
24.104,0.1382274961475367
24.106,0.022552608378088087
24.108,-0.006741490239759819
24.11,-0.03769173043983973
24.112000000000002,-0.2195841498406247
24.114,-0.10993619779234046
24.116,-0.17218841735578028
24.118000000000002,-0.19386202006075098
24.12,-0.06998409366390253
24.122,-0.0652157729223595
24.124,-0.07051371483155536
24.126,-0.0887383177186044
24.128,0.04421083819441419
24.13,-0.03675929073794403
24.132,0.0008526650099360544
24.134,-0.011090996567945849
24.136,-0.06287331785250007
24.138,-0.03134900897570948
24.14,0.02820510956225465
24.142,-0.011725882215096427
24.144000000000002,0.03011122441877819
24.146,0.08260073335912735
24.148,0.07004401832379237
24.150000000000002,0.030015378890293848
24.152,-0.00460017237997273
24.154,0.04898072260847733
24.156,0.019297106080963983
24.158,0.05113732663620334
24.16,0.05916613430694555
24.162,-0.0013823959984120907
24.164,0.08594485186160347
24.166,0.027351481389684018
24.168,0.03105676934815818
24.17,-0.0125028424917729
24.172,0.009860540862346915
24.174,0.05283649967691604
24.176000000000002,-0.03593371648679516
24.178,0.02266658678455024
24.18,-0.001196434446109708
24.182000000000002,0.0812718460732837
24.184,0.028630402950418576
24.186,0.05964854230183186
24.188,0.035734768428800155
24.19,0.017085307265393698
24.192,0.07395376813081544
24.194,0.029028725761737987
24.196,-0.016320646123521
24.198,0.09578389580108931
24.2,-0.013771880655788243
24.202,0.09024130467171433
24.204,0.1019720489246327
24.206,0.1530073103529313
24.208000000000002,0.2219636036114267
24.21,0.06472898067054955
24.212,0.06586932381080088
24.214000000000002,0.023221891930224274
24.216,0.08243272596039626
24.218,0.08959454947444094
24.22,0.16222306634170802
24.222,0.02423969350790932
24.224,0.12124211165881262
24.226,0.1300102123443377
24.228,0.10711873278436176
24.23,0.16331603729337135
24.232,0.14472103033393613
24.234,0.1020360785115404
24.236,0.20219187909963915
24.238,0.11003185070409242
24.240000000000002,0.07027092667973878
24.242,0.18745016792388502
24.244,0.14955001500310738
24.246000000000002,0.15203863462608355
24.248,0.14145448174985534
24.25,0.2199087026490647
24.252,0.1433666287857285
24.254,0.14716191970812278
24.256,0.06812132873597858
24.258,0.21609646417660228
24.26,0.15114293580867622
24.262,0.1995898998930375
24.264,0.12207484131606136
24.266000000000002,0.13073402786606672
24.268,0.20062282076070317
24.27,0.18845254331535863
24.272000000000002,0.1725833667317771
24.274,0.10329841316443536
24.276,0.07016664599649124
24.278000000000002,0.2608816825403645
24.28,0.14824607576560178
24.282,0.21736918214632187
24.284,0.25325565312785253
24.286,0.19225134138782138
24.288,0.2976296932186375
24.29,0.20872794462817176
24.292,0.12535221837284702
24.294,0.13715797851839845
24.296,0.14275692836085174
24.298000000000002,0.16401616819647244
24.3,0.06573159033308106
24.302,0.10708055969938154
24.304000000000002,0.1348763416624599
24.306,0.10857447541746165
24.308,0.0920299421089005
24.310000000000002,0.21433105718442075
24.312,0.1719355573231196
24.314,0.17863302434802245
24.316,0.07237956976499602
24.318,0.1572167491868035
24.32,0.11684051774915243
24.322,0.20467829069307966
24.324,0.2371051978799519
24.326,0.2921580121306779
24.328,0.17989314909737125
24.330000000000002,0.25445484055755657
24.332,0.18744354504870386
24.334,0.17514166949119625
24.336000000000002,0.16130065350755488
24.338,0.19408464924614782
24.34,0.13261105627052974
24.342,0.08496124664162549
24.344,0.06950308107860423
24.346,0.05195790908529805
24.348,0.086175269845966
24.35,0.030118667927319296
24.352,0.03076057491759196
24.354,-0.04119414966212511
24.356,-0.06592292648496142
24.358,0.07613230476979085
24.36,0.06926738716874109
24.362000000000002,0.02840974399654156
24.364,-0.03911843137157066
24.366,0.02119280883025325
24.368000000000002,0.013996728953146758
24.37,-0.010754901607687325
24.372,-0.016761360480578268
24.374,-0.04085876158265764
24.376,-0.039788190476389595
24.378,-0.1254500743399932
24.38,-0.05320395552153594
24.382,0.04762100427665964
24.384,0.04568357132630889
24.386,0.09077528032451775
24.388,-0.008086690455385726
24.39,-0.016066961003537737
24.392,-0.012719106498068487
24.394000000000002,-0.0743247975039225
24.396,-0.056546489868835384
24.398,-0.08483964086940013
24.400000000000002,-0.02671584952289996
24.402,0.004208992085020711
24.404,-0.016803045293131508
24.406,0.019717920892528735
24.408,0.006312373501052078
24.41,-0.013353815052969415
24.412,-0.04057292529472142
24.414,-0.09201532456586682
24.416,-0.13513310999329162
24.418,-0.06192942655865162
24.42,-0.03806746459205877
24.422,-0.03476622357848646
24.424,-0.0008058355641310938
24.426000000000002,-0.0057138466759965555
24.428,-0.02224581513777752
24.43,-0.017995972300486864
24.432000000000002,0.006679025082522147
24.434,-0.048725860380167345
24.436,-0.12858750784757636
24.438,-0.06896794369568998
24.44,-0.05310758936355047
24.442,-0.014959043016467347
24.444,0.025314375753373475
24.446,-0.1485464562098582
24.448,-0.07804272414148332
24.45,-0.009858136292569576
24.452,-0.009686639341450129
24.454,-0.09779232695340472
24.456,-0.19425292571028174
24.458000000000002,-0.003498906086778719
24.46,-0.0741286993739803
24.462,-0.003954935516501612
24.464000000000002,-0.07749076631653604
24.466,0.06051893928103809
24.468,-0.04842998751001854
24.47,-0.0694457410091951
24.472,-0.03321385981465229
24.474,-0.17063161302134755
24.476,-0.09641746458683409
24.478,0.010691724367646982
24.48,-0.01708603389420088
24.482,-0.016575830446594816
24.484,-0.023488680867862884
24.486,-0.033338785292574134
24.488,-0.10716669660222407
24.490000000000002,-0.07637057646860304
24.492,0.008161566280498168
24.494,-0.07944339875719572
24.496000000000002,-0.06438190904192288
24.498,-0.0587430716042622
24.5,-0.12168901518698044
24.502,-0.04290694552199538
24.504,-0.050125624517238065
24.506,-0.09250645922369252
24.508,-0.13321073563289154
24.51,-0.003788107011845211
24.512,-0.07442471584279678
24.514,-0.055366109509782255
24.516000000000002,0.004425910950974096
24.518,-0.11106661827101699
24.52,-0.00804117099090975
24.522000000000002,-0.041759582571544156
24.524,-0.0771715449869304
24.526,-0.00214754799363508
24.528000000000002,-0.027872135036959598
24.53,0.021657940073851634
24.532,-0.020826672008022067
24.534,-0.09589773303371765
24.536,-0.06945030826329335
24.538,-0.008831110078151391
24.54,-0.006086786449092753
24.542,-0.06957468031479529
24.544,-0.04762964721309232
24.546,-0.08959023872036811
24.548000000000002,-0.035312646727382234
24.55,-0.06038161167429691
24.552,0.04860430825628128
24.554000000000002,-0.10881200661035009
24.556,-0.09840008475141701
24.558,-0.0734763159329803
24.560000000000002,-0.1140413585230044
24.562,-0.09200273369695207
24.564,0.015565499849883063
24.566,0.045173265983756435
24.568,-0.02030478210717409
24.57,-0.060208953477046974
24.572,-0.04083150875925598
24.574,-0.08713636111007654
24.576,-0.030341076073825017
24.578,-0.022468355955931253
24.580000000000002,-0.0800234055735948
24.582,-0.040924269698879606
24.584,0.005890901751945253
24.586000000000002,0.03966097365364418
24.588,-0.045921155091525466
24.59,-0.04076016476900306
24.592,-0.07662344825691093
24.594,-0.15570454384363522
24.596,-0.13864311104397797
24.598,-0.09265623465743693
24.6,-0.10877895254076579
24.602,-0.05712347135869941
24.604,-0.010861574958160501
24.606,-0.048968822128357695
24.608,-0.07360564246775915
24.61,-0.06254137025489012
24.612000000000002,-0.054866687424249175
24.614,-0.1110632903457505
24.616,-0.0456067432211774
24.618000000000002,-0.1279383418120301
24.62,-0.15220238782557952
24.622,-0.08754759110310772
24.624,-0.09416862688508573
24.626,-0.04681327859704923
24.628,-0.12714608629859736
24.63,-0.12945757092475701
24.632,-0.151890790310421
24.634,-0.062432546045586894
24.636,-0.09471274109145061
24.638,-0.13497378809439925
24.64,-0.13709802612947675
24.642,-0.14355609235412567
24.644000000000002,-0.0002497493947438839
24.646,-0.10346967059002173
24.648,-0.06992617313242373
24.650000000000002,-0.12751987124302566
24.652,-0.00220436419258882
24.654,-0.07095620198983033
24.656,-0.12477218518878067
24.658,-0.06291967268361845
24.66,-0.09410815197546962
24.662,-0.02061341550221356
24.664,-0.10968461289697559
24.666,-0.018848120310640606
24.668,-0.07740471458216715
24.67,-0.12914132739937395
24.672,-0.1444732220304885
24.674,-0.1018423966725788
24.676000000000002,-0.14560007407742914
24.678,-0.08393824111689567
24.68,-0.03718323424195292
24.682000000000002,-0.0801958766074519
24.684,-0.07244262610667426
24.686,-0.15699142495447438
24.688,-0.05438195562196112
24.69,-0.0007788486319168231
24.692,-0.0874490549697548
24.694,-0.06452993891818481
24.696,-0.10672969005404712
24.698,-0.12951288490315455
24.7,-0.02095231812167822
24.702,-0.11423881812993972
24.704,-0.06820400379657186
24.706,-0.06484173466244134
24.708000000000002,-0.10512246465184719
24.71,-0.14444055225583458
24.712,-0.1425420843555833
24.714000000000002,-0.11221745809543779
24.716,-0.18798175181658872
24.718,-0.05639542156578854
24.72,-0.0674558285602572
24.722,-0.08508990177691376
24.724,-0.061765735533500656
24.726,-0.00037107614185248605
24.728,0.0035458227671132728
24.73,0.007212075368638507
24.732,0.025033866385803405
24.734,0.07395744693869867
24.736,-0.0005703455568279586
24.738,-0.026400083443357196
24.740000000000002,0.07865902694852117
24.742,0.054412258811225536
24.744,0.08814283525978894
24.746000000000002,0.05028180436024983
24.748,0.00023551302342294383
24.75,0.052509915136892904
24.752,-0.08935089726415638
24.754,-0.14836237015166728
24.756,0.0005127856096047018
24.758,-0.11019556366202918
24.76,0.015432345028029468
24.762,0.001968623801150926
24.764,-0.1738139507899094
24.766000000000002,-0.1838284267468962
24.768,-0.08498054424257759
24.77,-0.14634578102737048
24.772000000000002,-0.115671951653715
24.774,-0.06689887665100228
24.776,-0.18733084924788393
24.778000000000002,-0.13703363314269218
24.78,-0.12861978389260664
24.782,-0.12006018840837343
24.784,-0.1106055982464113
24.786,-0.0046587687652750315
24.788,-0.08254610937702861
24.79,-0.08647912466934035
24.792,-0.1398467519164202
24.794,-0.16395467006409442
24.796,-0.06797536931692437
24.798000000000002,-0.05192438386229564
24.8,-0.05389948076719573
24.802,-0.12657185802415666
24.804000000000002,-0.1405057217687439
24.806,-0.05212629710302628
24.808,-0.1132675407341146
24.810000000000002,-0.16995294017447599
24.812,-0.03734663108602325
24.814,-0.0951450665418456
24.816,-0.0459578366147766
24.818,-0.11403685090434049
24.82,-0.053777301171673196
24.822,-0.08525261501636923
24.824,-0.06852097578019402
24.826,-0.08012175246549665
24.828,-0.05056519985197823
24.830000000000002,0.040569305948728346
24.832,0.059775660746109655
24.834,0.13360893087144146
24.836000000000002,0.11319457700495725
24.838,0.38401606782316855
24.84,0.45310653762513253
24.842,0.5313370803130567
24.844,0.6069730024379051
24.846,0.7245676911747273
24.848,0.7634040524138601
24.85,0.7847908550176902
24.852,0.8301183627512002
24.854,0.9335970375885532
24.856,0.9033816849963947
24.858,0.8514174196220471
24.86,0.8630874926049871
24.862000000000002,0.8764973738857247
24.864,0.7978712985942208
24.866,0.6797225273957805
24.868000000000002,0.6557935105833103
24.87,0.5940584412711043
24.872,0.3666914375580331
24.874,0.34753250449844697
24.876,0.2450680379601427
24.878,0.15997052352644267
24.88,0.12503821048758498
24.882,-0.028662289924932603
24.884,-0.03217060612191063
24.886,-0.11440874176550717
24.888,-0.19875249068354223
24.89,-0.26018347025675637
24.892,-0.3307026262951612
24.894000000000002,-0.3307236757021305
24.896,-0.3031843116322523
24.898,-0.2171374471650122
24.900000000000002,-0.2511902085295617
24.902,-0.26210108532497084
24.904,-0.16483458720802074
24.906,-0.1898086393332352
24.908,-0.15788585629509072
24.91,-0.08497247253746358
24.912,-0.13538716618605542
24.914,-0.16357742839116007
24.916,-0.12256649107394199
24.918,-0.04034198583882985
24.92,0.0598177531553874
24.922,-0.01977169338172581
24.924,0.09473179811637561
24.926000000000002,-0.01647189658148404
24.928,-0.06362992430093663
24.93,-0.04020214262986542
24.932000000000002,-0.009553590364151807
24.934,-0.060064340072209454
24.936,-0.009377618410486732
24.938,-0.06604359683923589
24.94,0.03798397909480738
24.942,-0.04627436379096423
24.944,-0.08284918624720818
24.946,-0.040204256417797034
24.948,0.01178450288165285
24.95,-0.171570222391562
24.952,-0.0060135392789236325
24.954,-0.028608058492124798
24.956,-0.07121467425105663
24.958000000000002,-0.074229959542124
24.96,-0.016550110992919746
24.962,-0.03499746161308099
24.964000000000002,0.03869741152152555
24.966,-0.046107967111345086
24.968,-0.048590780961846665
24.97,-0.012845166720571849
24.972,-0.008501552853116148
24.974,0.03236168514292771
24.976,-0.051231579118797645
24.978,-0.03818781317989235
24.98,0.07020427487011213
24.982,0.039110832214298286
24.984,-0.03183886042565912
24.986,-0.004288614595641664
24.988,0.014593345255838878
24.990000000000002,0.04680463890906716
24.992,-0.025327790236805127
24.994,-0.00019126266600595979
24.996000000000002,-0.07694820440662432
24.998,0.0001824875469352734
25.0,-0.03701765420611292
25.002,0.08019294566343803
25.004,0.12924121112481415
25.006,0.029081265813024747
25.008,0.058716920460178346
25.01,0.016583341980450028
25.012,0.0558746883569487
25.014,0.14888749622391553
25.016000000000002,0.06844360832157428
25.018,0.09618885889222625
25.02,0.013402784115667907
25.022000000000002,0.03011612071000523
25.024,0.08494816118586739
25.026,0.14326911383162705
25.028000000000002,0.11565085874830366
25.03,0.15425829731298157
25.032,0.11258988408275979
25.034,0.1583492164060519
25.036,0.12555857011161722
25.038,0.034586004380138646
25.04,0.013147123768607313
25.042,0.09794810605064894
25.044,0.14760106622344055
25.046,0.08255445310928888
25.048000000000002,0.07059989080681117
25.05,0.03308973746727498
25.052,0.06757355956864786
25.054000000000002,0.07225734969568806
25.056,0.05639385315045975
25.058,0.0694380039840252
25.060000000000002,0.08563279559003051
25.062,0.08743829596305297
25.064,0.13936035568230776
25.066,0.17931087312701255
25.068,0.13304480285847145
25.07,0.014578315636229064
25.072,0.10634207756328282
25.074,0.03658663424591675
25.076,0.09226194029979122
25.078,0.028237098439938234
25.080000000000002,0.17508891819160527
25.082,0.08369776131952271
25.084,0.10224548332560823
25.086000000000002,0.13125255984492823
25.088,0.05145826831848577
25.09,0.0561380109104231
25.092,0.08141125694553938
25.094,0.004748474165822865
25.096,0.010689976752854984
25.098,0.06613939504446686
25.1,-0.07406939130100383
25.102,0.07900435053833
25.104,0.07324581912560417
25.106,0.116924262298368
25.108,0.11280415762432913
25.11,0.07932400004196069
25.112000000000002,-0.06599607718551369
25.114,0.07288473325857282
25.116,0.07600619816726888
25.118000000000002,-0.09548278794868426
25.12,0.03257882687672344
25.122,0.08565859469593597
25.124,0.01020292273630957
25.126,-0.046338823308513216
25.128,0.02225234872066811
25.13,-0.02980401455086155
25.132,0.04267993224559455
25.134,-0.0357143332266122
25.136,-0.04171225358359806
25.138,0.05738236247320771
25.14,0.009466539882816302
25.142,0.08559333395578153
25.144000000000002,-0.06896100543750176
25.146,-0.016969752745770426
25.148,-0.04825943676917639
25.150000000000002,-0.15525892799000537
25.152,-0.10333203173170057
25.154,-0.11051525503060478
25.156,-0.06942557194462105
25.158,-0.10477508676208899
25.16,-0.006426695718177992
25.162,-0.0022717843094660823
25.164,0.07396143362071642
25.166,0.07571343496389724
25.168,0.009235229757200456
25.17,0.11090546519709181
25.172,0.014471408446989485
25.174,0.07928421656845677
25.176000000000002,0.03827244248295991
25.178,0.035785438191655035
25.18,-0.002205635532724369
25.182000000000002,0.04649459477940214
25.184,0.03421582266702077
25.186,0.04856885982206258
25.188,0.03544306201930342
25.19,-0.07413674589012781
25.192,-0.11021567661930164
25.194,-0.11391719743017245
25.196,-0.13140785637844998
25.198,-0.08673215350139805
25.2,-0.16474166846567256
25.202,-0.06513327373131465
25.204,-0.07409510083105408
25.206,-0.1275363553611267
25.208000000000002,-0.16672833958069996
25.21,-0.1516967418903441
25.212,-0.15759641030410584
25.214000000000002,-0.03296293768075857
25.216,-0.09774549608444302
25.218,-0.00558732857725663
25.22,-0.15282541062365335
25.222,-0.11385089444477063
25.224,-0.0022959485109507877
25.226,-0.011845113455999784
25.228,-0.16066580109076142
25.23,0.015557090917042438
25.232,0.04264502401280909
25.234,-0.25285239406813587
25.236,-0.140368746812831
25.238,-0.18281043088348314
25.240000000000002,-0.04321717256091391
25.242,-0.03413056795930455
25.244,-0.11319038970956347
25.246000000000002,-0.08911376256044927
25.248,-0.1886943095289551
25.25,-0.13524172260575415
25.252,-0.10943613954776853
25.254,-0.15172109046649593
25.256,-0.15971258926547638
25.258,-0.05605403791945645
25.26,-0.18835767314619564
25.262,-0.057853877594282045
25.264,-0.1339748525017609
25.266000000000002,-0.17131514534717823
25.268,-0.03190117076817828
25.27,-0.2741112787868477
25.272000000000002,-0.09889367322041023
25.274,0.05694650273703022
25.276,-0.11407614898324958
25.278000000000002,-0.13034541045786893
25.28,0.011162142222680053
25.282,0.026502577775890435
25.284,0.05760058566369725
25.286,-0.07490912715699724
25.288,-0.10994193032653066
25.29,-0.12443919769987037
25.292,-0.07398277688401486
25.294,-0.15368115301742283
25.296,-0.027073485956073964
25.298000000000002,-0.12213745428620033
25.3,-0.1471420784752499
25.302,-0.08551199924306077
25.304000000000002,0.024376291216799368
25.306,0.07472982775141207
25.308,-0.06955550287725792
25.310000000000002,-0.0992018028675028
25.312,-0.06063713935318577
25.314,-0.12367036845864146
25.316,0.048013965954980795
25.318,-0.10977346735275631
25.32,-0.08487986212462525
25.322,-0.12188928839829233
25.324,-0.08831994455047831
25.326,0.031263082497482726
25.328,0.0037728191396420308
25.330000000000002,-0.11815303989859537
25.332,-0.206086755861569
25.334,0.06664172139985078
25.336000000000002,-0.0058549397219840055
25.338,0.05039228599511318
25.34,0.21186129144069699
25.342000000000002,-0.2137476842973053
25.344,-0.037895793216697296
25.346,-0.05924852286539513
25.348,-0.08704449007458785
25.35,-0.30555635004743714
25.352,-0.1192316094917929
25.354,0.049435489024096196
25.356,-0.13531607605768892
25.358,0.15237427014610086
25.36,0.05213025321781294
25.362000000000002,-0.04899597104360284
25.364,-0.015670805880367213
25.366,-0.158743554758059
25.368000000000002,0.04710108926862054
25.37,-0.2222532250113411
25.372,0.004945387001621428
25.374,-0.14904299101839777
25.376,-0.06718560451389485
25.378,-0.16081971707796905
25.38,-0.05844195571927036
25.382,0.15347133852234263
25.384,-0.05245860905783644
25.386,-0.036549891199305365
25.388,-0.0375684416443545
25.39,-0.1292415789301897
25.392,-0.03649761103710005
25.394000000000002,0.059631007592706564
25.396,0.11572163051877997
25.398,0.01490414553848628
25.400000000000002,-0.07296361483879842
25.402,-0.11995621392381464
25.404,-0.1084602527760452
25.406,-0.2899894127960795
25.408,-0.14928782113632866
25.41,-0.17502102218545487
25.412,-0.02902024322590479
25.414,0.14345663229316022
25.416,-0.2653735453567556
25.418,-0.32976205713999074
25.42,-0.10464601202357929
25.422,-0.04671329446799809
25.424,-0.01985002750295303
25.426000000000002,-0.2213429884799974
25.428,-0.02636844416703099
25.43,-0.04562711585083123
25.432000000000002,-0.1048172473701737
25.434,-0.16528787461835587
25.436,0.05457923193156396
25.438,0.16076071314805443
25.44,-0.036605385983042554
25.442,0.11012288345703673
25.444,-0.08080963407564103
25.446,-0.09499713003847025
25.448,-0.010178203960258043
25.45,-0.06861365578826918
25.452,0.0179097384048487
25.454,-0.24154355263963778
25.456,-0.007241981075448996
25.458000000000002,-0.2035357909358597
25.46,-0.047694838348289824
25.462,0.030456227227146828
25.464000000000002,0.2518327211813013
25.466,0.02155906706065224
25.468,-0.04428404728419935
25.47,0.234269280337692
25.472,-0.11422106384822336
25.474,-0.05325239545841402
25.476,-0.21430498289412636
25.478,-0.07451017580781118
25.48,-0.19932301694071114
25.482,-0.28649748527292
25.484,-0.11975139670263953
25.486,-0.037337695730512516
25.488,-0.12998233318813027
25.490000000000002,-0.06396008227073142
25.492,0.11562808104031917
25.494,-0.12770946181071413
25.496000000000002,-0.1234840005925882
25.498,0.048657444857550636
25.5,-0.11051939910986487
25.502,-0.060049003001544254
25.504,-0.09719109719133968
25.506,-0.05717134386170718
25.508,-0.12141915189031768
25.51,-0.07898677249103057
25.512,-0.08527201879654905
25.514,-0.06111730990038208
25.516000000000002,-0.14463986085927577
25.518,-0.12957029374785117
25.52,-0.1479665397260606
25.522000000000002,-0.13595037435476454
25.524,-0.09382385738235176
25.526,0.011686947150430005
25.528000000000002,0.1549651079378384
25.53,-0.04452669694650828
25.532,-0.06910189710690139
25.534,-0.06054867072591762
25.536,-0.06247067592221903
25.538,-0.05426889245169317
25.54,-0.17452776100147327
25.542,-0.04950189976456292
25.544,-0.06702793467789647
25.546,-0.07846598964637802
25.548000000000002,-0.04693805089966152
25.55,-0.04695773819839871
25.552,-0.09497002744978672
25.554000000000002,-0.10699766771392892
25.556,-0.09372262132894736
25.558,-0.04743798666304183
25.560000000000002,0.10845731569065298
25.562,-0.09647853042939977
25.564,-0.06537379921785692
25.566,-0.09129189254209638
25.568,-0.19255026427119842
25.57,-0.07248347889376958
25.572,-0.11772095728301991
25.574,-0.06824751158675695
25.576,-0.030231736867005636
25.578,-0.13994703269153141
25.580000000000002,-0.053568319532432476
25.582,0.02934979029271506
25.584,-0.08398166047863885
25.586000000000002,-0.02439374459263908
25.588,0.08453720230763449
25.59,-0.03960078150448412
25.592000000000002,0.03357413618685086
25.594,0.0037511334800239098
25.596,0.0943850176515712
25.598,0.12002868672608757
25.6,-0.02680996848914864
25.602,0.13189978682201792
25.604,0.17190512248825635
25.606,0.1559473298145979
25.608,0.10562402362686252
25.61,0.1331315826042685
25.612000000000002,0.06924193399489587
25.614,0.2877006250223505
25.616,0.30386430290595073
25.618000000000002,0.43795496868336325
25.62,0.5582581714631139
25.622,0.6279589103240953
25.624,0.663348204181911
25.626,0.812611425677309
25.628,0.8392209949800414
25.63,0.9030271715391021
25.632,0.8706176083004217
25.634,0.9254176623582993
25.636,0.9342966893765908
25.638,0.8981705357964285
25.64,0.94223944363144
25.642,0.8718640704344953
25.644000000000002,0.7782774122355295
25.646,0.7875911585398895
25.648,0.651536315685767
25.650000000000002,0.5666394401236563
25.652,0.41113816294004296
25.654,0.2684320472123975
25.656,0.33432159539197465
25.658,0.2524631135328754
25.66,0.06587756369968674
25.662,-0.06730778769310791
25.664,-0.08025852860144984
25.666,-0.06514091158033256
25.668,-0.09102838885775687
25.67,-0.2428336943103438
25.672,-0.2574888517429531
25.674,-0.3104991891111909
25.676000000000002,-0.2863747387909092
25.678,-0.2837419314771092
25.68,-0.22202942121275226
25.682000000000002,-0.24906158067654588
25.684,-0.29695457260238034
25.686,-0.1518183270480015
25.688,-0.1599870280264389
25.69,-0.09670799279937625
25.692,-0.11594432939986091
25.694,-0.04663837056185408
25.696,-0.05923965685317982
25.698,-0.16884296229140305
25.7,-0.007467709195785224
25.702,-0.003216544914375563
25.704,0.032022402576149335
25.706,-0.0047406977247450854
25.708000000000002,-0.05019969293285081
25.71,-0.05955115536094515
25.712,-0.1146388242412446
25.714000000000002,-0.12588591355683318
25.716,-0.09239531194901862
25.718,-0.015519482122558177
25.72,0.06937183609199185
25.722,-0.032530466499477814
25.724,0.021879223840999176
25.726,-0.023289631673304296
25.728,-0.09912262667579734
25.73,0.0032758952939769895
25.732,-0.004272354277165252
25.734,-0.009943528417270534
25.736,-0.027651657642299297
25.738,-0.0472019860540483
25.740000000000002,-0.03504606948427912
25.742,-0.00829327305559096
25.744,0.022443418741083535
25.746000000000002,0.06509472513166223
25.748,0.009873773424360296
25.75,0.10181579238982075
25.752,0.0619005989579222
25.754,-0.07763668692499291
25.756,-0.045499067688264394
25.758,-0.0070152800604057555
25.76,0.017266586036434224
25.762,0.058984744524413935
25.764,0.026621748797562773
25.766000000000002,0.11286378913463489
25.768,0.08164414236692963
25.77,0.05913227437191308
25.772000000000002,0.08132386932156203
25.774,0.11112875717873191
25.776,0.21122403048342242
25.778000000000002,0.1640303812579264
25.78,0.07110835540406937
25.782,0.10122950867386024
25.784,0.08117974821574772
25.786,0.14498730217932293
25.788,0.11372723222850271
25.79,0.14826579608527982
25.792,0.09663689487848394
25.794,0.14009969487848736
25.796,0.08490175457093668
25.798000000000002,0.1402772926988207
25.8,0.19145237432104234
25.802,0.10240817768458525
25.804000000000002,0.23383530095882699
25.806,0.12880286604770344
25.808,0.18184553823615263
25.810000000000002,0.2061099801313531
25.812,0.1368709085351427
25.814,0.16513212775031555
25.816,0.19053983364822322
25.818,0.15077966631266201
25.82,0.22839702210682317
25.822,0.19480399819732278
25.824,0.11717658573737719
25.826,0.15420429806686048
25.828,0.1950302333265169
25.830000000000002,0.19103160144032616
25.832,0.15513036778447684
25.834,0.14453219717146767
25.836000000000002,0.186098928897771
25.838,0.1736446601883198
25.84,0.15976759002547394
25.842000000000002,0.25008065229489435
25.844,0.21174661205612602
25.846,0.1982664743423464
25.848,0.2017092287487874
25.85,0.12518291271163412
25.852,0.09676216307059568
25.854,0.1602045097940245
25.856,0.14424107602433073
25.858,0.17514370116132907
25.86,0.115476575900212
25.862000000000002,0.15674534702656873
25.864,0.191728714993432
25.866,0.1553746971485473
25.868000000000002,0.16489608444638432
25.87,0.19459241901383628
25.872,0.1770062483866706
25.874,0.07292081365379724
25.876,0.10678923230375029
25.878,0.161692720176434
25.88,0.07302912675016926
25.882,0.057709194625698554
25.884,0.1849004298229155
25.886,0.21824890010049305
25.888,0.11863994635505597
25.89,0.14557293768020432
25.892,0.07856230214070853
25.894000000000002,0.14441777550439674
25.896,0.02889714134401391
25.898,-0.038186629751298176
25.900000000000002,0.05638132310406527
25.902,0.06163799471114674
25.904,0.11785803504544326
25.906,0.02794627331171244
25.908,0.14498758939724418
25.91,0.09454309560063814
25.912,0.007767818219072076
25.914,0.0651084803848681
25.916,0.05900309775336418
25.918,0.015637413806136445
25.92,0.04400047659872336
25.922,0.05523123214035326
25.924,0.004233681577931664
25.926000000000002,0.10207234299758494
25.928,0.032271997814172636
25.93,0.05093739776291188
25.932000000000002,0.03471272356691298
25.934,0.027804155638847954
25.936,0.08101956334755202
25.938,-0.03639643300197843
25.94,0.052375561575625576
25.942,-0.012861443966254847
25.944,0.03260439161750255
25.946,-0.013014383306790427
25.948,0.02421768779583755
25.95,-0.05235957391493565
25.952,0.005589215377471812
25.954,0.049079199837606544
25.956,-0.03649061844367624
25.958000000000002,-0.056861116135667744
25.96,0.020706669909488135
25.962,0.10552746707650705
25.964000000000002,-0.04865443982309216
25.966,-0.009682944768242135
25.968,0.02192290522149148
25.97,0.031815505254002875
25.972,-0.01974035892883946
25.974,-0.061075147194669055
25.976,-0.16822580588342345
25.978,-0.06583723296642224
25.98,-0.021672880013673006
25.982,-0.012901359433674082
25.984,-0.06702976965158092
25.986,0.07738056001702567
25.988,0.03053711615319237
25.990000000000002,0.03726022833726496
25.992,0.04891830985869304
25.994,-0.03687292117442323
25.996000000000002,0.07494809370416827
25.998,0.11784363594298541
26.0,0.16997715302801975
26.002,0.09430221175039055
26.004,0.16994079843342
26.006,0.10260165386322043
26.008,0.11061914111187297
26.01,0.18937128728998154
26.012,0.10223864583170493
26.014,0.022728440275146217
26.016000000000002,0.05054192703512203
26.018,0.08662146936914879
26.02,0.022222148688734594
26.022000000000002,-0.09386431645364615
26.024,0.09595616205877311
26.026,-0.010115542530973128
26.028000000000002,-0.05605873510509746
26.03,0.046808152381994816
26.032,-0.025694326278616293
26.034,0.028050532867634884
26.036,-0.06359897852038862
26.038,-0.09305262137688633
26.04,-0.10328273594506174
26.042,-0.08321376681039239
26.044,0.011446266147585576
26.046,-0.014616570794339668
26.048000000000002,-0.02897790409860506
26.05,0.018088627104484403
26.052,0.006699042631017702
26.054000000000002,-0.01632241706640382
26.056,-0.10280458034780082
26.058,0.036156163812419685
26.060000000000002,0.007657151916379584
26.062,-0.04080775376002354
26.064,-0.12219664400506623
26.066,-0.060506488209369276
26.068,0.11998351028393751
26.07,-0.022670913715254606
26.072,0.04287353772777208
26.074,0.03974457040286475
26.076,-0.025666512684968907
26.078,-0.12177343388256728
26.080000000000002,-0.038343435531583266
26.082,-0.029761017528045195
26.084,0.05631265364863864
26.086000000000002,-0.004996427218140946
26.088,-0.027868140458003485
26.09,-0.07444407162955594
26.092000000000002,-0.025533790377734154
26.094,-0.0713863049691209
26.096,-0.04042075380429589
26.098,-0.01355299524400682
26.1,-0.05659605794662006
26.102,0.028436710994112026
26.104,-0.06995764163413824
26.106,0.10063265527430355
26.108,-0.0782143640989599
26.11,0.045505185327646795
26.112000000000002,-0.04669367725002637
26.114,-0.017064422934508747
26.116,-0.07215834456343276
26.118000000000002,0.010583666460327153
26.12,-0.01774039849855709
26.122,0.042338924127940485
26.124,0.02808763788454385
26.126,0.03659920302892625
26.128,-0.04158916004270519
26.13,-0.004285687291469851
26.132,-0.05970562437548954
26.134,0.07838118640065228
26.136,-0.00855763446231838
26.138,-0.07032081311326882
26.14,0.05699967081583244
26.142,0.044600367796068185
26.144000000000002,0.0854082561597075
26.146,0.074768843726609
26.148,0.008408155488524048
26.150000000000002,0.04163002166368428
26.152,-0.07448425190896399
26.154,0.04127063618152493
26.156,-0.09113682926299276
26.158,0.029891304645219684
26.16,-0.027545532318877165
26.162,0.11305132824844956
26.164,0.061705715716403126
26.166,-0.056786026732667715
26.168,-0.00679783209616109
26.17,0.0019067532939952003
26.172,-0.03241792074897601
26.174,0.07268565483675812
26.176000000000002,-0.051840067040477875
26.178,-0.002219327595334348
26.18,-0.030302290272185502
26.182000000000002,0.10656467690076063
26.184,0.10514359784205418
26.186,0.02877611131581898
26.188,-0.05508775529154203
26.19,0.07619225169648366
26.192,-0.04371771842050173
26.194,-0.04409905125141757
26.196,0.06901574749158372
26.198,-0.0015452019272982828
26.2,0.007692135221251201
26.202,0.07411943157464111
26.204,0.04988011456998779
26.206,0.031781831692748674
26.208000000000002,0.0411595506530531
26.21,0.012519368177187861
26.212,0.09255108637811599
26.214000000000002,-0.01826963337253195
26.216,0.01817030139806302
26.218,-0.0008187552241764075
26.22,-0.011705757866020895
26.222,0.12827699401146214
26.224,0.005241043030353006
26.226,0.05186716017635547
26.228,0.08492062261282013
26.23,-0.04752261764251268
26.232,0.0116277224506694
26.234,0.01223488777083983
26.236,0.0658334357424771
26.238,-0.006810879327981167
26.240000000000002,0.02090940972639759
26.242,-0.0326400396638119
26.244,0.011719970629511179
26.246000000000002,0.09695585970847787
26.248,0.01916098892475928
26.25,0.09955227318805115
26.252,0.05312264246620612
26.254,-0.050637023461566934
26.256,0.03068787933248461
26.258,-0.04755996625425987
26.26,-0.032765058374322795
26.262,0.04415880292185423
26.264,-0.04141366528775607
26.266000000000002,0.026336624344386605
26.268,0.022022533009199746
26.27,-0.04301958115243576
26.272000000000002,0.0011393238834248216
26.274,-0.01940658618609934
26.276,0.02648943349608822
26.278000000000002,0.06874614119743162
26.28,-0.07044745996973541
26.282,-0.003947135090698516
26.284,0.07821351512071059
26.286,0.026957055724564777
26.288,0.028133045879272622
26.29,0.06547706553320051
26.292,-0.031623611019714754
26.294,0.06900448629235828
26.296,0.02980246383852391
26.298000000000002,-0.031426921943852826
26.3,0.07953935096693195
26.302,-0.10527208146716294
26.304000000000002,0.11892904915761818
26.306,-0.06968501302394303
26.308,0.006473324596249837
26.310000000000002,0.054471807688683586
26.312,0.018168235738126613
26.314,0.02159897855265569
26.316,0.024325293977309523
26.318,0.01838227350693783
26.32,0.10044018315023744
26.322,0.001571200227510252
26.324,0.0007064781356532837
26.326,0.02586059660831147
26.328,0.014687591912548066
26.330000000000002,0.06399144936647361
26.332,0.0686096349158226
26.334,0.006096771439483409
26.336000000000002,0.025694527697643636
26.338,0.037704214803435346
26.34,-0.04022720977846818
26.342000000000002,0.03908075453131765
26.344,0.047685593689226646
26.346,0.16275715626108112
26.348,0.002373019801910202
26.35,0.05169340149672905
26.352,0.026223151356779596
26.354,0.031236423032408315
26.356,-0.016713814309822706
26.358,0.02115311675612313
26.36,0.020122996402767906
26.362000000000002,-0.06257972711299575
26.364,0.03572932869757449
26.366,0.06531245684035818
26.368000000000002,-0.03551491431881871
26.37,0.08218720082205597
26.372,0.054236625814043184
26.374,0.032354213465415435
26.376,0.03890496759689009
26.378,0.07341536373378525
26.38,0.09394830615410069
26.382,0.13544133014844226
26.384,0.12159929278714171
26.386,0.08720575559457643
26.388,0.10855670490949557
26.39,0.1232182613426154
26.392,0.20831389681241474
26.394000000000002,0.3126797806076835
26.396,0.42484614137605553
26.398,0.4875668014748449
26.400000000000002,0.5565606720932644
26.402,0.7162771756980191
26.404,0.8345827227610146
26.406,0.8123929119079669
26.408,0.9492943287924233
26.41,1.045153968052374
26.412,1.0163587167011578
26.414,1.1332079385169065
26.416,0.9884346777498618
26.418,0.970854850615513
26.42,1.1228217193067263
26.422,1.0578195302487379
26.424,0.9177172098800591
26.426000000000002,0.95525051779102
26.428,0.8401452301505897
26.43,0.7357822502541664
26.432000000000002,0.6489918418416504
26.434,0.5078286608522797
26.436,0.43903608475136374
26.438,0.3404173756959067
26.44,0.21417155475130617
26.442,0.14102539138912654
26.444,0.1558465656125226
26.446,-0.0028245531932223813
26.448,-0.034408653312781784
26.45,-0.0985724088115235
26.452,-0.17905685071281863
26.454,-0.2111051415288927
26.456,-0.2076109609895557
26.458000000000002,-0.23417683593171346
26.46,-0.10786631129267879
26.462,-0.14600902618181205
26.464000000000002,-0.04839771476724238
26.466,-0.07883242170370282
26.468,-0.033886492374203166
26.47,-0.0670437337344423
26.472,0.011380531130169111
26.474,0.04784486590357365
26.476,-0.043926803764796116
26.478,0.029867720547290196
26.48,0.0011719542145882458
26.482,0.04877976429346276
26.484,0.10066307169583844
26.486,0.1586490154739248
26.488,0.04972332248497605
26.490000000000002,-0.03134778382731149
26.492,0.020741880443182106
26.494,0.006765371857330539
26.496000000000002,0.0673312059719101
26.498,0.10700019221829163
26.5,0.13823295922669315
26.502,0.08919835183819635
26.504,0.10173173456478325
26.506,0.07610833763323782
26.508,0.12101489016107465
26.51,0.15137862448549189
26.512,0.041338673850978454
26.514,-0.02304263207419681
26.516000000000002,0.05621889198920803
26.518,0.06887893209234326
26.52,0.021639791374675907
26.522000000000002,0.16930464974826137
26.524,0.1794227871085623
26.526,0.08817543104070899
26.528000000000002,0.13394566250006817
26.53,0.137761484182602
26.532,0.07521765644830282
26.534,0.10504003468193963
26.536,0.06192838221299897
26.538,0.12814330185674416
26.54,0.17035084031683542
26.542,0.128636033898277
26.544,0.14665339557762033
26.546,0.20218668478329369
26.548000000000002,0.2100112140731323
26.55,0.14243268981084276
26.552,0.048961519743578194
26.554000000000002,0.08306063845238458
26.556,0.17705290640482013
26.558,0.15150599180180188
26.560000000000002,0.20461196077304106
26.562,0.2283951743552392
26.564,0.24808458193933086
26.566,0.21052057448051334
26.568,0.22016600924964216
26.57,0.1963923451715577
26.572,0.19913083067752088
26.574,0.15995138729478384
26.576,0.18033059349427155
26.578,0.14525225008284048
26.580000000000002,0.1636913132668352
26.582,0.27715670469173953
26.584,0.18440788494540966
26.586000000000002,0.27169343089046305
26.588,0.2873297109499064
26.59,0.29058951760823515
26.592000000000002,0.3176796972360322
26.594,0.2838791098499387
26.596,0.21687040150581177
26.598,0.26736571731027575
26.6,0.33337695669210454
26.602,0.249745716051916
26.604,0.24684121383083216
26.606,0.2672616776389092
26.608,0.2227577259209149
26.61,0.20104223960505735
26.612000000000002,0.2821544700182303
26.614,0.2576662079401144
26.616,0.2500588478326477
26.618000000000002,0.3007173953943136
26.62,0.3627665636049023
26.622,0.3593222606054497
26.624000000000002,0.3605084058491114
26.626,0.35043842865725466
26.628,0.2124851642126169
26.63,0.21261859183571813
26.632,0.27711912420977414
26.634,0.2429430252579018
26.636,0.19685374423949542
26.638,0.1470754479508915
26.64,0.22564892101936213
26.642,0.2992540147554476
26.644000000000002,0.20341093178271724
26.646,0.3051198099890557
26.648,0.2968930958016163
26.650000000000002,0.23694657299316402
26.652,0.21399490955863998
26.654,0.20885840584352897
26.656,0.2729753548862426
26.658,0.19330980879427978
26.66,0.23802062994292936
26.662,0.12532436713314957
26.664,0.20099210242768328
26.666,0.1853170204691048
26.668,0.2955444650565482
26.67,0.14461409733895084
26.672,0.23130472052168966
26.674,0.1372215219323538
26.676000000000002,0.15916186321126247
26.678,0.19125588437428448
26.68,0.17416469158437672
26.682000000000002,0.21463770718243794
26.684,0.1802153267134672
26.686,0.22370191468010583
26.688,0.11079163436414617
26.69,0.1236601660391973
26.692,0.10919065319495211
26.694,0.12197161120524025
26.696,0.08925175470721575
26.698,0.18066723942458845
26.7,0.09297082544065378
26.702,0.12448825315663929
26.704,0.1898829918431665
26.706,0.1420584282837357
26.708000000000002,0.11111417848066289
26.71,0.13424110752191423
26.712,0.04056816003290332
26.714000000000002,0.14834968673886822
26.716,0.08209291518565423
26.718,0.14427216439061422
26.72,0.0727402682249166
26.722,0.10532258598090523
26.724,0.16711402611466375
26.726,0.09071511677015992
26.728,0.11064988734603778
26.73,0.09042728837519118
26.732,0.1041077511401712
26.734,0.08253842424464271
26.736,0.07179069153833409
26.738,0.07701885262385412
26.740000000000002,0.12102937654050316
26.742,0.10845169010123382
26.744,0.06247459691224797
26.746000000000002,0.08270159714761004
26.748,0.062367406786486564
26.75,0.05223068536597844
26.752,0.06070974855165689
26.754,0.1008832881140422
26.756,0.058729729951226356
26.758,-0.019593922899573263
26.76,0.12296532784595726
26.762,0.23028226645141248
26.764,0.12952014315470103
26.766000000000002,0.08736855341852869
26.768,0.09987080422196756
26.77,0.06557260054945624
26.772000000000002,0.07910487831978232
26.774,0.06044071615489467
26.776,0.010682722489565546
26.778000000000002,0.05521604921055214
26.78,0.10065893427138722
26.782,0.11007760807842855
26.784,0.055737690023487545
26.786,0.06316715435903393
26.788,0.18089951656416403
26.79,0.035368462064848824
26.792,0.05194105959010688
26.794,0.10766893707799485
26.796,0.04481235035312396
26.798000000000002,0.03200468727460955
26.8,0.09266974376596464
26.802,0.11682440856021672
26.804000000000002,0.06706627762941446
26.806,0.02130411557387188
26.808,-0.012557753601435281
26.810000000000002,0.07823877815781632
26.812,0.010494146279474724
26.814,0.05638231879240071
26.816,0.0893667521329271
26.818,0.05305115694785853
26.82,0.05409299771658643
26.822,0.008468965968155273
26.824,0.07589758644175676
26.826,0.024719592848353976
26.828,0.026834032223982493
26.830000000000002,0.011913730478456917
26.832,0.004858925577188512
26.834,0.03998509042110396
26.836000000000002,0.012247996430116266
26.838,0.07756296643930276
26.84,0.060459937429076606
26.842000000000002,0.0959366862001815
26.844,0.14418663658837103
26.846,0.16455591513050974
26.848,0.18567051420993058
26.85,0.17752765725271077
26.852,0.2112949164942822
26.854,0.2583560309842786
26.856,0.27201204930452244
26.858,0.2100548791658481
26.86,0.22390361806174866
26.862000000000002,0.23180472038880962
26.864,0.2129709650777772
26.866,0.2517194791663384
26.868000000000002,0.1432767523362187
26.87,0.08876759818295518
26.872,0.07396800467860423
26.874000000000002,0.1291045923921824
26.876,-0.01659001546620628
26.878,0.12051139796550614
26.88,0.07455862609272983
26.882,-0.007264437793200157
26.884,0.029879628264437325
26.886,0.04707732700204877
26.888,0.06887853536031871
26.89,0.028136750590269856
26.892,0.018233193234176936
26.894000000000002,-0.0179207446649222
26.896,-0.004255245257419445
26.898,0.018192507065830327
26.900000000000002,0.07133322499048732
26.902,0.04226233416713026
26.904,0.02082648893943464
26.906,0.04644337652999272
26.908,0.12022001861890363
26.91,0.09748856264523949
26.912,0.04803399469560793
26.914,0.09616601588554376
26.916,0.05919221341594452
26.918,-0.0007480513503594285
26.92,0.17042801029435278
26.922,0.08157236298851647
26.924,0.04490669829703838
26.926000000000002,0.09974522326801237
26.928,0.10507351185293501
26.93,0.061401930792586525
26.932000000000002,0.09958360757500277
26.934,0.057979826284290305
26.936,0.09002176159327596
26.938,0.06519250786698712
26.94,0.1530424091344409
26.942,0.08013496854120924
26.944,0.022154520643566655
26.946,0.12640338606579138
26.948,-0.03128652158427708
26.95,0.09078920107541245
26.952,0.02622989156472111
26.954,0.11299295785002805
26.956,0.07811777403731987
26.958000000000002,0.07524712690625586
26.96,0.09010746505769232
26.962,-0.058840351568603844
26.964000000000002,0.12251324644711589
26.966,0.11906031992497294
26.968,0.008759208175864841
26.97,0.04833300346674076
26.972,0.0212229052819862
26.974,0.029711584868674243
26.976,0.09704659608251962
26.978,0.03150936083430389
26.98,0.15548303572426286
26.982,0.004519661268442499
26.984,0.12771834718878972
26.986,0.06373036515355893
26.988,0.00016527579277642035
26.990000000000002,-0.0005632648875627949
26.992,0.08046409419529323
26.994,0.08534248368643418
26.996000000000002,-0.03721915565083375
26.998,0.15882933878391714
27.0,0.022817125393086134
27.002,0.14013719518457182
27.004,0.055588006106352984
27.006,0.0532159727516457
27.008,0.19249953477655551
27.01,0.10583465457721303
27.012,0.14101157363174271
27.014,0.09213131561156794
27.016000000000002,0.09367757898372214
27.018,0.04529717966507366
27.02,0.016132917968336477
27.022000000000002,0.09558978008693415
27.024,0.09473608357779648
27.026,0.09722426442401162
27.028000000000002,0.09775392820992512
27.03,0.0504742717757281
27.032,0.12159186313016221
27.034,0.059757407382518876
27.036,0.082761757763978
27.038,0.07838534585978019
27.04,0.09072588345225205
27.042,0.09749706552201666
27.044,0.08114418492600783
27.046,0.08063396710679649
27.048000000000002,0.10033379381625251
27.05,0.09947920209504388
27.052,0.10031831145736085
27.054000000000002,0.1186363596966355
27.056,0.11650681008103958
27.058,0.1393799387501647
27.060000000000002,0.06940245469016307
27.062,0.05610004592557049
27.064,0.10797056198182708
27.066,0.1692668245805834
27.068,0.1551227441839287
27.07,0.07801772347130372
27.072,0.09443497625449278
27.074,0.0659704207635134
27.076,0.10096926878845146
27.078,0.08616966425204636
27.080000000000002,0.14722520535195133
27.082,0.12983614863018225
27.084,0.18962581120592986
27.086000000000002,0.07422112030543421
27.088,0.16212259745166058
27.09,0.09163983716429236
27.092000000000002,0.06219976901576551
27.094,0.15036202615673444
27.096,0.11283704191746327
27.098,0.13766567371544258
27.1,0.08681147435469273
27.102,0.039502637603128034
27.104,0.10219316217906059
27.106,0.10557313176700016
27.108,0.19251302327845554
27.11,0.07666724701749908
27.112000000000002,0.07697021945789263
27.114,0.05175633520079631
27.116,0.05009368319369079
27.118000000000002,0.07396759168775244
27.12,0.06774042353041339
27.122,0.08899372811038124
27.124000000000002,0.10696831000240581
27.126,0.09450097827813225
27.128,0.06925517756210098
27.13,0.03323518258318133
27.132,0.06061353680277128
27.134,0.034945888964516565
27.136,0.08675561153834731
27.138,0.08755434686461722
27.14,0.17396208999918372
27.142,0.07111373572516771
27.144000000000002,0.07403394106798637
27.146,0.18348527266738485
27.148,0.0765844573924623
27.150000000000002,0.011856102490504047
27.152,0.13093651910141968
27.154,0.0675805697759342
27.156,-0.00886324194490025
27.158,0.007597265018390462
27.16,0.12458889624820994
27.162,0.12324028117633919
27.164,0.04538888970176541
27.166,0.21456900142401544
27.168,0.17348047149724455
27.17,0.29311373905356014
27.172,0.344675177701666
27.174,0.4006562586454324
27.176000000000002,0.5472033732543979
27.178,0.6829365397950963
27.18,0.7021102035010193
27.182000000000002,0.7869090243457187
27.184,0.8966103745001412
27.186,1.0166150253832835
27.188,1.0213598829118324
27.19,1.000978081976267
27.192,1.0833410353286101
27.194,0.9992138286116471
27.196,1.0439220408857581
27.198,1.0240466327133901
27.2,0.940269884865886
27.202,0.9294971840741679
27.204,0.9089481343604653
27.206,0.8326248824279148
27.208000000000002,0.6841584512114177
27.21,0.7112647186098183
27.212,0.4863263133682023
27.214000000000002,0.3933116541918131
27.216,0.33841244896767997
27.218,0.21618458492712525
27.22,0.17762156286059164
27.222,0.06936731903173556
27.224,0.008869135800408792
27.226,0.04930152395658524
27.228,-0.03704067825402213
27.23,-0.12302593031044542
27.232,-0.21130605234611008
27.234,-0.13561875408577828
27.236,-0.18960426733395105
27.238,-0.009656657594335274
27.240000000000002,-0.12523134514777973
27.242,0.057779257293664094
27.244,0.08110389835105927
27.246000000000002,-0.022253413377828404
27.248,0.07550910183558193
27.25,0.011087706588178594
27.252,0.07336559033321312
27.254,-0.016896759738701708
27.256,0.05137181312733767
27.258,0.03858761510443786
27.26,0.15674536550883955
27.262,0.13547803684168006
27.264,0.1451798847481732
27.266000000000002,0.20065852274482213
27.268,0.27507083233512375
27.27,0.25957630256279185
27.272000000000002,0.20072738399088494
27.274,0.162891706590692
27.276,0.24861917349240453
27.278000000000002,0.31905862630832
27.28,0.24374735054092136
27.282,0.31339258613165466
27.284,0.2135640199503901
27.286,0.21806580603364628
27.288,0.08049862555034415
27.29,0.14854175104951092
27.292,0.09667238611540296
27.294,0.14127318400742664
27.296,0.13426791325518628
27.298000000000002,0.1505917286758483
27.3,0.13379257495364744
27.302,0.14249210951364755
27.304000000000002,0.12168039809468015
27.306,0.16889542619867165
27.308,0.17894935313912838
27.310000000000002,0.07353700179981676
27.312,0.12209105767207476
27.314,0.07570692460823433
27.316,0.19536603676790334
27.318,0.07203026327658185
27.32,0.168370898716308
27.322,0.1327349994012768
27.324,0.2004636860823561
27.326,0.24598623004472764
27.328,0.17435857595369522
27.330000000000002,0.1731281359239189
27.332,0.16730567615179207
27.334,0.12452616914318856
27.336000000000002,0.13656127690642797
27.338,0.22529302243898836
27.34,0.14280786151983554
27.342000000000002,0.22287337700879323
27.344,0.20504517797925037
27.346,0.24517102789248885
27.348,0.19206920669558342
27.35,0.2149233763084962
27.352,0.30282676286018917
27.354,0.20009433549091116
27.356,0.2119981574356835
27.358,0.288227630870879
27.36,0.2090874152612711
27.362000000000002,0.29121839298034663
27.364,0.3156436975240713
27.366,0.2656265798324038
27.368000000000002,0.2765518441299721
27.37,0.25713546555030364
27.372,0.17047839931651101
27.374000000000002,0.22470322583705218
27.376,0.21382619289408472
27.378,0.27324939582410324
27.38,0.1973187120697516
27.382,0.25861440480197373
27.384,0.3253561949600291
27.386,0.22588122718978915
27.388,0.3849163805135335
27.39,0.27914955464348606
27.392,0.27884465615505233
27.394000000000002,0.2546114809283447
27.396,0.21050323952512418
27.398,0.22871689161382341
27.400000000000002,0.28411211134459635
27.402,0.2411474947828381
27.404,0.29173106370127505
27.406,0.41200686494362976
27.408,0.2957686894149558
27.41,0.3058205877067869
27.412,0.24134876546224043
27.414,0.28261308207292224
27.416,0.2279639582414109
27.418,0.1983738768598412
27.42,0.2460747022136913
27.422,0.22466146581136362
27.424,0.20905337404902044
27.426000000000002,0.34645641858613335
27.428,0.22405989682990973
27.43,0.2533520621695104
27.432000000000002,0.23918920072641411
27.434,0.2574104553888091
27.436,0.16673366167862566
27.438,0.22610416858890828
27.44,0.2040736573891028
27.442,0.20735477698897573
27.444,0.35723570194929927
27.446,0.24118110938491194
27.448,0.19837009529203786
27.45,0.22080234494148934
27.452,0.1399855597927548
27.454,0.2510784233173871
27.456,0.25402241959831645
27.458000000000002,0.24078909736047444
27.46,0.15791009964719036
27.462,0.23831982908236807
27.464000000000002,0.23674039211669418
27.466,0.2383503677690868
27.468,0.16178887611425496
27.47,0.21601192915613454
27.472,0.14443660247581702
27.474,0.17629577019672338
27.476,0.07601715705640175
27.478,0.1735326427681296
27.48,0.141785541864668
27.482,0.18860874175691117
27.484,0.1543027690584241
27.486,0.1485864711754535
27.488,0.1861508541577801
27.490000000000002,0.1590187185413442
27.492,0.21221576391975286
27.494,0.12102741374439233
27.496000000000002,0.054682758821951075
27.498,0.14878864870910577
27.5,0.12503445001140132
27.502,0.10829608583024884
27.504,0.08694358066622725
27.506,0.08974554806655985
27.508,0.20270225553045756
27.51,0.08058909153367255
27.512,0.09274372044105417
27.514,0.08206802485635273
27.516000000000002,0.02449507713894502
27.518,0.09996311285020323
27.52,0.13672894502539634
27.522000000000002,0.10964467535404133
27.524,0.11098291843323942
27.526,0.21683364654123446
27.528000000000002,0.1049442410118274
27.53,0.02810962426506451
27.532,-0.005405843376437708
27.534,0.02705358329934851
27.536,0.05808643705831085
27.538,0.1398769173587791
27.54,0.03793869075473177
27.542,0.16432129608174295
27.544,0.1340746424884086
27.546,0.1168972374213685
27.548000000000002,0.053134342433091675
27.55,0.02259562518590521
27.552,0.07153107923107085
27.554000000000002,0.05976908790478886
27.556,0.03733637746917557
27.558,0.05290566807025074
27.560000000000002,0.1301441386270541
27.562,0.12818053757322131
27.564,-0.012117848188461053
27.566,0.10294287260476954
27.568,0.03509263130926916
27.57,0.11542806688424528
27.572,0.1455162452275848
27.574,0.05380917088998183
27.576,0.0035158183440552188
27.578,0.004781480891428491
27.580000000000002,0.06354887148115582
27.582,0.12288361515325401
27.584,0.09522047823520469
27.586000000000002,0.02681787894416656
27.588,0.08529338986649936
27.59,0.037791417289218934
27.592000000000002,-0.04818933126584289
27.594,-0.029969516081974013
27.596,0.0189275312969171
27.598,0.024652075498594505
27.6,0.1301801207133642
27.602,0.0780116506502867
27.604,0.10215014272633097
27.606,0.08394781064576064
27.608,0.014680967174675208
27.61,0.000697623463725143
27.612000000000002,0.031145542480920045
27.614,0.03990795174463391
27.616,0.0685568923067614
27.618000000000002,0.00837197332524732
27.62,0.08990945884665087
27.622,0.09346767254192484
27.624000000000002,0.08049875342209445
27.626,-0.044786452205518454
27.628,0.10908954221853592
27.63,0.06664996314530783
27.632,0.06368484387581513
27.634,0.05020254638164139
27.636,-0.019913801698409735
27.638,0.034118993561749876
27.64,0.10254876587111891
27.642,0.14467834346911418
27.644000000000002,0.06507107981765682
27.646,0.10347104155342962
27.648,0.026657830199649936
27.650000000000002,0.03908440022668818
27.652,0.0549305481633572
27.654,-0.015997077085968855
27.656,0.019504585456568288
27.658,-0.0005735110541921981
27.66,0.09578678264510068
27.662,0.004605981831981021
27.664,0.03554613298308067
27.666,0.09682292331241432
27.668,0.023710176236123752
27.67,0.03324652311435976
27.672,-0.010831240160351904
27.674,0.03162458382303399
27.676000000000002,0.08350377973256212
27.678,0.025482614071352314
27.68,0.13711657862644988
27.682000000000002,0.06887106406863594
27.684,0.11490238111160761
27.686,0.19400491188212102
27.688,0.15809584608546418
27.69,0.19013404871302508
27.692,0.18404418422023025
27.694,0.3039276918419635
27.696,0.22396988562368209
27.698,0.15882469381132097
27.7,0.1319989729394522
27.702,0.21877161868627018
27.704,0.1527441639588226
27.706,0.14799016560968647
27.708000000000002,0.07062278821544386
27.71,0.012459267859344744
27.712,0.12040560675372107
27.714000000000002,0.02263010769284646
27.716,0.10009137716433361
27.718,0.061142900617240994
27.72,-0.0664841437411397
27.722,-0.004737355910742275
27.724,0.05121153503121997
27.726,-0.009775027196597577
27.728,-0.0655746582488253
27.73,0.049498124446548185
27.732,0.016159706841919304
27.734,-0.02988912378558859
27.736,0.031335760954380565
27.738,0.018633115191069655
27.740000000000002,0.08384787124461604
27.742,-0.00962237624463752
27.744,0.059471557840393034
27.746000000000002,0.052653965576576776
27.748,0.026326503786400737
27.75,-0.016775627118852256
27.752,-0.01578715887979701
27.754,0.07145872756244202
27.756,-0.018521130235205262
27.758,0.03670243136372522
27.76,0.018214326891427452
27.762,0.10556419374669618
27.764,0.04531105422011672
27.766000000000002,0.06919919789181753
27.768,0.07134331504718273
27.77,0.07541997417270482
27.772000000000002,0.0759375469925355
27.774,0.017472422653035842
27.776,0.042177167200860795
27.778000000000002,0.04188859114199714
27.78,0.07664052154758934
27.782,0.06996001750426142
27.784,0.1333218247252725
27.786,0.0070915511186172425
27.788,0.003117224080039123
27.79,-0.009523837604975362
27.792,-0.08119592219155397
27.794,0.01564877120817579
27.796,-0.016569955161929786
27.798000000000002,0.04763812601844855
27.8,-0.0024339420216068636
27.802,0.08622120184152536
27.804000000000002,0.0652714853450805
27.806,0.09680387475244545
27.808,0.040386689482940226
27.810000000000002,0.030655019469422947
27.812,0.05691808568732768
27.814,-0.012655673001204286
27.816,-0.026937503504390132
27.818,-0.024422519391404066
27.82,-0.018147485975697174
27.822,-0.007995199919790794
27.824,0.029620621548320708
27.826,0.07967728940606769
27.828,0.05947872586336817
27.830000000000002,0.05045453038868353
27.832,-0.04845902025083598
27.834,0.052167560390640424
27.836000000000002,0.08402705716981806
27.838,0.017131334839326086
27.84,-0.06660131559923897
27.842000000000002,0.03556093166422476
27.844,0.07554991924423535
27.846,0.05105090142236945
27.848,0.05132575632648976
27.85,0.08071047883551222
27.852,0.10008414925240525
27.854,0.044624234510439925
27.856,0.049981155196037824
27.858,0.009779345493758553
27.86,0.034269852878116895
27.862000000000002,0.05144920969753536
27.864,0.00829431793325755
27.866,0.059153202097667446
27.868000000000002,0.0906372652853146
27.87,0.1424374725954324
27.872,0.06438799852648203
27.874000000000002,0.10079046763541274
27.876,0.02702804531496228
27.878,0.01007998187243185
27.88,0.15289279321610502
27.882,0.06918069550166847
27.884,0.08371995061910262
27.886,0.056657443593575205
27.888,0.04163622477461329
27.89,0.049404951614124525
27.892,-0.028806778810712627
27.894000000000002,0.047604092772863635
27.896,0.10641316418604468
27.898,0.0021319323403253057
27.900000000000002,0.09601869414175215
27.902,-0.016577424920424744
27.904,0.0019442164873082757
27.906,0.10727932797159934
27.908,0.06977954132591907
27.91,0.06012229268551381
27.912,0.06342506988607899
27.914,-0.03926007744651845
27.916,-0.012170217067152933
27.918,0.11632830347216383
27.92,-0.015491880443445759
27.922,0.09768109734275249
27.924,0.014307322362132044
27.926000000000002,0.017046068314978353
27.928,-0.017076739808694355
27.93,-0.01629214168258157
27.932000000000002,0.05631483863349661
27.934,0.03987045558806965
27.936,-0.05129454854146648
27.938,0.022266415420551588
27.94,-0.03468584097463553
27.942,0.030935436923317454
27.944,0.14148120004594
27.946,0.08110194523509204
27.948,0.11595159157553567
27.95,0.23711350012165064
27.952,0.31703325156888573
27.954,0.42878518880549754
27.956,0.4766045741682338
27.958000000000002,0.5334442030555975
27.96,0.7284639050355476
27.962,0.8157664624702712
27.964000000000002,0.7654099564639539
27.966,0.939621056038999
27.968,0.9688718495586881
27.97,1.0338253046741877
27.972,0.9531972588492906
27.974,1.0253694595507765
27.976,0.9559333757768912
27.978,0.9225447309433132
27.98,0.9405597220218785
27.982,0.8773945423765056
27.984,0.7851248930992732
27.986,0.7547045034367869
27.988,0.5397730864070477
27.990000000000002,0.43170537330774367
27.992,0.3522911598435607
27.994,0.34481805932305254
27.996000000000002,0.16431946633266054
27.998,0.06751056647394071
28.0,-0.01774771996336682
28.002,-0.004453028948757064
28.004,-0.12679517562989082
28.006,-0.12107512007997907
28.008,-0.11485822156563422
28.01,-0.1803244862153507
28.012,-0.1449164273791244
28.014,-0.1997100211545331
28.016000000000002,-0.17873165962761234
28.018,-0.09035235234531863
28.02,-0.19838023502240748
28.022000000000002,-0.10001710048894556
28.024,0.023851538508203443
28.026,0.007790420562243189
28.028000000000002,-0.04511853846334306
28.03,0.08019441562273627
28.032,0.030954004733586456
28.034,-0.03660870675142219
28.036,-0.019327326820864296
28.038,-0.04401752189109905
28.04,0.109436623859315
28.042,0.08401563194819303
28.044,0.014961428385513446
28.046,-0.05599199331157842
28.048000000000002,-0.042467671829853657
28.05,0.003998069661850581
28.052,0.013052572486962585
28.054000000000002,0.022244302169186173
28.056,0.012275573117213126
28.058,0.07679791854707604
28.060000000000002,0.019821093314239077
28.062,0.05388034698688515
28.064,0.029526085534223354
28.066,0.037400896664458554
28.068,0.07005839341641838
28.07,0.07632445220816667
28.072,0.02227752782633069
28.074,0.022641045143192956
28.076,-0.032066607603049455
28.078,0.07260374992933424
28.080000000000002,0.053328596648558824
28.082,0.017983255757554308
28.084,0.06401480191507933
28.086000000000002,0.12557843791754342
28.088,0.08551340623390445
28.09,0.03867086596798759
28.092000000000002,0.11975951145967961
28.094,0.033019494738760986
28.096,0.1328154601308546
28.098,0.13582248891859786
28.1,0.08907420493853091
28.102,0.2905165602692914
28.104,0.20899276467564162
28.106,0.24567547325203024
28.108,0.20734619073196903
28.11,0.21272949484267356
28.112000000000002,0.2505403158931172
28.114,0.19101917757143103
28.116,0.28212495413126487
28.118000000000002,0.2078036676729737
28.12,0.25447743953220364
28.122,0.18389013860929598
28.124000000000002,0.16529778414359045
28.126,0.23389187360975364
28.128,0.15182500801417642
28.13,0.1389083491937709
28.132,0.2403011056090032
28.134,0.11290240299532593
28.136,0.1267927297455199
28.138,0.1296902295428037
28.14,0.07220739718557062
28.142,0.11673740336971937
28.144000000000002,0.16744274881211763
28.146,0.15991914658410888
28.148,0.1875418929761693
28.150000000000002,0.15642741252561637
28.152,0.14072819992155575
28.154,0.1669683940287575
28.156000000000002,0.1499947774091398
28.158,0.04366472709179538
28.16,0.16152247133131198
28.162,0.2408533908094587
28.164,0.15072508041240892
28.166,0.17694048599531215
28.168,0.19334845782501725
28.17,0.15434077300019225
28.172,0.14177650320187835
28.174,0.09634033963692401
28.176000000000002,0.11737576408523057
28.178,0.10587516856717186
28.18,0.27430900664720925
28.182000000000002,0.10069940642031885
28.184,0.19681813602853881
28.186,0.19571338260477303
28.188,0.18554026938771892
28.19,0.11238758868386087
28.192,0.17684774051403201
28.194,0.0847702913902326
28.196,0.22111506491273364
28.198,0.1842541863171661
28.2,0.125662356027098
28.202,0.22551298306150025
28.204,0.17476287433400856
28.206,0.06803279978066014
28.208000000000002,0.13676814737777462
28.21,0.14654236833746453
28.212,0.10340441546475153
28.214000000000002,0.09261665882677086
28.216,0.2287679409778285
28.218,0.12358629508417589
28.22,0.05000572087771692
28.222,0.08783405649242525
28.224,0.07519986610265905
28.226,0.09748888520334459
28.228,0.17799300400500487
28.23,0.06097145887530295
28.232,0.08151958653593189
28.234,0.06113049593613813
28.236,0.076960802069688
28.238,0.091661933664857
28.240000000000002,0.026148611758732808
28.242,0.046668508781978105
28.244,0.055513265038641624
28.246000000000002,0.10674095046305017
28.248,0.10962957528614913
28.25,0.016395192779243332
28.252,0.10613293167861565
28.254,0.042943859277125455
28.256,0.02059126960092145
28.258,0.019885159568896964
28.26,0.07130926253725903
28.262,0.10893313501740791
28.264,0.13637279642879765
28.266000000000002,0.05237319051408176
28.268,0.053019267862171086
28.27,0.0700424432063762
28.272000000000002,-0.017539671309238506
28.274,-0.02014875578027128
28.276,-0.020611417835116545
28.278000000000002,0.01912793101535349
28.28,0.036486848395142074
28.282,-0.013147844093881977
28.284,0.014838836963359182
28.286,0.037362789260655595
28.288,0.045425796462686616
28.29,0.014803666980766886
28.292,0.0381654231134021
28.294,0.0414940309502714
28.296,-0.01832890968269378
28.298000000000002,-0.038070199079788015
28.3,-0.04760005701575141
28.302,0.013582376747317357
28.304000000000002,0.041486190361304236
28.306,0.05728714043374318
28.308,0.02990351041629058
28.310000000000002,0.0132226377205545
28.312,0.013557978980936079
28.314,-0.06885884546236372
28.316,0.014781995340755062
28.318,-0.055508485581837075
28.32,0.007705415189259136
28.322,-0.026146662293327887
28.324,-0.08386864303706926
28.326,-0.0050655757704823594
28.328,-0.0672949577082689
28.330000000000002,-0.05722922415495879
28.332,-0.07368332415579495
28.334,-0.07654626193478861
28.336000000000002,-0.01890104520638907
28.338,-0.029400382800019734
28.34,-0.006822382951727808
28.342000000000002,-0.024802603022019466
28.344,-0.01642414014900863
28.346,-0.009257738603185071
28.348,-0.07789548924934445
28.35,-0.01151969740965423
28.352,-0.007385158479530134
28.354,-0.03145422290887233
28.356,-0.05451468758374117
28.358,0.03808510335588949
28.36,-0.00855638796470259
28.362000000000002,-0.059007428158702004
28.364,-0.059963850857464945
28.366,-0.001535827200520045
28.368000000000002,-0.03413912714146859
28.37,-0.04395983925609284
28.372,-0.09970377122007057
28.374000000000002,-0.08906402634665442
28.376,-0.07094546002726826
28.378,-0.08574787572520808
28.38,-0.04517401643142509
28.382,-0.06498915926661465
28.384,0.017090821249377948
28.386,-0.022307158663692445
28.388,-0.05826234830265281
28.39,-0.05717596164855746
28.392,-0.04674914029145447
28.394000000000002,0.04038207306136324
28.396,-0.08948753342638281
28.398,-0.04041402053117916
28.400000000000002,-0.1312208049241413
28.402,-0.09400134246781705
28.404,-0.04931458394605685
28.406000000000002,-0.11453177028888611
28.408,-0.012999338400984974
28.41,-0.09435052439073471
28.412,-0.05969666229343527
28.414,-0.059033163845059244
28.416,-0.04565676330111073
28.418,-0.08503330164590645
28.42,-0.026208154896149763
28.422,-0.07073101124534245
28.424,0.029315740095208126
28.426000000000002,-0.043568698930952075
28.428,-0.02235568990766453
28.43,-0.05516074217415577
28.432000000000002,-0.07782573454389022
28.434,-0.10721763031420212
28.436,-0.0986934815556058
28.438,-0.07502469217072179
28.44,-0.023952842031587714
28.442,-0.07543135857043076
28.444,-0.028479012035784367
28.446,-0.035178751589817966
28.448,-0.02173661008425607
28.45,-0.0771154903385985
28.452,0.022988775634615266
28.454,-0.1313357039406007
28.456,-0.033956544334501376
28.458000000000002,-0.052062897579440284
28.46,-0.0327947038580524
28.462,-0.0020219607669092476
28.464000000000002,-0.0870259105035101
28.466,-0.023223968940634058
28.468,-0.03382338271526831
28.47,-0.12873655303574597
28.472,-0.02545029822300656
28.474,-0.08726535067450417
28.476,-0.11016974896590809
28.478,-0.1601021047625979
28.48,-0.08257125733893995
28.482,-0.0859300842876273
28.484,-0.12381828823167981
28.486,-0.1257691396189107
28.488,-0.07944032112278142
28.490000000000002,0.04175625645121797
28.492,-0.0876226127634353
28.494,-0.18210267799806223
28.496000000000002,-0.06386954165251232
28.498,-0.08969681700412474
28.5,-0.11581873894044614
28.502,-0.0006948712697409098
28.504,-0.01969100791189718
28.506,-0.12723998795293948
28.508,-0.05036794889568268
28.51,-0.07230532719385527
28.512,-0.010466135859549721
28.514,-0.061214379563389196
28.516000000000002,0.024285052978325453
28.518,0.05301340566833896
28.52,0.07374524121398993
28.522000000000002,0.07208673615123791
28.524,0.09292241875218299
28.526,0.06078747487490472
28.528000000000002,0.16476706495624485
28.53,0.10113876431042278
28.532,-0.03714148897055333
28.534,-0.004989366084406081
28.536,-0.024760317695830127
28.538,-0.1111874777817202
28.54,-0.04590518760879675
28.542,-0.006260355419711816
28.544,-0.057489481353401754
28.546,-0.07300541728820331
28.548000000000002,-0.032569459917512755
28.55,0.0009030016647061101
28.552,-0.06664207643610683
28.554000000000002,-0.08161624021566763
28.556,-0.12242168627573886
28.558,-0.1543561920478989
28.560000000000002,-0.08020968886462532
28.562,-0.09425873605092548
28.564,-0.12955553312049292
28.566,-0.08725822988275449
28.568,-0.08005577857884438
28.57,-0.07162123779061724
28.572,-0.04851025297060901
28.574,0.0307199301631092
28.576,-0.21265644362203673
28.578,-0.1185483562642804
28.580000000000002,-0.12304282102299946
28.582,-0.020837219010117772
28.584,-0.02449501010350963
28.586000000000002,-0.11046092548533143
28.588,-0.005903675735421415
28.59,-0.06867971959862619
28.592000000000002,0.004471202498426294
28.594,-0.13282856021294878
28.596,-0.13835792453385895
28.598,-0.12197741667171325
28.6,-0.10613091530887026
28.602,-0.02011016226464806
28.604,-0.05148981129238643
28.606,-0.12222593536106979
28.608,-0.07975196764396723
28.61,-0.16429480384024892
28.612000000000002,-0.1479086483356114
28.614,-0.08342741115551867
28.616,-0.17202979037503907
28.618000000000002,-0.1378219180530223
28.62,-0.021671643124577054
28.622,-0.14009259340983812
28.624000000000002,-0.09005751661454253
28.626,-0.03757126020574879
28.628,0.011402490275404437
28.63,-0.03578917850336918
28.632,-0.1196792835698933
28.634,-0.11700322478777343
28.636,-0.06250813974895227
28.638,-0.04126563534155343
28.64,-0.10868204017293182
28.642,-0.06477068123047414
28.644000000000002,-0.09110748601674898
28.646,0.07621536528318189
28.648,-0.07343813648864421
28.650000000000002,-0.12308296066452991
28.652,-0.1378761110207967
28.654,-0.08545470620294855
28.656000000000002,-0.07892009710501052
28.658,-0.0489570662398621
28.66,-0.10233650067342114
28.662,-0.08999489343445259
28.664,-0.096047149677216
28.666,-0.06978907012876383
28.668,0.02418072401270467
28.67,-0.09376535621189869
28.672,-0.055951018896569664
28.674,-0.06820565328203806
28.676000000000002,-0.07537067864842333
28.678,-0.09833049879049842
28.68,-0.05828275392008795
28.682000000000002,0.03139232705218088
28.684,-0.13058372262985957
28.686,-0.08330390723097547
28.688,-0.0029164725045135176
28.69,-0.07550632033493376
28.692,-0.1329435854698392
28.694,-0.06296765621413705
28.696,-0.1673947370429304
28.698,-0.10550700368245122
28.7,-0.09486327628579355
28.702,-0.06514080411270695
28.704,-0.05096884142960595
28.706,-0.06266542770509055
28.708000000000002,-0.032736675378863996
28.71,-0.02830840635583422
28.712,-0.01119420968727207
28.714000000000002,-0.13141577430499632
28.716,-0.05842965156110327
28.718,-0.062187008735317004
28.72,-0.03663272346362758
28.722,-0.022261478098476225
28.724,-0.007340793955042051
28.726,0.02214098701766095
28.728,0.10007168535759173
28.73,0.23899934311384566
28.732,0.2813972915240057
28.734,0.31614740956731824
28.736,0.3885759505646715
28.738,0.5092344368964463
28.740000000000002,0.6204849676080325
28.742,0.6754911493980037
28.744,0.8207454852979952
28.746000000000002,0.7883200112983698
28.748,0.883643918572735
28.75,0.9169003679670134
28.752,0.9764032817996577
28.754,0.9796949566844855
28.756,0.9102063303357346
28.758,0.7891306795451752
28.76,0.9233433008709987
28.762,0.7001240615977661
28.764,0.6452607399771945
28.766000000000002,0.6117091121892857
28.768,0.3515037074845449
28.77,0.3875719383692048
28.772000000000002,0.36203124935851944
28.774,0.1694321324113534
28.776,0.07120659165846246
28.778000000000002,0.03956362284250853
28.78,-0.017855677078590496
28.782,-0.04487366744847508
28.784,-0.13632938051136967
28.786,-0.26267009105814587
28.788,-0.19883718608215792
28.79,-0.2565627653263518
28.792,-0.3210366407353436
28.794,-0.22399114647743434
28.796,-0.26120349843577845
28.798000000000002,-0.183824651153346
28.8,-0.2328305981983703
28.802,-0.2123268186810324
28.804000000000002,-0.08311549959172365
28.806,-0.1436020430923493
28.808,-0.15954451299518688
28.810000000000002,-0.10110312506061692
28.812,-0.06914351442332489
28.814,-0.16055975459784289
28.816,-0.1646817542282003
28.818,-0.14549455666779681
28.82,-0.01501893016774869
28.822,-0.07801854421341857
28.824,-0.20354478911991042
28.826,-0.11908131622861537
28.828,-0.07865072978917594
28.830000000000002,-0.07338457104129861
28.832,-0.09526955017760251
28.834,-0.12216051472522538
28.836000000000002,-0.06186563779084727
28.838,-0.10616492062673363
28.84,-0.07348947558172098
28.842000000000002,-0.07476226470507571
28.844,-0.006034927026996956
28.846,-0.035534864183206186
28.848,-0.0004945699217456939
28.85,-0.07535390336096921
28.852,-0.047385583043601215
28.854,-0.01400152637186848
28.856,-0.16742566188450114
28.858,-0.06184662531760378
28.86,0.011730435592178255
28.862000000000002,-0.08931816534664397
28.864,-0.03687800365337918
28.866,0.024772292422868065
28.868000000000002,-0.037254995250434825
28.87,0.10046207891132392
28.872,0.013260578052530704
28.874000000000002,-0.018066303171412317
28.876,0.012465903203813383
28.878,-0.041284687325770404
28.88,0.006907156189328658
28.882,0.06994430812430846
28.884,0.020717523897967112
28.886,0.017583820837092888
28.888,-0.028719784269307873
28.89,-0.06787056790743397
28.892,-0.021101002004936836
28.894000000000002,-0.020943620916072794
28.896,0.06436712797925562
28.898,-0.05744143175137197
28.900000000000002,0.013096855530536002
28.902,0.1272670179407915
28.904,0.025217875348347393
28.906000000000002,0.09042353511717005
28.908,0.09790565797288772
28.91,0.0381083080325972
28.912,-0.025658500504727896
28.914,0.05013782940276296
28.916,0.008253538851796732
28.918,-0.026584636543425223
28.92,0.072827096079838
28.922,0.03379349850054711
28.924,0.13299789976329887
28.926000000000002,0.07222684432592649
28.928,0.16777861822601597
28.93,0.10283236617454482
28.932000000000002,0.16659335055738428
28.934,0.23614515892011065
28.936,0.2160272112519694
28.938,0.1969312974090432
28.94,0.2246285063246219
28.942,0.267807800599611
28.944,0.270847237047571
28.946,0.2507535182638856
28.948,0.2083991625912946
28.95,0.21510605787906897
28.952,0.20790874388194053
28.954,0.1390434443285034
28.956,0.09249238907693154
28.958000000000002,0.08693626337697156
28.96,0.0644990761130117
28.962,0.10033834012456162
28.964000000000002,0.15622966179600903
28.966,0.017037905700510156
28.968,0.026493129005042172
28.97,0.11362373370783835
28.972,0.016252607225402383
28.974,-0.02792134736677056
28.976,0.01201284696591638
28.978,0.010594046283214262
28.98,0.08182300353354896
28.982,-0.029234643865198258
28.984,0.016157780605577265
28.986,0.08461138918542065
28.988,-0.013148624828291537
28.990000000000002,0.11915067702680943
28.992,0.03438230482242866
28.994,0.04179521092716253
28.996000000000002,-0.03230174427807941
28.998,-0.08106115540126424
29.0,0.04752611450138318
29.002,0.014582585338123401
29.004,0.08208581030818793
29.006,0.029903721685895238
29.008,-0.012803558023783175
29.01,-0.013920032890547536
29.012,0.004075544580667613
29.014,0.034909877952787084
29.016000000000002,0.041202250479312356
29.018,-0.04496162947639684
29.02,0.009305001595336988
29.022000000000002,0.0680243336418666
29.024,-0.03414562505257439
29.026,-0.049346866126393774
29.028000000000002,0.007646884234635838
29.03,-0.08571212904327685
29.032,-0.0995861963056395
29.034,0.009868845170047394
29.036,-0.1571321496632953
29.038,-0.02945306000360476
29.04,-0.1057747850639878
29.042,-0.10519441237756783
29.044,0.04371700023273595
29.046,-0.09713575619706363
29.048000000000002,-0.046554539718620745
29.05,-0.05310641318482222
29.052,-0.06654364359276911
29.054000000000002,-0.018495180211777304
29.056,-0.11349707161755561
29.058,-0.09547794570440897
29.060000000000002,-0.0749382758340109
29.062,-0.04744335384323958
29.064,-0.104186732309674
29.066,-0.10146132995773276
29.068,-0.06921727358650269
29.07,-0.11260420922706463
29.072,-0.06573241716791244
29.074,-0.07764318019876695
29.076,-0.0769551593898056
29.078,-0.05581687642879471
29.080000000000002,-0.1724968156909773
29.082,-0.08563944391483398
29.084,-0.057665631096469286
29.086000000000002,-0.1638902622163787
29.088,-0.15603879831342926
29.09,-0.09670753111098732
29.092000000000002,-0.12670666737339392
29.094,-0.15328877487232886
29.096,-0.19701412073123745
29.098,-0.16915498418417127
29.1,-0.1208567288972943
29.102,-0.09476886359587251
29.104,-0.08239689973821872
29.106,0.00569220358994435
29.108,-0.08245073342298202
29.11,-0.07255071029445995
29.112000000000002,-0.13888260139517802
29.114,-0.1519949694448246
29.116,-0.11033008292840141
29.118000000000002,-0.11335021943604238
29.12,-0.1634232908586763
29.122,-0.1331875234423503
29.124000000000002,-0.020511106868862733
29.126,-0.1341022447659939
29.128,-0.013946202105189515
29.13,-0.12782320480409792
29.132,-0.11325904009827156
29.134,-0.20904428959389051
29.136,-0.13263713261292617
29.138,-0.021258899746326457
29.14,-0.012766309743291376
29.142,-0.09021080159209459
29.144000000000002,-0.03116220483691997
29.146,-0.0896810379921236
29.148,-0.06412328403378276
29.150000000000002,-0.11549178035439919
29.152,-0.055055726162645174
29.154,-0.11796996147882705
29.156000000000002,-0.11270749583242298
29.158,-0.0994551417050313
29.16,-0.15209487097927127
29.162,-0.12947731973505514
29.164,-0.09001813695056142
29.166,-0.046039361966335436
29.168,-0.10135143186799032
29.17,-0.12717744645699475
29.172,-0.10238374027142114
29.174,-0.07638057074077251
29.176000000000002,-0.1623401750601187
29.178,-0.18926607881037652
29.18,-0.07936042018495726
29.182000000000002,-0.09410178162376977
29.184,-0.10129263115141607
29.186,-0.06216902674439169
29.188,-0.11782063395869823
29.19,-0.09078224248617826
29.192,-0.1028579745782667
29.194,-0.11388947697403323
29.196,-0.06425359136402518
29.198,-0.09791701732926951
29.2,-0.17366807138209853
29.202,-0.1163671239204411
29.204,-0.12497049123033561
29.206,-0.15488561641181642
29.208000000000002,-0.11930027054370934
29.21,-0.04250329104193437
29.212,-0.1760565092275832
29.214000000000002,-0.11155752913082632
29.216,-0.16342604884754977
29.218,-0.20238396494381827
29.22,-0.1284780944694305
29.222,-0.050836252461151865
29.224,-0.09686047876972126
29.226,-0.09071134748635304
29.228,-0.10707555740505015
29.23,-0.09404306491765167
29.232,-0.19362837414295292
29.234,-0.20608281291345923
29.236,-0.1701064083353422
29.238,-0.08583395050422794
29.240000000000002,-0.11864615858695846
29.242,-0.03524331582716057
29.244,-0.060490869230845054
29.246000000000002,-0.09617976187814398
29.248,-0.12163432456354674
29.25,-0.13741112935469788
29.252,-0.16902069990977028
29.254,-0.18128032873916183
29.256,-0.16795750731585962
29.258,-0.2090729703685556
29.26,-0.12982140704953635
29.262,-0.19870904429747976
29.264,-0.1145332437102077
29.266000000000002,-0.10930316186293647
29.268,-0.09097295345811693
29.27,-0.09415436205440908
29.272000000000002,-0.13978864486459533
29.274,-0.19975974578590225
29.276,-0.17353766640382298
29.278000000000002,-0.10511841720958265
29.28,-0.16706657329516666
29.282,-0.13422878584531645
29.284,-0.14181912999754467
29.286,-0.15980973037466573
29.288,-0.18563070303874893
29.29,-0.09755417808640303
29.292,-0.07977115898502898
29.294,-0.14853440736070508
29.296,-0.13168728070033434
29.298000000000002,-0.13215084705894328
29.3,-0.0841081487610564
29.302,-0.1843829683002524
29.304000000000002,-0.13561446873809319
29.306,-0.060511774073606674
29.308,-0.13302746898513393
29.310000000000002,-0.18254807224780498
29.312,-0.2215694230655031
29.314,-0.16438606893840413
29.316,-0.10963533679735517
29.318,-0.1927679244878272
29.32,-0.07681436500963093
29.322,-0.08962536755386499
29.324,-0.15856900583629818
29.326,-0.07547202250023664
29.328,-0.11258180500860884
29.330000000000002,-0.15279421580902347
29.332,-0.17830150321606036
29.334,-0.15285252050879905
29.336000000000002,-0.15477141674851883
29.338,-0.1235036900206315
29.34,-0.14002330917006608
29.342000000000002,-0.07423137190426023
29.344,-0.08738043104348706
29.346,-0.050662113366613915
29.348,-0.20628609152025007
29.35,-0.09794197230709262
29.352,-0.19552965848852955
29.354,-0.14794712619289555
29.356,-0.21594361663458841
29.358,-0.19338384957432606
29.36,-0.1333344215374382
29.362000000000002,-0.11258571009915154
29.364,-0.06679166869068057
29.366,-0.0725917198669438
29.368000000000002,-0.04282391726593389
29.37,-0.028785848236790937
29.372,-0.07520105136321165
29.374000000000002,-0.01863853545414463
29.376,0.03939485254074431
29.378,0.0792641408205252
29.38,0.10951142125340976
29.382,0.006312484908725498
29.384,0.00823059288382787
29.386,-0.054549167689896066
29.388,0.03854993732463689
29.39,0.0029500120518572426
29.392,0.014031736314276733
29.394000000000002,-0.07683334633964324
29.396,-0.0543462212884838
29.398,-0.15352449911162908
29.400000000000002,-0.034737704049141296
29.402,-0.16860892743412242
29.404,-0.08939173472828571
29.406000000000002,-0.09269442643466023
29.408,-0.13745752129754416
29.41,-0.1575217495315868
29.412,-0.15161798566919868
29.414,-0.15973897309639348
29.416,-0.17209125290204538
29.418,-0.1841682037254929
29.42,-0.12325256416791966
29.422,-0.1798983292114702
29.424,-0.15482898806506196
29.426000000000002,-0.19412811867336985
29.428,-0.10058622889596604
29.43,-0.1250982787128093
29.432000000000002,-0.14166204894773152
29.434,-0.15436494694328082
29.436,-0.14922231169841102
29.438000000000002,-0.17362032820653878
29.44,-0.10876250789931312
29.442,-0.168091473541082
29.444,-0.11824981379386211
29.446,-0.11595584009087674
29.448,-0.0537492864067136
29.45,-0.10678679232683833
29.452,-0.18313050935696443
29.454,-0.1348891895801717
29.456,-0.16111116623666918
29.458000000000002,-0.20676046856301356
29.46,-0.10521593362361481
29.462,-0.1278472759946021
29.464000000000002,-0.07513212865259916
29.466,-0.1568536608566956
29.468,-0.12024795794727529
29.47,-0.1428596914321722
29.472,-0.14899669431607848
29.474,-0.1957506675756603
29.476,-0.141601439810099
29.478,-0.16810477121336603
29.48,-0.1534172932478095
29.482,-0.09752843799612904
29.484,-0.19534267200979177
29.486,-0.16109316967459766
29.488,-0.12480449459202796
29.490000000000002,-0.17655716782504866
29.492,-0.23557714700279758
29.494,-0.16418081809639917
29.496000000000002,-0.169238271893826
29.498,-0.11421492221612742
29.5,-0.1751878358912879
29.502,-0.044173810807521904
29.504,-0.1203836449633307
29.506,0.039824623451472405
29.508,0.1254285456719288
29.51,0.13198470752792846
29.512,0.25594690436623746
29.514,0.38668816491932756
29.516000000000002,0.40155010704535016
29.518,0.569890213024494
29.52,0.644971454212309
29.522000000000002,0.6972643133100691
29.524,0.8127508216506754
29.526,0.8165848791904874
29.528000000000002,0.8038268271581294
29.53,0.9121512335731572
29.532,0.905388421929681
29.534,0.8366961384889341
29.536,0.8458630490955686
29.538,0.8124774355253114
29.54,0.7529314607680875
29.542,0.7573993402987319
29.544,0.5778692655791436
29.546,0.4496522907822577
29.548000000000002,0.42952548472627683
29.55,0.3259955713562191
29.552,0.2362767585341374
29.554000000000002,0.1183424866915061
29.556,0.037694925072284335
29.558,-0.10358416509056345
29.560000000000002,-0.1378770703077753
29.562,-0.17926522351533744
29.564,-0.2038430202235107
29.566,-0.1882092231751534
29.568,-0.2075167715304248
29.57,-0.20770409090895914
29.572,-0.2528407286768376
29.574,-0.2807038025794513
29.576,-0.29645792220508344
29.578,-0.17053584440003372
29.580000000000002,-0.20206602539690774
29.582,-0.1092178280186386
29.584,-0.05861474387295139
29.586000000000002,-0.101394362696267
29.588,-0.052110071889680996
29.59,-0.09709517437940565
29.592000000000002,-0.08470036124520214
29.594,-0.04473887047534694
29.596,-0.11297259914572241
29.598,-0.10010796244686562
29.6,-0.02484503405450405
29.602,-0.11048517173017731
29.604,-0.07367564769535545
29.606,-0.06161675801927204
29.608,-0.09491850763530818
29.61,-0.10364442602363369
29.612000000000002,-0.02031678890720995
29.614,-0.13132070507751065
29.616,-0.16151364602687002
29.618000000000002,-0.09276933716592103
29.62,-0.08013751836734141
29.622,-0.06304155885910205
29.624000000000002,-0.017356422119249475
29.626,-0.06383984970988746
29.628,-0.07208894821239004
29.63,0.0006674041275427645
29.632,-0.10200937617685171
29.634,-0.12796503518121755
29.636,-0.1272552128987395
29.638,-0.06220694328729656
29.64,-0.015697548465245514
29.642,-0.07938776064397474
29.644000000000002,-0.09329951213766219
29.646,-0.03515617258145954
29.648,0.02313704948087602
29.650000000000002,-0.0762638072483249
29.652,-0.04673526011504272
29.654,-0.11726817444882431
29.656000000000002,-0.06081829970592147
29.658,0.05231182085393515
29.66,0.0036918640154587692
29.662,-0.034390294291031416
29.664,0.01671243921446247
29.666,0.030085949249681773
29.668,0.10210570866788882
29.67,0.11395763433922745
29.672,-0.0060371644439727
29.674,0.03109023514080311
29.676000000000002,0.01396027281184117
29.678,-0.028579996277492734
29.68,0.025717906759061195
29.682000000000002,0.011654861501509139
29.684,0.10076760994825615
29.686,0.045676483033721516
29.688000000000002,0.007437213260818108
29.69,-0.017658118932328097
29.692,0.03820178366074389
29.694,0.12340792804567055
29.696,0.05466021231636979
29.698,-0.0023065546152057984
29.7,0.0461322651044568
29.702,0.13319827386092886
29.704,0.20213623552058663
29.706,0.04696360043814011
29.708000000000002,0.08221087559381383
29.71,0.08828006092714913
29.712,0.13356821009384962
29.714000000000002,0.02599396969383333
29.716,0.059817899324192875
29.718,0.05781848699550733
29.72,0.056241592352584885
29.722,0.1046801798668823
29.724,0.007685280073231812
29.726,0.11838012483658053
29.728,0.11823258562913298
29.73,0.06650393983695962
29.732,0.03399446177984976
29.734,0.008849268323409015
29.736,0.1203359282110922
29.738,0.07692819417358877
29.740000000000002,0.020824304143107417
29.742,0.08874244546875046
29.744,0.08363714329908413
29.746000000000002,-0.0023322021270953674
29.748,0.05852551540224852
29.75,0.11146124993836708
29.752,0.020676568698939562
29.754,0.12130856951039955
29.756,0.09862537066897689
29.758,0.07205435695866025
29.76,0.054937541763051566
29.762,0.13119043067612154
29.764,0.11928188644087151
29.766000000000002,0.14394711248654843
29.768,0.12346712524620827
29.77,0.08042517684327283
29.772000000000002,0.21034717412127762
29.774,0.14367892878060098
29.776,0.1816296901343898
29.778000000000002,0.13318296327832577
29.78,0.16913273844497806
29.782,0.19206284249699307
29.784,0.1968302648193875
29.786,0.17906734802083196
29.788,0.11570930014191425
29.79,0.08648854708633921
29.792,0.09909706007838158
29.794,0.06104859485717705
29.796,0.019922158546266937
29.798000000000002,0.08196388297912795
29.8,-0.03771372608559913
29.802,-0.06385176201813902
29.804000000000002,0.05051739879443272
29.806,0.012822879077591349
29.808,-0.10108672055902272
29.810000000000002,-0.13798188280221885
29.812,-0.13756405458919652
29.814,-0.13430598270721078
29.816,-0.1837808146526027
29.818,-0.03241647021747107
29.82,-0.073106720795382
29.822,-0.035376653982552075
29.824,-0.10504773412243928
29.826,-0.06623460543244326
29.828,-0.05609567211854493
29.830000000000002,0.026167638166943896
29.832,-0.0575512339654152
29.834,-0.07751715532387854
29.836000000000002,-0.14763312653850252
29.838,-0.08749578712896186
29.84,-0.0784639407615142
29.842000000000002,-0.06351682820326546
29.844,-0.07258848706507809
29.846,-0.07673107019600264
29.848,-0.0778746556824952
29.85,-0.090922988454001
29.852,-0.16471784882640622
29.854,-0.06434065902580909
29.856,-0.11380743702789076
29.858,-0.044931232566071934
29.86,-0.10757457267151502
29.862000000000002,0.023077568073641808
29.864,-0.08204141797130185
29.866,-0.04413168909112229
29.868000000000002,-0.08653655046596781
29.87,-0.00564268070246185
29.872,-0.10623699588557999
29.874000000000002,-0.1347564586685361
29.876,-0.09959660511233104
29.878,-0.0705996876532396
29.88,-0.10558144818915033
29.882,-0.041155018509094844
29.884,-0.04455606012404526
29.886,-0.02615108363963646
29.888,-0.06536063902524214
29.89,-0.13947583416388826
29.892,-0.12797425248340566
29.894000000000002,-0.12436765349574228
29.896,-0.056892245667013765
29.898,-0.11402382456631648
29.900000000000002,-0.12351751893972532
29.902,-0.06641105400507086
29.904,-0.0720502926747207
29.906000000000002,-0.04486389521679701
29.908,-0.13959807371699468
29.91,-0.14645605376938767
29.912,-0.13907865156793858
29.914,-0.11182018325323204
29.916,-0.0770744588092129
29.918,-0.025302177353791075
29.92,-0.07350423959556747
29.922,-0.11649457317710304
29.924,-0.022968731467783936
29.926000000000002,-0.12683048564653393
29.928,-0.04939248575976369
29.93,-0.10257399586567183
29.932000000000002,-0.14180355308604153
29.934,-0.1697594676925695
29.936,-0.14191096886389554
29.938000000000002,-0.03698931045832296
29.94,-0.09982869717888312
29.942,0.0011254273021645556
29.944,0.0008259851775149207
29.946,-0.03723465029293477
29.948,-0.16175364158812056
29.95,-0.08207178967098952
29.952,-0.14726386508293532
29.954,-0.04874825609357891
29.956,-0.1053819426165198
29.958000000000002,-0.08059643625100768
29.96,-0.10974206510345438
29.962,-0.04307526899618523
29.964000000000002,-0.0215709961672325
29.966,-0.04835244158857055
29.968,-0.020751169043900487
29.97,-0.09310528613240115
29.972,-0.08104526734292875
29.974,-0.10144270805588701
29.976,-0.09882247922040978
29.978,-0.19913028293805932
29.98,-0.09113725740611756
29.982,-0.004710891932360975
29.984,-0.003793237450247164
29.986,-0.023035275118467678
29.988,-0.007055178067443289
29.990000000000002,-0.049633148417902714
29.992,-0.03146326897336779
29.994,-0.03698963892634487
29.996000000000002,-0.2190681153866794
29.998,-0.0725098277961926
